DATE_ONLY,TIME,CAMPUS,ROOM ID,ROOM EXAM CAPACITY,COURSE ID,ALLOCATED STUDENTS
2025-12-15,07g00,CS1,B1-208,44,MT2013,44
2025-12-15,07g00,CS1,B1-212,38,CO3057,6
2025-12-15,07g00,CS1,B1-212,38,IM3055,16
2025-12-15,07g00,CS1,B1-212,38,MT2013,16
2025-12-15,07g00,CS1,B1-305,38,CO3057,5
2025-12-15,07g00,CS1,B1-306,44,MT2013,44
2025-12-15,07g00,CS1,B1-311,42,MT2009,42
2025-12-15,07g00,CS1,B4-305,42,MT2013,42
2025-12-15,07g00,CS1,B4-306,42,MT2013,42
2025-12-15,07g00,CS1,B4-406,57,MT2013,57
2025-12-15,07g00,CS1,B4-501,42,MT2013,42
2025-12-15,07g00,CS1,B4-502,42,MT2013,42
2025-12-15,07g00,CS1,B4-505,63,MT2013,63
2025-12-15,07g00,CS1,B5-GD,130,MT2013,130
2025-12-15,07g00,CS1,B6-306,42,MT2013,42
2025-12-15,07g00,CS1,C4-301,42,MT2013,42
2025-12-15,07g00,CS1,C4-304,42,MT2013,42
2025-12-15,07g00,CS1,C4-402,42,MT2013,42
2025-12-15,07g00,CS1,C4-403,42,MT2009,42
2025-12-15,07g00,CS1,C4-502,42,MT2013,42
2025-12-15,07g00,CS1,C5-303,42,MT2013,42
2025-12-15,07g00,CS1,C5-401,42,MT2009,42
2025-12-15,07g00,CS1,C5-403,42,MT2013,42
2025-12-15,07g00,CS1,C5-502,42,EE3093,42
2025-12-15,07g00,CS1,C5-503,42,EE3093,24
2025-12-15,07g00,CS1,C5-503,42,MT2009,18
2025-12-15,07g00,CS1,C6-102,50,MT2013,50
2025-12-15,07g00,CS1,C6-103,50,MT2013,50
2025-12-15,07g00,CS1,C6-401,42,CO3057,42
2025-12-15,07g00,CS1,C6-402,42,MT2013,42
2025-12-15,07g00,CS1,C6-403,42,MT2009,42
2025-12-15,07g00,CS2,H1-101,73,MT2013,73
2025-12-15,07g00,CS2,H1-104,73,MT2013,73
2025-12-15,07g00,CS2,H1-204,68,MT2013,68
2025-12-15,07g00,CS2,H1-307,71,MT2013,71
2025-12-15,07g00,CS2,H1-401,66,MT2013,66
2025-12-15,07g00,CS2,H1-404,66,MT2013,66
2025-12-15,07g00,CS2,H2-201,82,MT2013,82
2025-12-15,07g00,CS2,H2-206,82,MT2013,82
2025-12-15,07g00,CS2,H2-207,71,MT2013,71
2025-12-15,07g00,CS2,H2-301,82,MT2013,82
2025-12-15,07g00,CS2,H2-306,82,MT2013,82
2025-12-15,07g00,CS2,H2-401,82,MT2013,82
2025-12-15,07g00,CS2,H2-406,82,MT2013,82
2025-12-15,07g00,CS2,H3-201,75,MT2013,75
2025-12-15,07g00,CS2,H3-301,75,MT2013,75
2025-12-15,07g00,CS2,H3-306,75,MT2013,75
2025-12-15,07g00,CS2,H3-401,75,MT2013,75
2025-12-15,07g00,CS2,H3-406,75,MT2013,75
2025-12-15,07g00,CS2,H3-501,75,MT2013,75
2025-12-15,07g00,CS2,H3-506,75,MT2013,75
2025-12-15,07g00,CS2,H3-606,63,CI4197,20
2025-12-15,07g00,CS2,H3-606,63,IM3055,39
2025-12-15,07g00,CS2,H6-113,68,MT2013,68
2025-12-15,07g00,CS2,H6-201,63,EE3063,10
2025-12-15,07g00,CS2,H6-201,63,EE3093,53
2025-12-15,07g00,CS2,H6-211,66,MT2013,66
2025-12-15,07g00,CS2,H6-305,68,MT2013,68
2025-12-15,07g00,CS2,H6-308,76,MT2013,76
2025-12-15,07g00,CS2,H6-311,71,MT2013,71
2025-12-15,07g00,CS2,H6-412,65,CO3057,64
2025-12-15,07g00,CS2,H6-412,65,EE3093,1
2025-12-15,07g00,CS2,H6-802,63,CI4197,21
2025-12-15,07g00,CS2,H6-802,63,EE3063,42
2025-12-15,07g00,CS2,H6-810,63,IM3055,11
2025-12-15,07g00,CS2,H6-810,63,MT2013,52
2025-12-15,07g00,CS2,H6-811,79,MT2013,79
2025-12-15,07g00,CS2,H6-GD,250,MT2013,250
2025-12-15,07g00,CS2,NTD,300,MT2013,300
2025-12-15,09g30,CS1,B1-208,44,IM3101,27
2025-12-15,09g30,CS1,B1-208,44,MA3145,17
2025-12-15,09g30,CS1,B1-306,44,AS3055,17
2025-12-15,09g30,CS1,B1-306,44,MA2035,18
2025-12-15,09g30,CS1,B1-306,44,TR4073,9
2025-12-15,09g30,CS1,B4-406,57,EE2405,57
2025-12-15,09g30,CS1,B4-501,42,MA3145,6
2025-12-15,09g30,CS1,B4-501,42,MA4185,4
2025-12-15,09g30,CS1,B4-502,42,CH3399,15
2025-12-15,09g30,CS1,B4-502,42,IM1029,7
2025-12-15,09g30,CS1,B4-502,42,MA3153,9
2025-12-15,09g30,CS1,B4-502,42,MA4185,3
2025-12-15,09g30,CS1,B4-502,42,TR4073,8
2025-12-15,09g30,CS1,B4-505,63,IM1029,63
2025-12-15,09g30,CS1,B5-GD,130,EE2405,130
2025-12-15,09g30,CS1,C6-102,50,EE2405,39
2025-12-15,09g30,CS1,C6-102,50,TR4073,11
2025-12-15,09g30,CS1,C6-103,50,IM1029,50
2025-12-15,09g30,CS2,H6-GD,250,CH3399,8
2025-12-15,09g30,CS2,H6-GD,250,CI2043,3
2025-12-15,09g30,CS2,H6-GD,250,EN3025,2
2025-12-15,09g30,CS2,H6-GD,250,IU3017,1
2025-12-15,09g30,CS2,H6-GD,250,MA3031,13
2025-12-15,09g30,CS2,NTD,300,CI3245,13
2025-12-15,09g30,CS2,NTD,300,GE3017,45
2025-12-15,09g30,CS2,NTD,300,IM1029,179
2025-12-15,09g30,CS2,NTD,300,IM4035,51
2025-12-15,09g30,CS2,NTD,300,IU3017,12
2025-12-15,13g00,CS1,B4-406,57,CH3347,20
2025-12-15,13g00,CS1,B4-406,57,CI4161,1
2025-12-15,13g00,CS1,B4-406,57,IM1021,16
2025-12-15,13g00,CS1,B4-406,57,ME4137,17
2025-12-15,13g00,CS1,B4-505,63,CH2035,34
2025-12-15,13g00,CS1,B4-505,63,CI4161,29
2025-12-15,13g00,CS1,B5-GD,130,IM1021,130
2025-12-15,13g00,CS2,H2-201,82,CI3243,82
2025-12-15,13g00,CS2,H2-301,82,CH3347,69
2025-12-15,13g00,CS2,H2-301,82,IM1017,13
2025-12-15,13g00,CS2,H2-306,82,CH2035,56
2025-12-15,13g00,CS2,H2-306,82,IM1017,26
2025-12-15,13g00,CS2,H2-401,82,IM1017,26
2025-12-15,13g00,CS2,H2-401,82,IM1021,12
2025-12-15,13g00,CS2,H2-401,82,ME4137,31
2025-12-15,13g00,CS2,H2-401,82,TR2033,13
2025-12-15,13g00,CS2,H2-406,82,CI3243,1
2025-12-15,13g00,CS2,H6-GD,250,IM1021,250
2025-12-15,13g00,CS2,NTD,300,IM1021,300
2025-12-15,15g30,CS1,B5-GD,130,CO3011,54
2025-12-15,15g30,CS2,NTD,300,CO3011,119
2025-12-16,07g00,CS1,B1-208,44,EE5013,11
2025-12-16,07g00,CS1,B1-208,44,ME5003,14
2025-12-16,07g00,CS1,B1-208,44,MT2007,16
2025-12-16,07g00,CS1,B1-208,44,TR5005,3
2025-12-16,07g00,CS1,B1-306,44,CO3007,8
2025-12-16,07g00,CS1,B1-306,44,TR5005,7
2025-12-16,07g00,CS1,B4-406,57,ME2113,57
2025-12-16,07g00,CS1,B4-505,63,MT2007,63
2025-12-16,07g00,CS1,B5-GD,130,MT2007,130
2025-12-16,07g00,CS1,C6-102,50,CI2135,22
2025-12-16,07g00,CS1,C6-102,50,ME2113,20
2025-12-16,07g00,CS1,C6-102,50,TR5005,8
2025-12-16,07g00,CS1,C6-103,50,CO3007,50
2025-12-16,07g00,CS2,NTD,300,CO3007,212
2025-12-16,07g00,CS2,NTD,300,GE1021,8
2025-12-16,07g00,CS2,NTD,300,MA4119,12
2025-12-16,07g00,CS2,NTD,300,TR4051,20
2025-12-16,09g30,CS1,B4-406,57,CO3059,20
2025-12-16,09g30,CS1,B4-406,57,LA2017,34
2025-12-16,09g30,CS1,B4-406,57,MT1005,3
2025-12-16,09g30,CS1,B4-505,63,LA2017,63
2025-12-16,09g30,CS1,B5-GD,130,MT1005,130
2025-12-16,09g30,CS1,C6-103,50,MT1005,6
2025-12-16,09g30,CS2,H2-201,82,CH4139,21
2025-12-16,09g30,CS2,H2-201,82,CO3059,61
2025-12-16,09g30,CS2,H2-301,82,CH4139,9
2025-12-16,09g30,CS2,H2-301,82,EE3121,27
2025-12-16,09g30,CS2,H2-301,82,MT1005,5
2025-12-16,09g30,CS2,H6-GD,250,MT1005,250
2025-12-16,09g30,CS2,NTD,300,MT1005,300
2025-12-16,13g00,CS1,B1-208,44,SP1033,44
2025-12-16,13g00,CS1,B1-306,44,SP1033,44
2025-12-16,13g00,CS1,B4-406,57,SP1033,57
2025-12-16,13g00,CS1,B4-501,42,SP1033,42
2025-12-16,13g00,CS1,B4-502,42,CO3017,42
2025-12-16,13g00,CS1,B4-505,63,SP1033,63
2025-12-16,13g00,CS1,B5-GD,130,SP1033,130
2025-12-16,13g00,CS1,B6-306,42,CO3017,30
2025-12-16,13g00,CS1,B6-306,42,SP1033,12
2025-12-16,13g00,CS1,C4-502,42,SP1033,2
2025-12-16,13g00,CS1,C6-102,50,SP1033,50
2025-12-16,13g00,CS1,C6-103,50,SP1033,50
2025-12-16,13g00,CS2,H2-201,82,SP1033,82
2025-12-16,13g00,CS2,H2-206,82,CO3017,82
2025-12-16,13g00,CS2,H2-301,82,SP1033,82
2025-12-16,13g00,CS2,H2-306,82,SP1033,82
2025-12-16,13g00,CS2,H2-401,82,SP1033,82
2025-12-16,13g00,CS2,H2-406,82,SP1033,82
2025-12-16,13g00,CS2,H3-301,75,CI2145,11
2025-12-16,13g00,CS2,H3-301,75,CO3017,8
2025-12-16,13g00,CS2,H3-301,75,SP1033,29
2025-12-16,13g00,CS2,H3-306,75,CO3017,29
2025-12-16,13g00,CS2,H3-306,75,EE3085,46
2025-12-16,13g00,CS2,H3-406,75,EE3085,14
2025-12-16,13g00,CS2,H3-406,75,ME4533,61
2025-12-16,13g00,CS2,H6-308,76,CI2145,76
2025-12-16,13g00,CS2,H6-811,79,SP1033,79
2025-12-16,13g00,CS2,H6-GD,250,SP1033,250
2025-12-16,13g00,CS2,NTD,300,SP1033,300
2025-12-16,15g30,CS1,B4-406,57,EE3009,6
2025-12-16,15g30,CS1,B4-505,63,CH3015,21
2025-12-16,15g30,CS1,B4-505,63,TR4085,42
2025-12-16,15g30,CS1,B5-GD,130,CH3015,27
2025-12-16,15g30,CS1,B5-GD,130,ME4217,103
2025-12-16,15g30,CS2,H6-GD,250,EE3007,27
2025-12-16,15g30,CS2,H6-GD,250,EE3009,81
2025-12-16,15g30,CS2,H6-GD,250,ME4217,86
2025-12-16,15g30,CS2,NTD,300,CH3015,125
2025-12-16,15g30,CS2,NTD,300,ME4217,17
2025-12-16,15g30,CS2,NTD,300,TR4085,158
2025-12-17,07g00,CS1,B1-208,44,SP1007,44
2025-12-17,07g00,CS1,B1-306,44,SP1007,44
2025-12-17,07g00,CS1,B1-311,42,CO3037,28
2025-12-17,07g00,CS1,B1-311,42,TR4047,14
2025-12-17,07g00,CS1,B4-305,42,CO3037,42
2025-12-17,07g00,CS1,B4-306,42,EE3069,30
2025-12-17,07g00,CS1,B4-306,42,TR4081,12
2025-12-17,07g00,CS1,B4-406,57,SP1007,57
2025-12-17,07g00,CS1,B4-501,42,EE3091,42
2025-12-17,07g00,CS1,B4-502,42,PH2005,42
2025-12-17,07g00,CS1,B4-505,63,SP1007,63
2025-12-17,07g00,CS1,B5-GD,130,SP1007,130
2025-12-17,07g00,CS1,B6-306,42,SP1007,42
2025-12-17,07g00,CS1,C4-301,42,EE3091,42
2025-12-17,07g00,CS1,C4-304,42,SP1007,42
2025-12-17,07g00,CS1,C4-402,42,TR4089,42
2025-12-17,07g00,CS1,C4-403,42,PH2005,42
2025-12-17,07g00,CS1,C4-502,42,PH2005,42
2025-12-17,07g00,CS1,C5-303,42,EE4451,18
2025-12-17,07g00,CS1,C5-303,42,MA2015,21
2025-12-17,07g00,CS1,C5-303,42,TR4081,3
2025-12-17,07g00,CS1,C5-401,42,EE3043,15
2025-12-17,07g00,CS1,C5-401,42,EE3091,17
2025-12-17,07g00,CS1,C5-401,42,IM4019,10
2025-12-17,07g00,CS1,C5-403,42,EN3209,14
2025-12-17,07g00,CS1,C5-403,42,ME5005,13
2025-12-17,07g00,CS1,C5-403,42,TR4081,15
2025-12-17,07g00,CS1,C5-502,42,IM4019,5
2025-12-17,07g00,CS1,C5-502,42,MA4141,11
2025-12-17,07g00,CS1,C5-502,42,MA4189,5
2025-12-17,07g00,CS1,C5-502,42,ME5005,1
2025-12-17,07g00,CS1,C5-502,42,PH2005,2
2025-12-17,07g00,CS1,C5-502,42,SP1007,4
2025-12-17,07g00,CS1,C5-502,42,TR4047,11
2025-12-17,07g00,CS1,C5-502,42,TR4089,3
2025-12-17,07g00,CS1,C6-102,50,PH2005,50
2025-12-17,07g00,CS1,C6-103,50,SP1007,50
2025-12-17,07g00,CS2,H1-101,73,TR4089,73
2025-12-17,07g00,CS2,H1-104,73,EE3043,73
2025-12-17,07g00,CS2,H1-204,68,CI3067,26
2025-12-17,07g00,CS2,H1-204,68,MA2015,13
2025-12-17,07g00,CS2,H1-204,68,MA4087,29
2025-12-17,07g00,CS2,H1-307,71,EE3069,14
2025-12-17,07g00,CS2,H1-307,71,TR3017,57
2025-12-17,07g00,CS2,H1-401,66,CH3321,10
2025-12-17,07g00,CS2,H1-401,66,CH3429,12
2025-12-17,07g00,CS2,H1-401,66,EE3043,2
2025-12-17,07g00,CS2,H1-401,66,MA2015,9
2025-12-17,07g00,CS2,H1-401,66,MA3011,10
2025-12-17,07g00,CS2,H1-401,66,ME3171,1
2025-12-17,07g00,CS2,H2-201,82,SP1007,82
2025-12-17,07g00,CS2,H2-206,82,SP1007,82
2025-12-17,07g00,CS2,H2-207,71,CI3241,46
2025-12-17,07g00,CS2,H2-207,71,EN3209,25
2025-12-17,07g00,CS2,H2-301,82,SP1007,82
2025-12-17,07g00,CS2,H2-306,82,SP1007,82
2025-12-17,07g00,CS2,H2-401,82,SP1007,82
2025-12-17,07g00,CS2,H2-406,82,SP1007,82
2025-12-17,07g00,CS2,H3-201,75,SP1007,75
2025-12-17,07g00,CS2,H3-301,75,SP1007,75
2025-12-17,07g00,CS2,H3-306,75,SP1007,75
2025-12-17,07g00,CS2,H3-401,75,SP1007,75
2025-12-17,07g00,CS2,H3-406,75,SP1007,75
2025-12-17,07g00,CS2,H3-501,75,TR4089,75
2025-12-17,07g00,CS2,H3-506,75,CI3241,75
2025-12-17,07g00,CS2,H6-113,68,IU2011,36
2025-12-17,07g00,CS2,H6-113,68,ME3171,32
2025-12-17,07g00,CS2,H6-305,68,EN3209,17
2025-12-17,07g00,CS2,H6-305,68,IM4019,18
2025-12-17,07g00,CS2,H6-305,68,SP1007,16
2025-12-17,07g00,CS2,H6-305,68,TR4089,17
2025-12-17,07g00,CS2,H6-308,76,SP1007,76
2025-12-17,07g00,CS2,H6-311,71,CH3321,30
2025-12-17,07g00,CS2,H6-311,71,EE3069,41
2025-12-17,07g00,CS2,H6-811,79,SP1007,79
2025-12-17,07g00,CS2,H6-GD,250,SP1007,250
2025-12-17,07g00,CS2,NTD,300,SP1007,300
2025-12-17,13g00,CS1,B1-208,44,CO1003,44
2025-12-17,13g00,CS1,B1-212,38,ME3011,15
2025-12-17,13g00,CS1,B1-212,38,TR3143,23
2025-12-17,13g00,CS1,B1-305,38,CI1003,8
2025-12-17,13g00,CS1,B1-305,38,CI2095,10
2025-12-17,13g00,CS1,B1-305,38,CO1003,5
2025-12-17,13g00,CS1,B1-305,38,IM3087,15
2025-12-17,13g00,CS1,B1-306,44,CO2003,44
2025-12-17,13g00,CS1,B1-308,38,CH2013,2
2025-12-17,13g00,CS1,B1-308,38,CO1003,3
2025-12-17,13g00,CS1,B1-308,38,CO2003,8
2025-12-17,13g00,CS1,B1-308,38,EE2417,3
2025-12-17,13g00,CS1,B1-308,38,ME3011,6
2025-12-17,13g00,CS1,B1-311,42,ME2123,42
2025-12-17,13g00,CS1,B4-305,42,CH2013,42
2025-12-17,13g00,CS1,B4-306,42,CH2013,42
2025-12-17,13g00,CS1,B4-406,57,CO2003,57
2025-12-17,13g00,CS1,B4-501,42,CO1003,42
2025-12-17,13g00,CS1,B4-502,42,EE2417,42
2025-12-17,13g00,CS1,B4-505,63,CH2013,63
2025-12-17,13g00,CS1,B5-GD,130,CO2003,130
2025-12-17,13g00,CS1,B6-306,42,CO2003,42
2025-12-17,13g00,CS1,C4-301,42,CI2095,42
2025-12-17,13g00,CS1,C4-304,42,CO1003,42
2025-12-17,13g00,CS1,C4-402,42,CO2003,42
2025-12-17,13g00,CS1,C4-403,42,EE2417,42
2025-12-17,13g00,CS1,C4-502,42,EE2417,42
2025-12-17,13g00,CS1,C5-303,42,IM3087,42
2025-12-17,13g00,CS1,C5-401,42,CI2095,42
2025-12-17,13g00,CS1,C5-403,42,CO1003,42
2025-12-17,13g00,CS1,C5-502,42,CO2003,42
2025-12-17,13g00,CS1,C5-503,42,CI1003,16
2025-12-17,13g00,CS1,C5-503,42,ME2123,26
2025-12-17,13g00,CS1,C6-102,50,CH2013,50
2025-12-17,13g00,CS1,C6-103,50,EE2417,50
2025-12-17,13g00,CS1,C6-401,42,CO3027,36
2025-12-17,13g00,CS1,C6-401,42,TR3143,6
2025-12-17,13g00,CS1,C6-402,42,CH2013,42
2025-12-17,13g00,CS1,C6-403,42,EE2417,42
2025-12-17,13g00,CS2,H1-101,73,CO2003,73
2025-12-17,13g00,CS2,H1-104,73,CI1003,73
2025-12-17,13g00,CS2,H1-204,68,CH2013,61
2025-12-17,13g00,CS2,H1-204,68,EE3167,7
2025-12-17,13g00,CS2,H1-307,71,ME2123,71
2025-12-17,13g00,CS2,H1-401,66,CO3027,46
2025-12-17,13g00,CS2,H1-401,66,ME3011,20
2025-12-17,13g00,CS2,H1-404,66,CO1003,37
2025-12-17,13g00,CS2,H1-404,66,ME3011,7
2025-12-17,13g00,CS2,H1-404,66,TR3143,22
2025-12-17,13g00,CS2,H2-201,82,CO1003,82
2025-12-17,13g00,CS2,H2-206,82,TR3143,82
2025-12-17,13g00,CS2,H2-207,71,IM3087,71
2025-12-17,13g00,CS2,H2-301,82,CO1003,82
2025-12-17,13g00,CS2,H2-306,82,IM3087,82
2025-12-17,13g00,CS2,H2-401,82,CH2013,82
2025-12-17,13g00,CS2,H2-406,82,CO1003,82
2025-12-17,13g00,CS2,H3-201,75,CO3027,75
2025-12-17,13g00,CS2,H3-301,75,CI2095,75
2025-12-17,13g00,CS2,H3-306,75,CH2013,75
2025-12-17,13g00,CS2,H3-401,75,EE1007,75
2025-12-17,13g00,CS2,H3-406,75,IM3087,75
2025-12-17,13g00,CS2,H3-501,75,CO1003,75
2025-12-17,13g00,CS2,H3-506,75,TR3143,75
2025-12-17,13g00,CS2,H6-113,68,CH2013,3
2025-12-17,13g00,CS2,H6-113,68,CI2095,65
2025-12-17,13g00,CS2,H6-211,66,CI1003,8
2025-12-17,13g00,CS2,H6-211,66,CO2003,9
2025-12-17,13g00,CS2,H6-211,66,EE1007,12
2025-12-17,13g00,CS2,H6-211,66,IM3087,1
2025-12-17,13g00,CS2,H6-211,66,ME2123,9
2025-12-17,13g00,CS2,H6-211,66,ME3011,12
2025-12-17,13g00,CS2,H6-305,68,EE3167,54
2025-12-17,13g00,CS2,H6-305,68,ME3011,14
2025-12-17,13g00,CS2,H6-308,76,ME2123,76
2025-12-17,13g00,CS2,H6-311,71,CH2013,2
2025-12-17,13g00,CS2,H6-311,71,EE3075,69
2025-12-17,13g00,CS2,H6-811,79,CO2003,79
2025-12-17,13g00,CS2,H6-GD,250,CO2003,250
2025-12-17,13g00,CS2,NTD,300,CI2095,300
2025-12-17,15g30,CS1,B5-GD,130,CH2045,35
2025-12-17,15g30,CS2,NTD,300,CH2045,48
2025-12-18,07g00,CS1,B1-208,44,SP1039,44
2025-12-18,07g00,CS1,B1-306,44,SP1039,44
2025-12-18,07g00,CS1,B4-406,57,SP1039,57
2025-12-18,07g00,CS1,B4-501,42,MA5023,13
2025-12-18,07g00,CS1,B4-501,42,ME1021,29
2025-12-18,07g00,CS1,B4-502,42,SP1039,42
2025-12-18,07g00,CS1,B4-505,63,SP1039,63
2025-12-18,07g00,CS1,B5-GD,130,SP1039,130
2025-12-18,07g00,CS1,B6-306,42,CI4193,16
2025-12-18,07g00,CS1,B6-306,42,EE5015,6
2025-12-18,07g00,CS1,B6-306,42,SP1039,20
2025-12-18,07g00,CS1,C4-502,42,EE5015,8
2025-12-18,07g00,CS1,C4-502,42,LA1027,4
2025-12-18,07g00,CS1,C4-502,42,MA5023,9
2025-12-18,07g00,CS1,C6-102,50,SP1039,50
2025-12-18,07g00,CS1,C6-103,50,SP1039,50
2025-12-18,07g00,CS2,H2-201,82,SP1039,82
2025-12-18,07g00,CS2,H2-206,82,SP1039,82
2025-12-18,07g00,CS2,H2-301,82,SP1039,82
2025-12-18,07g00,CS2,H2-306,82,SP1039,82
2025-12-18,07g00,CS2,H2-401,82,SP1039,82
2025-12-18,07g00,CS2,H2-406,82,SP1039,82
2025-12-18,07g00,CS2,H3-201,75,IM3035,61
2025-12-18,07g00,CS2,H3-201,75,ME2059,14
2025-12-18,07g00,CS2,H3-301,75,CI2159,75
2025-12-18,07g00,CS2,H3-306,75,GE1027,75
2025-12-18,07g00,CS2,H3-401,75,CI2159,8
2025-12-18,07g00,CS2,H3-401,75,ME4083,3
2025-12-18,07g00,CS2,H3-406,75,SP1039,75
2025-12-18,07g00,CS2,H3-501,75,ME2059,31
2025-12-18,07g00,CS2,H3-501,75,SP1039,44
2025-12-18,07g00,CS2,H3-506,75,GE1027,26
2025-12-18,07g00,CS2,H3-506,75,IU4021,30
2025-12-18,07g00,CS2,H3-506,75,ME4083,19
2025-12-18,07g00,CS2,H6-308,76,SP1039,76
2025-12-18,07g00,CS2,H6-811,79,SP1039,79
2025-12-18,07g00,CS2,H6-GD,250,SP1039,250
2025-12-18,07g00,CS2,NTD,300,SP1039,300
2025-12-18,09g30,CS1,B5-GD,130,IM1033,128
2025-12-18,09g30,CS1,B5-GD,130,LA3019,1
2025-12-18,09g30,CS2,NTD,300,IM1033,169
2025-12-18,09g30,CS2,NTD,300,PH1005,95
2025-12-18,13g00,CS1,B1-208,44,EE2033,44
2025-12-18,13g00,CS1,B1-212,38,CH3327,1
2025-12-18,13g00,CS1,B1-212,38,CI1007,5
2025-12-18,13g00,CS1,B1-212,38,EE2033,8
2025-12-18,13g00,CS1,B1-212,38,EE2401,7
2025-12-18,13g00,CS1,B1-212,38,ME3009,5
2025-12-18,13g00,CS1,B1-212,38,ME4021,7
2025-12-18,13g00,CS1,B1-306,44,CO2007,44
2025-12-18,13g00,CS1,B1-311,42,ME3009,42
2025-12-18,13g00,CS1,B4-305,42,EE2401,42
2025-12-18,13g00,CS1,B4-306,42,TR1003,42
2025-12-18,13g00,CS1,B4-406,57,EE2033,57
2025-12-18,13g00,CS1,B4-501,42,EE2401,42
2025-12-18,13g00,CS1,B4-502,42,EE2033,42
2025-12-18,13g00,CS1,B4-505,63,CO2007,63
2025-12-18,13g00,CS1,B5-GD,130,CO2007,130
2025-12-18,13g00,CS1,B6-306,42,CO2007,42
2025-12-18,13g00,CS1,C4-301,42,CO2007,42
2025-12-18,13g00,CS1,C4-304,42,EE2033,42
2025-12-18,13g00,CS1,C4-402,42,EE2401,42
2025-12-18,13g00,CS1,C4-403,42,CI1007,42
2025-12-18,13g00,CS1,C4-502,42,EE2033,42
2025-12-18,13g00,CS1,C5-303,42,CO2007,42
2025-12-18,13g00,CS1,C5-401,42,EE2033,42
2025-12-18,13g00,CS1,C5-403,42,EE2401,42
2025-12-18,13g00,CS1,C5-502,42,ME4021,42
2025-12-18,13g00,CS1,C5-503,42,CO2007,16
2025-12-18,13g00,CS1,C5-503,42,CO3137,20
2025-12-18,13g00,CS1,C5-503,42,ME3009,6
2025-12-18,13g00,CS1,C6-102,50,EE2401,50
2025-12-18,13g00,CS1,C6-103,50,CO2007,50
2025-12-18,13g00,CS1,C6-401,42,AS2059,22
2025-12-18,13g00,CS1,C6-401,42,CH3327,20
2025-12-18,13g00,CS1,C6-402,42,ME3009,14
2025-12-18,13g00,CS1,C6-402,42,TR1003,28
2025-12-18,13g00,CS1,C6-403,42,CI1007,42
2025-12-18,13g00,CS2,H1-101,73,ME3009,73
2025-12-18,13g00,CS2,H1-104,73,CO2007,73
2025-12-18,13g00,CS2,H1-307,71,CI1007,11
2025-12-18,13g00,CS2,H1-307,71,TR1003,60
2025-12-18,13g00,CS2,H2-201,82,EE2033,82
2025-12-18,13g00,CS2,H2-206,82,CO2007,82
2025-12-18,13g00,CS2,H2-207,71,AS2059,41
2025-12-18,13g00,CS2,H2-207,71,EE2033,30
2025-12-18,13g00,CS2,H2-301,82,CO2007,82
2025-12-18,13g00,CS2,H2-306,82,EE2033,82
2025-12-18,13g00,CS2,H2-401,82,CO2007,82
2025-12-18,13g00,CS2,H2-406,82,EE2033,82
2025-12-18,13g00,CS2,H3-201,75,CI1007,75
2025-12-18,13g00,CS2,H3-301,75,TR1003,75
2025-12-18,13g00,CS2,H3-306,75,CO2007,75
2025-12-18,13g00,CS2,H3-401,75,ME4021,75
2025-12-18,13g00,CS2,H3-406,75,ME4021,75
2025-12-18,13g00,CS2,H3-501,75,EE2033,75
2025-12-18,13g00,CS2,H3-506,75,CI1003,75
2025-12-18,13g00,CS2,H6-113,68,CH3327,12
2025-12-18,13g00,CS2,H6-113,68,CO2007,3
2025-12-18,13g00,CS2,H6-113,68,CO3137,17
2025-12-18,13g00,CS2,H6-113,68,EE2033,4
2025-12-18,13g00,CS2,H6-113,68,ME3009,7
2025-12-18,13g00,CS2,H6-113,68,ME4021,7
2025-12-18,13g00,CS2,H6-308,76,EE2033,76
2025-12-18,13g00,CS2,H6-311,71,CI1003,30
2025-12-18,13g00,CS2,H6-311,71,CI1007,31
2025-12-18,13g00,CS2,H6-311,71,CO3137,10
2025-12-18,13g00,CS2,H6-811,79,CI1007,79
2025-12-18,13g00,CS2,H6-GD,250,CI1007,250
2025-12-18,13g00,CS2,NTD,300,EE2033,300
2025-12-18,15g30,CS1,B5-GD,130,CI4131,46
2025-12-18,15g30,CS1,B5-GD,130,CO3065,57
2025-12-18,15g30,CS2,NTD,300,CI1003,68
2025-12-18,15g30,CS2,NTD,300,CO3065,119
2025-12-19,07g00,CS1,B4-406,57,AS2039,22
2025-12-19,07g00,CS1,B4-406,57,CH4113,13
2025-12-19,07g00,CS1,B4-406,57,EE3015,22
2025-12-19,07g00,CS1,B4-505,63,MA5015,23
2025-12-19,07g00,CS1,B4-505,63,ME2141,40
2025-12-19,07g00,CS1,B5-GD,130,IM3063,97
2025-12-19,07g00,CS1,B5-GD,130,ME2141,33
2025-12-19,07g00,CS1,C6-103,50,AS3169,14
2025-12-19,07g00,CS1,C6-103,50,CH4113,6
2025-12-19,07g00,CS1,C6-103,50,GE2059,5
2025-12-19,07g00,CS1,C6-103,50,MA2039,11
2025-12-19,07g00,CS1,C6-103,50,MA5015,4
2025-12-19,07g00,CS2,H2-201,82,ME2141,82
2025-12-19,07g00,CS2,H2-206,82,AS2039,31
2025-12-19,07g00,CS2,H2-206,82,AS3169,51
2025-12-19,07g00,CS2,H2-301,82,EE3205,82
2025-12-19,07g00,CS2,H2-306,82,CI3269,80
2025-12-19,07g00,CS2,H2-306,82,ME2141,2
2025-12-19,07g00,CS2,H2-401,82,EE3057,19
2025-12-19,07g00,CS2,H2-401,82,ME2141,63
2025-12-19,07g00,CS2,H2-406,82,GE3105,60
2025-12-19,07g00,CS2,H2-406,82,ME2161,22
2025-12-19,07g00,CS2,H3-301,75,EE3205,6
2025-12-19,07g00,CS2,H3-301,75,MA4069,3
2025-12-19,07g00,CS2,H3-301,75,TR4001,8
2025-12-19,07g00,CS2,H3-306,75,AS2039,11
2025-12-19,07g00,CS2,H3-306,75,CI3251,22
2025-12-19,07g00,CS2,H3-306,75,EE3205,2
2025-12-19,07g00,CS2,H3-306,75,MA3103,18
2025-12-19,07g00,CS2,H3-306,75,ME2161,22
2025-12-19,07g00,CS2,H3-406,75,CH4113,29
2025-12-19,07g00,CS2,H3-406,75,EN3023,30
2025-12-19,07g00,CS2,H3-406,75,TR4001,16
2025-12-19,07g00,CS2,H6-308,76,GE2059,32
2025-12-19,07g00,CS2,H6-308,76,IU3061,35
2025-12-19,07g00,CS2,H6-308,76,ME2161,9
2025-12-19,07g00,CS2,H6-811,79,EE3057,41
2025-12-19,07g00,CS2,H6-811,79,MA4069,38
2025-12-19,07g00,CS2,H6-GD,250,IM3063,219
2025-12-19,07g00,CS2,H6-GD,250,ME2141,31
2025-12-19,07g00,CS2,NTD,300,EE3015,295
2025-12-19,07g00,CS2,NTD,300,IM3063,5
2025-12-19,09g30,CS1,B1-208,44,SP1031,44
2025-12-19,09g30,CS1,B1-306,44,SP1031,44
2025-12-19,09g30,CS1,B1-311,42,SP1031,42
2025-12-19,09g30,CS1,B4-305,42,SP1031,42
2025-12-19,09g30,CS1,B4-306,42,SP1031,42
2025-12-19,09g30,CS1,B4-406,57,SP1031,57
2025-12-19,09g30,CS1,B4-501,42,SP1031,42
2025-12-19,09g30,CS1,B4-502,42,SP1031,42
2025-12-19,09g30,CS1,B4-505,63,SP1031,63
2025-12-19,09g30,CS1,B5-GD,130,SP1031,130
2025-12-19,09g30,CS1,B6-306,42,SP1031,42
2025-12-19,09g30,CS1,C4-301,42,SP1031,42
2025-12-19,09g30,CS1,C4-304,42,SP1031,42
2025-12-19,09g30,CS1,C4-402,42,SP1031,42
2025-12-19,09g30,CS1,C4-403,42,SP1031,42
2025-12-19,09g30,CS1,C4-502,42,SP1031,42
2025-12-19,09g30,CS1,C5-303,42,SP1031,42
2025-12-19,09g30,CS1,C5-401,42,SP1031,42
2025-12-19,09g30,CS1,C5-403,42,SP1031,42
2025-12-19,09g30,CS1,C5-502,42,SP1031,42
2025-12-19,09g30,CS1,C5-503,42,SP1031,15
2025-12-19,09g30,CS1,C6-102,50,SP1031,50
2025-12-19,09g30,CS1,C6-103,50,SP1031,50
2025-12-19,09g30,CS1,C6-401,42,SP1031,4
2025-12-19,09g30,CS1,C6-401,42,TR3137,38
2025-12-19,09g30,CS1,C6-402,42,SP1031,42
2025-12-19,09g30,CS1,C6-403,42,SP1031,42
2025-12-19,09g30,CS2,H1-101,73,SP1031,73
2025-12-19,09g30,CS2,H1-104,73,EE3099,24
2025-12-19,09g30,CS2,H1-104,73,TR3137,49
2025-12-19,09g30,CS2,H1-307,71,EE3099,24
2025-12-19,09g30,CS2,H1-307,71,SP1031,7
2025-12-19,09g30,CS2,H2-201,82,SP1031,82
2025-12-19,09g30,CS2,H2-206,82,SP1031,82
2025-12-19,09g30,CS2,H2-301,82,SP1031,82
2025-12-19,09g30,CS2,H2-306,82,SP1031,82
2025-12-19,09g30,CS2,H2-401,82,SP1031,82
2025-12-19,09g30,CS2,H2-406,82,SP1031,82
2025-12-19,09g30,CS2,H3-201,75,SP1031,75
2025-12-19,09g30,CS2,H3-301,75,SP1031,75
2025-12-19,09g30,CS2,H3-306,75,SP1031,75
2025-12-19,09g30,CS2,H3-401,75,SP1031,75
2025-12-19,09g30,CS2,H3-406,75,SP1031,75
2025-12-19,09g30,CS2,H3-501,75,SP1031,75
2025-12-19,09g30,CS2,H3-506,75,SP1031,75
2025-12-19,09g30,CS2,H6-308,76,SP1031,76
2025-12-19,09g30,CS2,H6-811,79,SP1031,79
2025-12-19,09g30,CS2,H6-GD,250,SP1031,250
2025-12-19,09g30,CS2,NTD,300,SP1031,300
2025-12-19,13g00,CS1,B1-208,44,EE2021,44
2025-12-19,13g00,CS1,B1-306,44,ME2009,44
2025-12-19,13g00,CS1,B4-305,42,CI2133,32
2025-12-19,13g00,CS1,B4-305,42,TR3145,10
2025-12-19,13g00,CS1,B4-406,57,EE2021,57
2025-12-19,13g00,CS1,B4-501,42,CO3053,42
2025-12-19,13g00,CS1,B4-502,42,IM2017,42
2025-12-19,13g00,CS1,B4-505,63,ME2009,63
2025-12-19,13g00,CS1,B5-GD,130,CH2051,130
2025-12-19,13g00,CS1,B6-306,42,CH2051,42
2025-12-19,13g00,CS1,C4-301,42,IM2017,18
2025-12-19,13g00,CS1,C4-301,42,ME2009,24
2025-12-19,13g00,CS1,C4-304,42,CI1033,18
2025-12-19,13g00,CS1,C4-304,42,CO3053,3
2025-12-19,13g00,CS1,C4-304,42,TR3145,21
2025-12-19,13g00,CS1,C4-402,42,CH2051,10
2025-12-19,13g00,CS1,C4-402,42,CO3053,13
2025-12-19,13g00,CS1,C4-402,42,EE2021,8
2025-12-19,13g00,CS1,C4-402,42,IM2017,3
2025-12-19,13g00,CS1,C4-502,42,EE2021,42
2025-12-19,13g00,CS1,C6-102,50,IM2017,50
2025-12-19,13g00,CS1,C6-103,50,ME2009,50
2025-12-19,13g00,CS2,H1-101,73,CO3053,15
2025-12-19,13g00,CS2,H1-101,73,EE3041,58
2025-12-19,13g00,CS2,H1-104,73,CI2133,46
2025-12-19,13g00,CS2,H1-104,73,EE2021,27
2025-12-19,13g00,CS2,H1-307,71,CO3053,34
2025-12-19,13g00,CS2,H1-307,71,ME2009,34
2025-12-19,13g00,CS2,H1-307,71,TR3145,3
2025-12-19,13g00,CS2,H2-201,82,CI2133,82
2025-12-19,13g00,CS2,H2-206,82,IM2017,82
2025-12-19,13g00,CS2,H2-207,71,CI1033,6
2025-12-19,13g00,CS2,H2-207,71,EE2021,15
2025-12-19,13g00,CS2,H2-207,71,IM2017,1
2025-12-19,13g00,CS2,H2-207,71,TR3145,23
2025-12-19,13g00,CS2,H2-301,82,CH2051,82
2025-12-19,13g00,CS2,H2-306,82,CO3053,82
2025-12-19,13g00,CS2,H2-401,82,CI2133,82
2025-12-19,13g00,CS2,H2-406,82,TR3145,82
2025-12-19,13g00,CS2,H3-201,75,TR3145,75
2025-12-19,13g00,CS2,H3-301,75,ME2009,75
2025-12-19,13g00,CS2,H3-306,75,EE2021,75
2025-12-19,13g00,CS2,H3-401,75,CH2051,66
2025-12-19,13g00,CS2,H3-401,75,CO3053,9
2025-12-19,13g00,CS2,H3-406,75,CI2133,75
2025-12-19,13g00,CS2,H3-501,75,CI1033,75
2025-12-19,13g00,CS2,H3-506,75,IM2017,75
2025-12-19,13g00,CS2,H6-308,76,CO3053,76
2025-12-19,13g00,CS2,H6-811,79,CH2051,79
2025-12-19,13g00,CS2,H6-GD,250,ME2009,250
2025-12-19,13g00,CS2,NTD,300,EE2021,300
2025-12-19,15g30,CS1,B5-GD,130,CO3015,62
2025-12-19,15g30,CS2,NTD,300,CO3015,157
2025-12-20,07g00,CS2,NTD,300,LA1041,28
2025-12-20,07g00,CS2,NTD,300,LA1057,38
2025-12-20,09g30,CS1,B5-GD,130,LA1043,19
2025-12-20,09g30,CS2,NTD,300,LA1043,50
2025-12-22,07g00,CS1,B1-208,44,PH1003,44
2025-12-22,07g00,CS1,B1-212,38,PH1003,38
2025-12-22,07g00,CS1,B1-213,38,PH1011,38
2025-12-22,07g00,CS1,B1-305,38,PH1003,38
2025-12-22,07g00,CS1,B1-306,44,PH1003,44
2025-12-22,07g00,CS1,B1-308,38,PH1003,38
2025-12-22,07g00,CS1,B1-311,42,PH1003,42
2025-12-22,07g00,CS1,B10-203,37,PH1003,37
2025-12-22,07g00,CS1,B4-305,42,PH1003,42
2025-12-22,07g00,CS1,B4-306,42,PH1003,42
2025-12-22,07g00,CS1,B4-403,32,CI2139,4
2025-12-22,07g00,CS1,B4-403,32,PH1003,6
2025-12-22,07g00,CS1,B4-403,32,PH1011,13
2025-12-22,07g00,CS1,B4-405,32,IM3021,30
2025-12-22,07g00,CS1,B4-405,32,PH1011,2
2025-12-22,07g00,CS1,B4-406,57,PH1003,57
2025-12-22,07g00,CS1,B4-501,42,PH1003,42
2025-12-22,07g00,CS1,B4-502,42,PH1003,42
2025-12-22,07g00,CS1,B4-504,32,CI2139,32
2025-12-22,07g00,CS1,B4-505,63,PH1003,63
2025-12-22,07g00,CS1,B5-GD,130,PH1003,130
2025-12-22,07g00,CS1,B6-302,32,PH1003,32
2025-12-22,07g00,CS1,B6-303,32,PH1003,32
2025-12-22,07g00,CS1,B6-304,32,PH1011,32
2025-12-22,07g00,CS1,B6-305,32,PH1003,32
2025-12-22,07g00,CS1,B6-306,42,PH1003,42
2025-12-22,07g00,CS1,B8-301,35,PH1011,35
2025-12-22,07g00,CS1,B8-303,33,PH1003,33
2025-12-22,07g00,CS1,B8-304,33,PH1011,33
2025-12-22,07g00,CS1,B9-201,32,PH1011,32
2025-12-22,07g00,CS1,C4-301,42,PH1003,42
2025-12-22,07g00,CS1,C4-304,42,PH1003,42
2025-12-22,07g00,CS1,C4-402,42,PH1003,42
2025-12-22,07g00,CS1,C4-403,42,PH1003,42
2025-12-22,07g00,CS1,C4-502,42,PH1003,42
2025-12-22,07g00,CS1,C5-303,42,PH1003,42
2025-12-22,07g00,CS1,C5-401,42,PH1003,42
2025-12-22,07g00,CS1,C5-403,42,PH1003,42
2025-12-22,07g00,CS1,C5-502,42,PH1003,42
2025-12-22,07g00,CS1,C5-503,42,PH1003,42
2025-12-22,07g00,CS1,C6-102,50,PH1003,50
2025-12-22,07g00,CS1,C6-103,50,PH1003,50
2025-12-22,07g00,CS1,C6-401,42,PH1003,42
2025-12-22,07g00,CS1,C6-402,42,PH1003,42
2025-12-22,07g00,CS1,C6-403,42,PH1003,42
2025-12-22,07g00,CS2,H1-101,73,CI2139,73
2025-12-22,07g00,CS2,H1-104,73,PH1003,73
2025-12-22,07g00,CS2,H1-204,68,PH1003,68
2025-12-22,07g00,CS2,H1-307,71,CI2139,71
2025-12-22,07g00,CS2,H1-401,66,CI2139,47
2025-12-22,07g00,CS2,H1-401,66,PH1003,19
2025-12-22,07g00,CS2,H1-404,66,IM3021,6
2025-12-22,07g00,CS2,H1-404,66,PH1003,20
2025-12-22,07g00,CS2,H2-201,82,PH1003,82
2025-12-22,07g00,CS2,H2-206,82,PH1003,82
2025-12-22,07g00,CS2,H2-207,71,PH1003,71
2025-12-22,07g00,CS2,H2-301,82,PH1003,82
2025-12-22,07g00,CS2,H2-306,82,PH1003,82
2025-12-22,07g00,CS2,H2-401,82,PH1003,82
2025-12-22,07g00,CS2,H2-406,82,PH1003,82
2025-12-22,07g00,CS2,H3-201,75,PH1003,75
2025-12-22,07g00,CS2,H3-301,75,PH1003,75
2025-12-22,07g00,CS2,H3-306,75,PH1003,75
2025-12-22,07g00,CS2,H3-401,75,PH1003,75
2025-12-22,07g00,CS2,H3-406,75,PH1003,75
2025-12-22,07g00,CS2,H3-501,75,PH1003,75
2025-12-22,07g00,CS2,H3-506,75,PH1003,75
2025-12-22,07g00,CS2,H6-113,68,CI2139,68
2025-12-22,07g00,CS2,H6-305,68,IM3021,68
2025-12-22,07g00,CS2,H6-308,76,PH1003,76
2025-12-22,07g00,CS2,H6-311,71,IM3021,71
2025-12-22,07g00,CS2,H6-811,79,PH1003,79
2025-12-22,07g00,CS2,H6-GD,250,PH1003,250
2025-12-22,07g00,CS2,NTD,300,PH1003,300
2025-12-22,09g30,CS1,B4-406,57,IM1003,57
2025-12-22,09g30,CS1,B4-505,63,IM1003,63
2025-12-22,09g30,CS1,B5-GD,130,PH1003,130
2025-12-22,09g30,CS1,C6-102,50,IM1003,28
2025-12-22,09g30,CS1,C6-103,50,IM1003,2
2025-12-22,09g30,CS1,C6-103,50,PH1003,48
2025-12-22,09g30,CS2,H1-101,73,IM1003,73
2025-12-22,09g30,CS2,H1-104,73,IM1003,2
2025-12-22,09g30,CS2,H1-104,73,PH1003,71
2025-12-22,09g30,CS2,H1-307,71,CI1003,5
2025-12-22,09g30,CS2,H1-307,71,IM1003,66
2025-12-22,09g30,CS2,H2-201,82,PH1003,82
2025-12-22,09g30,CS2,H2-206,82,PH1003,82
2025-12-22,09g30,CS2,H2-207,71,CI1003,42
2025-12-22,09g30,CS2,H2-301,82,PH1003,82
2025-12-22,09g30,CS2,H2-306,82,PH1003,82
2025-12-22,09g30,CS2,H2-401,82,PH1003,82
2025-12-22,09g30,CS2,H2-406,82,PH1003,82
2025-12-22,09g30,CS2,H3-201,75,PH1003,75
2025-12-22,09g30,CS2,H3-301,75,PH1003,75
2025-12-22,09g30,CS2,H3-306,75,PH1003,75
2025-12-22,09g30,CS2,H3-401,75,PH1003,75
2025-12-22,09g30,CS2,H3-406,75,PH1003,75
2025-12-22,09g30,CS2,H3-501,75,PH1003,75
2025-12-22,09g30,CS2,H3-506,75,PH1003,75
2025-12-22,09g30,CS2,H6-308,76,PH1003,76
2025-12-22,09g30,CS2,H6-811,79,PH1003,79
2025-12-22,09g30,CS2,H6-GD,250,PH1003,250
2025-12-22,09g30,CS2,NTD,300,PH1003,300
2025-12-22,13g00,CS1,B1-208,44,CO3045,40
2025-12-22,13g00,CS1,B1-208,44,ME4631,4
2025-12-22,13g00,CS1,B1-306,44,AS2071,35
2025-12-22,13g00,CS1,B1-306,44,ME4631,9
2025-12-22,13g00,CS1,B4-305,42,CH3021,1
2025-12-22,13g00,CS1,B4-305,42,ME3015,9
2025-12-22,13g00,CS1,B4-305,42,TR3003,7
2025-12-22,13g00,CS1,B4-406,57,CH4051,57
2025-12-22,13g00,CS1,B4-501,42,EE3413,25
2025-12-22,13g00,CS1,B4-501,42,TR3003,17
2025-12-22,13g00,CS1,B4-502,42,EE4441,34
2025-12-22,13g00,CS1,B4-502,42,ME4631,8
2025-12-22,13g00,CS1,B4-505,63,CH4051,63
2025-12-22,13g00,CS1,B5-GD,130,AS2071,130
2025-12-22,13g00,CS1,B6-306,42,CH3021,2
2025-12-22,13g00,CS1,B6-306,42,CH4051,22
2025-12-22,13g00,CS1,B6-306,42,ME4631,18
2025-12-22,13g00,CS1,C4-502,42,CH3021,12
2025-12-22,13g00,CS1,C4-502,42,MA3111,15
2025-12-22,13g00,CS1,C4-502,42,MA4169,15
2025-12-22,13g00,CS1,C6-102,50,ME3015,50
2025-12-22,13g00,CS1,C6-103,50,EE3413,50
2025-12-22,13g00,CS2,H2-201,82,EE3203,80
2025-12-22,13g00,CS2,H2-201,82,ME3299,2
2025-12-22,13g00,CS2,H2-206,82,CI1069,13
2025-12-22,13g00,CS2,H2-206,82,EE3071,35
2025-12-22,13g00,CS2,H2-206,82,GE3219,34
2025-12-22,13g00,CS2,H2-301,82,EE3071,8
2025-12-22,13g00,CS2,H2-301,82,ME3299,74
2025-12-22,13g00,CS2,H2-306,82,EE3071,23
2025-12-22,13g00,CS2,H2-306,82,MA4091,59
2025-12-22,13g00,CS2,H2-401,82,CI1069,24
2025-12-22,13g00,CS2,H2-401,82,IM3029,58
2025-12-22,13g00,CS2,H2-406,82,EE3027,30
2025-12-22,13g00,CS2,H2-406,82,ME3015,52
2025-12-22,13g00,CS2,H3-406,75,CI1069,12
2025-12-22,13g00,CS2,H3-406,75,CI3301,15
2025-12-22,13g00,CS2,H3-406,75,EE3027,7
2025-12-22,13g00,CS2,H3-406,75,IU4025,6
2025-12-22,13g00,CS2,H3-406,75,ME3031,8
2025-12-22,13g00,CS2,H6-308,76,CI1069,6
2025-12-22,13g00,CS2,H6-308,76,CO3045,20
2025-12-22,13g00,CS2,H6-308,76,IM2031,24
2025-12-22,13g00,CS2,H6-308,76,MA2013,26
2025-12-22,13g00,CS2,H6-811,79,IU4025,21
2025-12-22,13g00,CS2,H6-811,79,ME3215,29
2025-12-22,13g00,CS2,H6-811,79,TR3061,29
2025-12-22,13g00,CS2,H6-GD,250,AS2071,106
2025-12-22,13g00,CS2,H6-GD,250,CH3021,84
2025-12-22,13g00,CS2,H6-GD,250,CO3045,60
2025-12-22,13g00,CS2,NTD,300,CH4051,246
2025-12-22,13g00,CS2,NTD,300,EE3071,54
2025-12-22,15g30,CS1,B5-GD,130,LA1007,93
2025-12-22,15g30,CS2,H2-201,82,LA1007,82
2025-12-22,15g30,CS2,H2-301,82,LA1007,82
2025-12-22,15g30,CS2,H2-306,82,LA1007,82
2025-12-22,15g30,CS2,H2-401,82,LA1007,82
2025-12-22,15g30,CS2,H2-406,82,LA1007,35
2025-12-22,15g30,CS2,H6-GD,250,LA1007,250
2025-12-22,15g30,CS2,NTD,300,LA1007,300
2025-12-22,18g15,CS1,B4-406,57,CH5407,14
2025-12-22,18g15,CS1,B4-406,57,CI5251,21
2025-12-22,18g15,CS1,B4-406,57,CO5161,3
2025-12-22,18g15,CS1,B4-406,57,ME5269,19
2025-12-22,18g15,CS1,B4-505,63,CI5403,30
2025-12-22,18g15,CS1,B4-505,63,IM5127,28
2025-12-22,18g15,CS1,B4-505,63,ME5269,5
2025-12-22,18g15,CS1,B5-GD,130,CH5703,57
2025-12-22,18g15,CS1,B5-GD,130,CO5087,41
2025-12-22,18g15,CS1,B5-GD,130,EE5191,32
2025-12-22,18g15,CS1,C6-103,50,CO5161,6
2025-12-22,18g15,CS1,C6-103,50,MA5097,8
2025-12-22,18g15,CS1,C6-103,50,TR5063,9
2025-12-23,07g00,CS1,B1-208,44,MT1003,44
2025-12-23,07g00,CS1,B1-212,38,MT1003,38
2025-12-23,07g00,CS1,B1-213,38,MT1003,38
2025-12-23,07g00,CS1,B1-305,38,MT1003,38
2025-12-23,07g00,CS1,B1-306,44,MT1003,44
2025-12-23,07g00,CS1,B1-308,38,MT1003,38
2025-12-23,07g00,CS1,B1-311,42,MT1003,42
2025-12-23,07g00,CS1,B10-203,37,MT1019,37
2025-12-23,07g00,CS1,B4-305,42,MT1003,42
2025-12-23,07g00,CS1,B4-306,42,MT1003,42
2025-12-23,07g00,CS1,B4-403,32,MT1003,7
2025-12-23,07g00,CS1,B4-403,32,MT1019,6
2025-12-23,07g00,CS1,B4-405,32,IM3109,21
2025-12-23,07g00,CS1,B4-405,32,MT1019,11
2025-12-23,07g00,CS1,B4-406,57,MT1003,57
2025-12-23,07g00,CS1,B4-501,42,MT1003,42
2025-12-23,07g00,CS1,B4-502,42,MT1003,42
2025-12-23,07g00,CS1,B4-504,32,MT1003,32
2025-12-23,07g00,CS1,B4-505,63,MT1003,63
2025-12-23,07g00,CS1,B5-GD,130,MT1003,130
2025-12-23,07g00,CS1,B6-302,32,MT1019,32
2025-12-23,07g00,CS1,B6-303,32,MT1019,32
2025-12-23,07g00,CS1,B6-304,32,MT1003,32
2025-12-23,07g00,CS1,B6-305,32,MT1019,32
2025-12-23,07g00,CS1,B6-306,42,MT1003,42
2025-12-23,07g00,CS1,B8-301,35,MT1003,35
2025-12-23,07g00,CS1,B8-303,33,MT1019,33
2025-12-23,07g00,CS1,B8-304,33,MT1003,33
2025-12-23,07g00,CS1,B9-201,32,MT1003,32
2025-12-23,07g00,CS1,C4-301,42,MT1003,42
2025-12-23,07g00,CS1,C4-304,42,MT1003,42
2025-12-23,07g00,CS1,C4-402,42,MT1003,42
2025-12-23,07g00,CS1,C4-403,42,MT1003,42
2025-12-23,07g00,CS1,C4-502,42,MT1003,42
2025-12-23,07g00,CS1,C5-303,42,MT1003,42
2025-12-23,07g00,CS1,C5-401,42,MT1003,42
2025-12-23,07g00,CS1,C5-403,42,MT1003,42
2025-12-23,07g00,CS1,C5-502,42,MT1003,42
2025-12-23,07g00,CS1,C5-503,42,MT1003,42
2025-12-23,07g00,CS1,C6-102,50,MT1003,50
2025-12-23,07g00,CS1,C6-103,50,MT1003,50
2025-12-23,07g00,CS1,C6-401,42,MT1003,42
2025-12-23,07g00,CS1,C6-402,42,MT1003,42
2025-12-23,07g00,CS1,C6-403,42,MT1003,42
2025-12-23,07g00,CS2,H1-101,73,MT1003,73
2025-12-23,07g00,CS2,H1-104,73,MT1003,73
2025-12-23,07g00,CS2,H1-204,68,EE3025,29
2025-12-23,07g00,CS2,H1-204,68,IM3109,3
2025-12-23,07g00,CS2,H1-204,68,MT1003,36
2025-12-23,07g00,CS2,H1-307,71,EE3025,71
2025-12-23,07g00,CS2,H2-201,82,MT1003,82
2025-12-23,07g00,CS2,H2-206,82,MT1003,82
2025-12-23,07g00,CS2,H2-207,71,EE3025,71
2025-12-23,07g00,CS2,H2-301,82,MT1003,82
2025-12-23,07g00,CS2,H2-306,82,MT1003,82
2025-12-23,07g00,CS2,H2-401,82,MT1003,82
2025-12-23,07g00,CS2,H2-406,82,MT1003,82
2025-12-23,07g00,CS2,H3-201,75,MT1003,75
2025-12-23,07g00,CS2,H3-301,75,MT1003,75
2025-12-23,07g00,CS2,H3-306,75,MT1003,75
2025-12-23,07g00,CS2,H3-401,75,EE3025,75
2025-12-23,07g00,CS2,H3-406,75,MT1003,75
2025-12-23,07g00,CS2,H3-501,75,MT1003,75
2025-12-23,07g00,CS2,H3-506,75,MT1003,75
2025-12-23,07g00,CS2,H6-113,68,CH2019,61
2025-12-23,07g00,CS2,H6-113,68,EE3025,7
2025-12-23,07g00,CS2,H6-305,68,IM3109,23
2025-12-23,07g00,CS2,H6-308,76,MT1003,76
2025-12-23,07g00,CS2,H6-311,71,MT1003,71
2025-12-23,07g00,CS2,H6-811,79,MT1003,79
2025-12-23,07g00,CS2,H6-GD,250,MT1003,250
2025-12-23,07g00,CS2,NTD,300,MT1003,300
2025-12-23,09g30,CS1,B1-208,44,ME4645,44
2025-12-23,09g30,CS1,B1-306,44,MT1003,44
2025-12-23,09g30,CS1,B4-406,57,MT1017,57
2025-12-23,09g30,CS1,B4-501,42,MT1017,42
2025-12-23,09g30,CS1,B4-502,42,MT1015,42
2025-12-23,09g30,CS1,B4-505,63,MT1003,63
2025-12-23,09g30,CS1,B5-GD,130,MT1015,130
2025-12-23,09g30,CS1,B6-306,42,ME4645,10
2025-12-23,09g30,CS1,B6-306,42,TR3055,32
2025-12-23,09g30,CS1,C4-502,42,CO3071,15
2025-12-23,09g30,CS1,C4-502,42,ME4645,6
2025-12-23,09g30,CS1,C4-502,42,MT1003,12
2025-12-23,09g30,CS1,C4-502,42,MT1015,5
2025-12-23,09g30,CS1,C4-502,42,MT1017,3
2025-12-23,09g30,CS1,C6-102,50,MT1017,50
2025-12-23,09g30,CS1,C6-103,50,MT1003,50
2025-12-23,09g30,CS2,H1-101,73,MT1003,73
2025-12-23,09g30,CS2,H1-104,73,MT1017,73
2025-12-23,09g30,CS2,H1-204,68,ME4645,10
2025-12-23,09g30,CS2,H1-204,68,MT1003,58
2025-12-23,09g30,CS2,H1-307,71,MT1003,71
2025-12-23,09g30,CS2,H2-201,82,MT1003,82
2025-12-23,09g30,CS2,H2-206,82,MT1003,82
2025-12-23,09g30,CS2,H2-207,71,ME4645,71
2025-12-23,09g30,CS2,H2-301,82,MT1003,82
2025-12-23,09g30,CS2,H2-306,82,MT1003,82
2025-12-23,09g30,CS2,H2-401,82,MT1003,82
2025-12-23,09g30,CS2,H2-406,82,MT1003,82
2025-12-23,09g30,CS2,H3-201,75,MT1003,75
2025-12-23,09g30,CS2,H3-301,75,MT1003,75
2025-12-23,09g30,CS2,H3-306,75,MT1003,75
2025-12-23,09g30,CS2,H3-401,75,MT1003,75
2025-12-23,09g30,CS2,H3-406,75,MT1003,75
2025-12-23,09g30,CS2,H3-501,75,MT1003,75
2025-12-23,09g30,CS2,H3-506,75,MT1003,75
2025-12-23,09g30,CS2,H6-113,68,MT1017,68
2025-12-23,09g30,CS2,H6-305,68,CO3071,6
2025-12-23,09g30,CS2,H6-305,68,ME4645,4
2025-12-23,09g30,CS2,H6-305,68,MT1017,5
2025-12-23,09g30,CS2,H6-308,76,MT1003,76
2025-12-23,09g30,CS2,H6-311,71,CO3071,71
2025-12-23,09g30,CS2,H6-811,79,MT1003,79
2025-12-23,09g30,CS2,H6-GD,250,MT1003,250
2025-12-23,09g30,CS2,NTD,300,MT1003,300
2025-12-23,13g00,CS1,B1-208,44,CI1003,9
2025-12-23,13g00,CS1,B1-208,44,EE3403,14
2025-12-23,13g00,CS1,B1-208,44,EE4053,11
2025-12-23,13g00,CS1,B4-406,57,CH4085,37
2025-12-23,13g00,CS1,B4-406,57,EE3403,20
2025-12-23,13g00,CS1,B4-505,63,LA1009,48
2025-12-23,13g00,CS1,B4-505,63,TR3135,15
2025-12-23,13g00,CS1,B5-GD,130,CO3143,64
2025-12-23,13g00,CS1,B5-GD,130,EE3403,15
2025-12-23,13g00,CS1,B5-GD,130,ME4201,51
2025-12-23,13g00,CS1,C6-102,50,AS3105,17
2025-12-23,13g00,CS1,C6-102,50,EE4053,6
2025-12-23,13g00,CS1,C6-102,50,TR3135,27
2025-12-23,13g00,CS1,C6-103,50,CH3049,31
2025-12-23,13g00,CS1,C6-103,50,CI1003,19
2025-12-23,13g00,CS2,H2-201,82,LA1009,82
2025-12-23,13g00,CS2,H2-206,82,AS3015,21
2025-12-23,13g00,CS2,H2-206,82,AS3105,29
2025-12-23,13g00,CS2,H2-206,82,CH4085,32
2025-12-23,13g00,CS2,H2-301,82,CH4085,82
2025-12-23,13g00,CS2,H2-306,82,AS3105,26
2025-12-23,13g00,CS2,H2-306,82,EE3077,56
2025-12-23,13g00,CS2,H2-401,82,CI4165,54
2025-12-23,13g00,CS2,H2-401,82,LA1009,28
2025-12-23,13g00,CS2,H2-406,82,ME4201,45
2025-12-23,13g00,CS2,H2-406,82,TR3135,37
2025-12-23,13g00,CS2,H6-308,76,AS3015,7
2025-12-23,13g00,CS2,H6-308,76,CH3403,20
2025-12-23,13g00,CS2,H6-308,76,IM1015,16
2025-12-23,13g00,CS2,H6-308,76,LA1009,12
2025-12-23,13g00,CS2,H6-308,76,TR3135,6
2025-12-23,13g00,CS2,H6-811,79,CH3049,21
2025-12-23,13g00,CS2,H6-811,79,EE3133,26
2025-12-23,13g00,CS2,H6-811,79,LA1009,9
2025-12-23,13g00,CS2,H6-811,79,ME3207,23
2025-12-23,13g00,CS2,H6-GD,250,LA1009,250
2025-12-23,13g00,CS2,NTD,300,LA1009,300
2025-12-23,15g30,CS1,B5-GD,130,ME2151,75
2025-12-23,15g30,CS2,NTD,300,EE2017,136
2025-12-23,18g15,CS1,B4-406,57,CI5137,5
2025-12-23,18g15,CS1,B4-406,57,EE5193,25
2025-12-23,18g15,CS1,B4-406,57,IM5067,27
2025-12-23,18g15,CS1,B4-505,63,CH5603,46
2025-12-23,18g15,CS1,B4-505,63,CI5407,17
2025-12-23,18g15,CS1,B5-GD,130,GK5025,130
2025-12-23,18g15,CS1,C6-103,50,CI5137,9
2025-12-23,18g15,CS1,C6-103,50,CI5407,14
2025-12-23,18g15,CS1,C6-103,50,TR5067,8
2025-12-23,18g15,CS1,C6-103,50,TR5089,6
2025-12-24,07g00,CS1,B1-208,44,CH2113,44
2025-12-24,07g00,CS1,B1-212,38,CH2113,38
2025-12-24,07g00,CS1,B1-213,38,ME3281,38
2025-12-24,07g00,CS1,B1-305,38,EE1009,38
2025-12-24,07g00,CS1,B1-306,44,CO1005,44
2025-12-24,07g00,CS1,B1-308,38,CO1005,38
2025-12-24,07g00,CS1,B1-311,42,IM2019,42
2025-12-24,07g00,CS1,B10-203,37,EE2409,37
2025-12-24,07g00,CS1,B4-305,42,EE1009,42
2025-12-24,07g00,CS1,B4-306,42,CO1005,42
2025-12-24,07g00,CS1,B4-406,57,CO1005,57
2025-12-24,07g00,CS1,B4-501,42,EE1009,42
2025-12-24,07g00,CS1,B4-502,42,CH2113,42
2025-12-24,07g00,CS1,B4-505,63,CH2113,63
2025-12-24,07g00,CS1,B5-GD,130,CO1005,130
2025-12-24,07g00,CS1,B6-306,42,CO1005,42
2025-12-24,07g00,CS1,B8-301,35,IM2019,26
2025-12-24,07g00,CS1,B8-301,35,ME2179,9
2025-12-24,07g00,CS1,B8-303,33,CH2113,8
2025-12-24,07g00,CS1,B8-303,33,CI2135,7
2025-12-24,07g00,CS1,B8-303,33,CO3049,8
2025-12-24,07g00,CS1,B8-303,33,ME2179,10
2025-12-24,07g00,CS1,B8-304,33,CO1005,6
2025-12-24,07g00,CS1,B8-304,33,EE1009,7
2025-12-24,07g00,CS1,B8-304,33,EE2409,2
2025-12-24,07g00,CS1,B8-304,33,ME3281,4
2025-12-24,07g00,CS1,C4-301,42,CO1005,42
2025-12-24,07g00,CS1,C4-304,42,ME2179,42
2025-12-24,07g00,CS1,C4-402,42,CH2113,42
2025-12-24,07g00,CS1,C4-403,42,EE1009,42
2025-12-24,07g00,CS1,C4-502,42,CH2113,42
2025-12-24,07g00,CS1,C5-303,42,ME2179,42
2025-12-24,07g00,CS1,C5-401,42,CH2113,42
2025-12-24,07g00,CS1,C5-403,42,EE1009,42
2025-12-24,07g00,CS1,C5-502,42,CO1005,42
2025-12-24,07g00,CS1,C5-503,42,CI2135,42
2025-12-24,07g00,CS1,C6-102,50,EE1009,50
2025-12-24,07g00,CS1,C6-103,50,EE1009,50
2025-12-24,07g00,CS1,C6-401,42,CO3049,42
2025-12-24,07g00,CS1,C6-402,42,ME2179,42
2025-12-24,07g00,CS1,C6-403,42,IM2019,42
2025-12-24,07g00,CS2,H1-101,73,IM2019,73
2025-12-24,07g00,CS2,H1-104,73,CH2113,73
2025-12-24,07g00,CS2,H1-204,68,CO1005,68
2025-12-24,07g00,CS2,H1-307,71,ME2103,71
2025-12-24,07g00,CS2,H1-401,66,ME3281,66
2025-12-24,07g00,CS2,H1-404,66,IM2019,66
2025-12-24,07g00,CS2,H2-201,82,CO1005,82
2025-12-24,07g00,CS2,H2-206,82,EE1009,82
2025-12-24,07g00,CS2,H2-207,71,ME2179,71
2025-12-24,07g00,CS2,H2-301,82,CH2113,82
2025-12-24,07g00,CS2,H2-306,82,EE1009,82
2025-12-24,07g00,CS2,H2-401,82,CO1005,82
2025-12-24,07g00,CS2,H2-406,82,CH2113,82
2025-12-24,07g00,CS2,H3-201,75,CI2135,75
2025-12-24,07g00,CS2,H3-301,75,EE1009,75
2025-12-24,07g00,CS2,H3-306,75,CH2113,75
2025-12-24,07g00,CS2,H3-401,75,ME3281,75
2025-12-24,07g00,CS2,H3-406,75,ME3281,75
2025-12-24,07g00,CS2,H3-501,75,CO1005,75
2025-12-24,07g00,CS2,H3-506,75,CO3049,75
2025-12-24,07g00,CS2,H6-113,68,CI2135,68
2025-12-24,07g00,CS2,H6-201,63,ME2015,26
2025-12-24,07g00,CS2,H6-201,63,ME2103,27
2025-12-24,07g00,CS2,H6-201,63,ME2179,10
2025-12-24,07g00,CS2,H6-211,66,CH2113,1
2025-12-24,07g00,CS2,H6-211,66,IM3095,65
2025-12-24,07g00,CS2,H6-305,68,CO3049,68
2025-12-24,07g00,CS2,H6-308,76,CI2135,76
2025-12-24,07g00,CS2,H6-311,71,EE1009,71
2025-12-24,07g00,CS2,H6-412,65,CH2113,46
2025-12-24,07g00,CS2,H6-412,65,CO3083,19
2025-12-24,07g00,CS2,H6-802,63,CH3421,15
2025-12-24,07g00,CS2,H6-802,63,CO3049,7
2025-12-24,07g00,CS2,H6-802,63,CO3083,9
2025-12-24,07g00,CS2,H6-802,63,IM2019,5
2025-12-24,07g00,CS2,H6-802,63,ME2179,13
2025-12-24,07g00,CS2,H6-802,63,ME3281,6
2025-12-24,07g00,CS2,H6-810,63,CH3421,3
2025-12-24,07g00,CS2,H6-810,63,CI2135,20
2025-12-24,07g00,CS2,H6-810,63,CO1005,20
2025-12-24,07g00,CS2,H6-810,63,EE1009,20
2025-12-24,07g00,CS2,H6-811,79,CO1005,79
2025-12-24,07g00,CS2,H6-GD,250,EE1009,250
2025-12-24,07g00,CS2,NTD,300,EE1009,300
2025-12-24,09g30,CS1,B4-406,57,EE4455,10
2025-12-24,09g30,CS1,B4-406,57,MT1011,47
2025-12-24,09g30,CS1,B4-505,63,TR1005,63
2025-12-24,09g30,CS1,B5-GD,130,MT1011,130
2025-12-24,09g30,CS1,C6-102,50,EE4455,6
2025-12-24,09g30,CS1,C6-102,50,EN3005,7
2025-12-24,09g30,CS1,C6-102,50,MA3163,4
2025-12-24,09g30,CS1,C6-102,50,TR1005,6
2025-12-24,09g30,CS1,C6-103,50,CH3371,31
2025-12-24,09g30,CS1,C6-103,50,EE4455,19
2025-12-24,09g30,CS2,H6-GD,250,AS2001,23
2025-12-24,09g30,CS2,H6-GD,250,CI3013,15
2025-12-24,09g30,CS2,H6-GD,250,EN3069,20
2025-12-24,09g30,CS2,H6-GD,250,GE2035,17
2025-12-24,09g30,CS2,H6-GD,250,IU4019,21
2025-12-24,09g30,CS2,H6-GD,250,MA3021,20
2025-12-24,09g30,CS2,H6-GD,250,MA4081,32
2025-12-24,09g30,CS2,NTD,300,CH3371,60
2025-12-24,09g30,CS2,NTD,300,EN3005,43
2025-12-24,09g30,CS2,NTD,300,GE2035,26
2025-12-24,09g30,CS2,NTD,300,ME2159,51
2025-12-24,09g30,CS2,NTD,300,ME3105,51
2025-12-24,09g30,CS2,NTD,300,TR1005,69
2025-12-24,13g00,CS1,B1-208,44,MT1007,44
2025-12-24,13g00,CS1,B1-306,44,MT1007,44
2025-12-24,13g00,CS1,B1-311,42,ME4625,42
2025-12-24,13g00,CS1,B4-305,42,MT1007,42
2025-12-24,13g00,CS1,B4-306,42,MT1007,42
2025-12-24,13g00,CS1,B4-406,57,MT1007,57
2025-12-24,13g00,CS1,B4-501,42,MT1007,42
2025-12-24,13g00,CS1,B4-502,42,MT1007,42
2025-12-24,13g00,CS1,B4-505,63,MT1007,63
2025-12-24,13g00,CS1,B5-GD,130,MT1007,130
2025-12-24,13g00,CS1,B6-306,42,MT1007,42
2025-12-24,13g00,CS1,C4-301,42,MT1007,42
2025-12-24,13g00,CS1,C4-304,42,MT1007,42
2025-12-24,13g00,CS1,C4-402,42,MT1007,42
2025-12-24,13g00,CS1,C4-403,42,MT1007,42
2025-12-24,13g00,CS1,C4-502,42,MT1007,42
2025-12-24,13g00,CS1,C5-303,42,EE3031,22
2025-12-24,13g00,CS1,C5-303,42,ME4625,1
2025-12-24,13g00,CS1,C5-303,42,MT1007,19
2025-12-24,13g00,CS1,C5-401,42,ME4625,16
2025-12-24,13g00,CS1,C6-102,50,MT1007,50
2025-12-24,13g00,CS1,C6-103,50,MT1007,50
2025-12-24,13g00,CS2,H1-101,73,MT1007,73
2025-12-24,13g00,CS2,H1-104,73,MT1007,73
2025-12-24,13g00,CS2,H1-204,68,ME4625,68
2025-12-24,13g00,CS2,H1-307,71,MT1007,71
2025-12-24,13g00,CS2,H1-401,66,EE3031,59
2025-12-24,13g00,CS2,H1-401,66,EE3131,7
2025-12-24,13g00,CS2,H1-404,66,EE3107,16
2025-12-24,13g00,CS2,H1-404,66,EE3131,50
2025-12-24,13g00,CS2,H2-201,82,MT1007,82
2025-12-24,13g00,CS2,H2-206,82,MT1007,82
2025-12-24,13g00,CS2,H2-207,71,MT1007,71
2025-12-24,13g00,CS2,H2-301,82,MT1007,82
2025-12-24,13g00,CS2,H2-306,82,MT1007,82
2025-12-24,13g00,CS2,H2-401,82,MT1007,82
2025-12-24,13g00,CS2,H2-406,82,MT1007,82
2025-12-24,13g00,CS2,H3-201,75,MT1007,75
2025-12-24,13g00,CS2,H3-301,75,MT1007,75
2025-12-24,13g00,CS2,H3-306,75,MT1007,75
2025-12-24,13g00,CS2,H3-401,75,MT1007,75
2025-12-24,13g00,CS2,H3-406,75,MT1007,75
2025-12-24,13g00,CS2,H3-501,75,MT1007,75
2025-12-24,13g00,CS2,H3-506,75,MT1007,75
2025-12-24,13g00,CS2,H6-113,68,MT1007,68
2025-12-24,13g00,CS2,H6-211,66,ME4625,41
2025-12-24,13g00,CS2,H6-211,66,MT1007,25
2025-12-24,13g00,CS2,H6-305,68,MT1007,68
2025-12-24,13g00,CS2,H6-308,76,MT1007,76
2025-12-24,13g00,CS2,H6-311,71,ME4625,71
2025-12-24,13g00,CS2,H6-412,65,EE3107,27
2025-12-24,13g00,CS2,H6-412,65,MT1007,16
2025-12-24,13g00,CS2,H6-811,79,MT1007,79
2025-12-24,13g00,CS2,H6-GD,250,MT1007,250
2025-12-24,13g00,CS2,NTD,300,MT1007,300
2025-12-24,15g30,CS1,B4-406,57,LA1049,5
2025-12-24,15g30,CS1,B4-406,57,ME2013,52
2025-12-24,15g30,CS1,B4-505,63,LA1049,63
2025-12-24,15g30,CS1,B5-GD,130,CO2017,130
2025-12-24,15g30,CS1,C6-102,50,LA1049,12
2025-12-24,15g30,CS1,C6-103,50,CO2017,32
2025-12-24,15g30,CS1,C6-103,50,LA1049,18
2025-12-24,15g30,CS2,NTD,300,CO2017,157
2025-12-24,15g30,CS2,NTD,300,ME2013,69
2025-12-24,18g15,CS1,B1-208,44,CH5373,8
2025-12-24,18g15,CS1,B1-208,44,CI5139,19
2025-12-24,18g15,CS1,B1-208,44,IM5093,17
2025-12-24,18g15,CS1,B1-306,44,CH5373,7
2025-12-24,18g15,CS1,B1-306,44,IM5121,15
2025-12-24,18g15,CS1,B1-306,44,ME5029,11
2025-12-24,18g15,CS1,B1-306,44,ME5267,3
2025-12-24,18g15,CS1,B4-406,57,CO5135,53
2025-12-24,18g15,CS1,B4-406,57,EE5209,4
2025-12-24,18g15,CS1,B4-505,63,CH5311,63
2025-12-24,18g15,CS1,B5-GD,130,CO5115,88
2025-12-24,18g15,CS1,B5-GD,130,CO5177,42
2025-12-24,18g15,CS1,C6-102,50,CO5177,29
2025-12-24,18g15,CS1,C6-102,50,ME5267,21
2025-12-24,18g15,CS1,C6-103,50,CO5177,6
2025-12-24,18g15,CS1,C6-103,50,EE5209,44
2025-12-25,07g00,CS1,B1-208,44,CH2021,44
2025-12-25,07g00,CS1,B1-212,38,CO1023,32
2025-12-25,07g00,CS1,B1-212,38,EE2031,6
2025-12-25,07g00,CS1,B1-213,38,EE3065,20
2025-12-25,07g00,CS1,B1-213,38,TR3025,18
2025-12-25,07g00,CS1,B1-305,38,EE2031,11
2025-12-25,07g00,CS1,B1-305,38,TR2005,27
2025-12-25,07g00,CS1,B1-306,44,ME2091,44
2025-12-25,07g00,CS1,B1-308,38,IM1007,23
2025-12-25,07g00,CS1,B1-308,38,ME2091,15
2025-12-25,07g00,CS1,B1-311,42,ME2091,42
2025-12-25,07g00,CS1,B10-203,37,EE2031,13
2025-12-25,07g00,CS1,B10-203,37,EN1001,7
2025-12-25,07g00,CS1,B10-203,37,ME4073,17
2025-12-25,07g00,CS1,B4-305,42,CO1023,42
2025-12-25,07g00,CS1,B4-306,42,IM1007,42
2025-12-25,07g00,CS1,B4-406,57,CH2021,57
2025-12-25,07g00,CS1,B4-501,42,CO1023,42
2025-12-25,07g00,CS1,B4-502,42,CH2021,42
2025-12-25,07g00,CS1,B4-505,63,CH2021,63
2025-12-25,07g00,CS1,B5-GD,130,CO1023,130
2025-12-25,07g00,CS1,B6-306,42,ME2091,42
2025-12-25,07g00,CS1,B8-301,35,EE4407,5
2025-12-25,07g00,CS1,B8-301,35,EN1001,4
2025-12-25,07g00,CS1,B8-301,35,GE2049,4
2025-12-25,07g00,CS1,B8-301,35,ME2091,6
2025-12-25,07g00,CS1,B8-301,35,TR3025,1
2025-12-25,07g00,CS1,C4-301,42,IM1007,42
2025-12-25,07g00,CS1,C4-304,42,ME2091,42
2025-12-25,07g00,CS1,C4-402,42,CH2021,42
2025-12-25,07g00,CS1,C4-403,42,CO1023,42
2025-12-25,07g00,CS1,C4-502,42,CH2021,42
2025-12-25,07g00,CS1,C5-303,42,EE2011,42
2025-12-25,07g00,CS1,C5-401,42,CH2021,42
2025-12-25,07g00,CS1,C5-403,42,CO1023,42
2025-12-25,07g00,CS1,C5-502,42,IM1007,42
2025-12-25,07g00,CS1,C5-503,42,CH2021,35
2025-12-25,07g00,CS1,C5-503,42,TR2005,7
2025-12-25,07g00,CS1,C6-102,50,CO1023,50
2025-12-25,07g00,CS1,C6-103,50,CO1023,50
2025-12-25,07g00,CS1,C6-401,42,EE2011,42
2025-12-25,07g00,CS1,C6-402,42,EE4407,42
2025-12-25,07g00,CS1,C6-403,42,ME2091,42
2025-12-25,07g00,CS2,H1-101,73,CO1023,64
2025-12-25,07g00,CS2,H1-101,73,IM1007,9
2025-12-25,07g00,CS2,H1-104,73,CI4163,11
2025-12-25,07g00,CS2,H1-104,73,ME4073,62
2025-12-25,07g00,CS2,H1-204,68,EN3039,31
2025-12-25,07g00,CS2,H1-204,68,ME4605,5
2025-12-25,07g00,CS2,H1-204,68,TR3025,32
2025-12-25,07g00,CS2,H1-307,71,GE2049,16
2025-12-25,07g00,CS2,H1-307,71,IM1007,55
2025-12-25,07g00,CS2,H1-401,66,CH2021,2
2025-12-25,07g00,CS2,H1-401,66,CH3425,20
2025-12-25,07g00,CS2,H1-401,66,CI2045,18
2025-12-25,07g00,CS2,H1-401,66,EE3065,6
2025-12-25,07g00,CS2,H1-401,66,GE2049,7
2025-12-25,07g00,CS2,H1-401,66,ME4605,3
2025-12-25,07g00,CS2,H2-201,82,CO1023,82
2025-12-25,07g00,CS2,H2-206,82,CH2021,82
2025-12-25,07g00,CS2,H2-207,71,CI4163,47
2025-12-25,07g00,CS2,H2-207,71,EN1001,24
2025-12-25,07g00,CS2,H2-301,82,CO1023,82
2025-12-25,07g00,CS2,H2-306,82,CO1023,82
2025-12-25,07g00,CS2,H2-401,82,EE2011,82
2025-12-25,07g00,CS2,H2-406,82,EE3065,82
2025-12-25,07g00,CS2,H3-201,75,EE3065,75
2025-12-25,07g00,CS2,H3-301,75,EE2011,75
2025-12-25,07g00,CS2,H3-306,75,EN1001,75
2025-12-25,07g00,CS2,H3-401,75,CI4163,7
2025-12-25,07g00,CS2,H3-401,75,ME4063,68
2025-12-25,07g00,CS2,H3-406,75,IM1007,75
2025-12-25,07g00,CS2,H3-501,75,CH2021,75
2025-12-25,07g00,CS2,H3-506,75,ME2091,75
2025-12-25,07g00,CS2,H6-113,68,EE2011,33
2025-12-25,07g00,CS2,H6-113,68,IU3059,35
2025-12-25,07g00,CS2,H6-305,68,CI4143,25
2025-12-25,07g00,CS2,H6-305,68,EN1001,23
2025-12-25,07g00,CS2,H6-305,68,ME4605,20
2025-12-25,07g00,CS2,H6-308,76,CO1023,76
2025-12-25,07g00,CS2,H6-311,71,CI4141,43
2025-12-25,07g00,CS2,H6-311,71,GE2049,28
2025-12-25,07g00,CS2,H6-811,79,ME2091,79
2025-12-25,07g00,CS2,H6-GD,250,CH2021,250
2025-12-25,07g00,CS2,NTD,300,ME2091,300
2025-12-25,09g30,CS1,B4-505,63,MA1001,49
2025-12-25,09g30,CS1,B5-GD,130,EE2003,101
2025-12-25,09g30,CS1,B5-GD,130,MA1001,29
2025-12-25,09g30,CS2,H6-GD,250,MA1001,121
2025-12-25,09g30,CS2,NTD,300,EE2003,240
2025-12-25,09g30,CS2,NTD,300,MA1001,60
2025-12-25,13g00,CS1,B4-406,57,CH1005,15
2025-12-25,13g00,CS1,B4-406,57,CH3331,42
2025-12-25,13g00,CS1,B4-505,63,CO3069,49
2025-12-25,13g00,CS1,B4-505,63,ME4025,14
2025-12-25,13g00,CS1,B5-GD,130,ME2051,76
2025-12-25,13g00,CS1,B5-GD,130,ME2131,50
2025-12-25,13g00,CS1,B5-GD,130,ME4025,4
2025-12-25,13g00,CS1,C6-102,50,CH1005,6
2025-12-25,13g00,CS1,C6-102,50,IM2033,17
2025-12-25,13g00,CS1,C6-102,50,MT1023,23
2025-12-25,13g00,CS1,C6-103,50,CH1005,18
2025-12-25,13g00,CS1,C6-103,50,ME4025,32
2025-12-25,13g00,CS2,H2-201,82,CH1005,52
2025-12-25,13g00,CS2,H2-201,82,IM2033,30
2025-12-25,13g00,CS2,H2-301,82,CI3043,34
2025-12-25,13g00,CS2,H2-301,82,CO3069,40
2025-12-25,13g00,CS2,H2-301,82,EE3213,8
2025-12-25,13g00,CS2,H2-306,82,EE3213,16
2025-12-25,13g00,CS2,H2-306,82,IM2033,18
2025-12-25,13g00,CS2,H6-GD,250,CH3331,112
2025-12-25,13g00,CS2,H6-GD,250,CO3069,42
2025-12-25,13g00,CS2,H6-GD,250,ME2131,96
2025-12-25,13g00,CS2,NTD,300,ME1015,160
2025-12-25,13g00,CS2,NTD,300,ME2051,140
2025-12-25,15g30,CS1,B4-406,57,LA1011,44
2025-12-25,15g30,CS1,B4-406,57,LA1051,13
2025-12-25,15g30,CS1,B4-505,63,LA1051,63
2025-12-25,15g30,CS1,B5-GD,130,LA1011,130
2025-12-25,15g30,CS1,C6-103,50,LA1051,22
2025-12-25,15g30,CS2,NTD,300,EE3001,73
2025-12-25,18g15,CS1,B4-406,57,CH5685,21
2025-12-25,18g15,CS1,B4-406,57,IM5109,22
2025-12-25,18g15,CS1,B4-406,57,IM5113,14
2025-12-25,18g15,CS1,B4-505,63,CH5601,34
2025-12-25,18g15,CS1,B4-505,63,CI5451,29
2025-12-25,18g15,CS1,B5-GD,130,CO5085,47
2025-12-25,18g15,CS1,B5-GD,130,CO5119,83
2025-12-25,18g15,CS1,C6-103,50,CH5719,13
2025-12-25,18g15,CS1,C6-103,50,CI5245,14
2025-12-25,18g15,CS1,C6-103,50,CO5085,6
2025-12-25,18g15,CS1,C6-103,50,IM5113,3
2025-12-26,07g00,CS1,B1-208,44,CH1003,44
2025-12-26,07g00,CS1,B1-212,38,CI3061,21
2025-12-26,07g00,CS1,B1-212,38,CO3021,17
2025-12-26,07g00,CS1,B1-305,38,CH3389,19
2025-12-26,07g00,CS1,B1-305,38,CO3021,4
2025-12-26,07g00,CS1,B1-305,38,EE3003,15
2025-12-26,07g00,CS1,B1-306,44,CH1003,44
2025-12-26,07g00,CS1,B1-308,38,MA3101,4
2025-12-26,07g00,CS1,B1-311,42,CH1003,42
2025-12-26,07g00,CS1,B4-305,42,CH1003,42
2025-12-26,07g00,CS1,B4-306,42,CH1003,42
2025-12-26,07g00,CS1,B4-406,57,CH1003,57
2025-12-26,07g00,CS1,B4-501,42,CH1003,42
2025-12-26,07g00,CS1,B4-502,42,CH1003,42
2025-12-26,07g00,CS1,B4-505,63,CH1003,63
2025-12-26,07g00,CS1,B5-GD,130,CH1003,130
2025-12-26,07g00,CS1,B6-306,42,CH1003,42
2025-12-26,07g00,CS1,C4-301,42,CH1003,42
2025-12-26,07g00,CS1,C4-304,42,CH1003,42
2025-12-26,07g00,CS1,C4-402,42,CH1003,42
2025-12-26,07g00,CS1,C4-403,42,CH1003,42
2025-12-26,07g00,CS1,C4-502,42,CH1003,42
2025-12-26,07g00,CS1,C5-303,42,CH1003,42
2025-12-26,07g00,CS1,C5-401,42,CH1003,42
2025-12-26,07g00,CS1,C5-403,42,CH1003,42
2025-12-26,07g00,CS1,C5-502,42,CH1003,42
2025-12-26,07g00,CS1,C5-503,42,CH1003,33
2025-12-26,07g00,CS1,C5-503,42,EE3003,9
2025-12-26,07g00,CS1,C6-102,50,CH1003,50
2025-12-26,07g00,CS1,C6-103,50,CH1003,50
2025-12-26,07g00,CS1,C6-401,42,CH1003,42
2025-12-26,07g00,CS1,C6-402,42,CH1003,42
2025-12-26,07g00,CS1,C6-403,42,CH1003,42
2025-12-26,07g00,CS2,H1-101,73,CH1003,73
2025-12-26,07g00,CS2,H1-104,73,EE3003,73
2025-12-26,07g00,CS2,H1-204,68,CH1003,68
2025-12-26,07g00,CS2,H1-307,71,CH1003,71
2025-12-26,07g00,CS2,H1-401,66,MA3101,65
2025-12-26,07g00,CS2,H1-401,66,ME3229,1
2025-12-26,07g00,CS2,H1-404,66,EE3003,8
2025-12-26,07g00,CS2,H1-404,66,ME3229,58
2025-12-26,07g00,CS2,H2-201,82,CH1003,82
2025-12-26,07g00,CS2,H2-206,82,CH1003,82
2025-12-26,07g00,CS2,H2-207,71,EE3003,71
2025-12-26,07g00,CS2,H2-301,82,CH1003,82
2025-12-26,07g00,CS2,H2-306,82,CH1003,82
2025-12-26,07g00,CS2,H2-401,82,CH1003,82
2025-12-26,07g00,CS2,H2-406,82,CH1003,82
2025-12-26,07g00,CS2,H3-201,75,CH1003,75
2025-12-26,07g00,CS2,H3-301,75,CH1003,75
2025-12-26,07g00,CS2,H3-306,75,CH1003,75
2025-12-26,07g00,CS2,H3-401,75,EE3003,75
2025-12-26,07g00,CS2,H3-406,75,CH1003,75
2025-12-26,07g00,CS2,H3-501,75,CH1003,75
2025-12-26,07g00,CS2,H3-506,75,CH1003,75
2025-12-26,07g00,CS2,H6-113,68,CH3389,68
2025-12-26,07g00,CS2,H6-211,66,CH3389,3
2025-12-26,07g00,CS2,H6-211,66,CI3061,24
2025-12-26,07g00,CS2,H6-211,66,EE3003,39
2025-12-26,07g00,CS2,H6-305,68,CO3021,68
2025-12-26,07g00,CS2,H6-308,76,CH1003,76
2025-12-26,07g00,CS2,H6-311,71,CI3061,71
2025-12-26,07g00,CS2,H6-412,65,CH1003,18
2025-12-26,07g00,CS2,H6-412,65,CH3389,16
2025-12-26,07g00,CS2,H6-412,65,CO3021,13
2025-12-26,07g00,CS2,H6-811,79,CH1003,79
2025-12-26,07g00,CS2,H6-GD,250,CH1003,250
2025-12-26,07g00,CS2,NTD,300,CH1003,300
2025-12-26,09g30,CS1,B1-208,44,EE3095,44
2025-12-26,09g30,CS1,B1-306,44,EE3405,9
2025-12-26,09g30,CS1,B1-306,44,IM3083,35
2025-12-26,09g30,CS1,B4-305,42,EE5019,9
2025-12-26,09g30,CS1,B4-406,57,IM1001,57
2025-12-26,09g30,CS1,B4-501,42,EE3029,30
2025-12-26,09g30,CS1,B4-501,42,EE3405,12
2025-12-26,09g30,CS1,B4-502,42,EE2407,10
2025-12-26,09g30,CS1,B4-502,42,IM1001,32
2025-12-26,09g30,CS1,B4-505,63,EE2407,63
2025-12-26,09g30,CS1,B5-GD,130,EE2407,130
2025-12-26,09g30,CS1,B6-306,42,CH4149,19
2025-12-26,09g30,CS1,B6-306,42,EE2407,21
2025-12-26,09g30,CS1,B6-306,42,EE5019,2
2025-12-26,09g30,CS1,C4-502,42,AS2063,13
2025-12-26,09g30,CS1,C4-502,42,EE3095,13
2025-12-26,09g30,CS1,C4-502,42,EE3405,13
2025-12-26,09g30,CS1,C4-502,42,EE5019,3
2025-12-26,09g30,CS1,C6-102,50,EE2407,50
2025-12-26,09g30,CS1,C6-103,50,IM1001,50
2025-12-26,09g30,CS2,H2-201,82,CI4153,35
2025-12-26,09g30,CS2,H2-201,82,IM1001,11
2025-12-26,09g30,CS2,H2-201,82,ME4307,36
2025-12-26,09g30,CS2,H2-301,82,EE3095,28
2025-12-26,09g30,CS2,H2-301,82,IM1001,19
2025-12-26,09g30,CS2,H2-301,82,IU2003,25
2025-12-26,09g30,CS2,H6-GD,250,AS2063,52
2025-12-26,09g30,CS2,H6-GD,250,CI3261,83
2025-12-26,09g30,CS2,H6-GD,250,EN3013,51
2025-12-26,09g30,CS2,H6-GD,250,IM1001,15
2025-12-26,09g30,CS2,H6-GD,250,IM3083,49
2025-12-26,09g30,CS2,NTD,300,EE3029,207
2025-12-26,09g30,CS2,NTD,300,IM1001,93
2025-12-26,13g00,CS1,B1-208,44,CO3009,13
2025-12-26,13g00,CS1,B1-208,44,LA0019,16
2025-12-26,13g00,CS1,B1-208,44,LA1005,15
2025-12-26,13g00,CS1,B1-306,44,CH3337,4
2025-12-26,13g00,CS1,B1-306,44,CI4189,4
2025-12-26,13g00,CS1,B1-306,44,CO3009,1
2025-12-26,13g00,CS1,B1-306,44,ME3001,14
2025-12-26,13g00,CS1,B4-406,57,ME3001,57
2025-12-26,13g00,CS1,B4-505,63,LA1005,63
2025-12-26,13g00,CS1,B5-GD,130,CO3009,130
2025-12-26,13g00,CS1,C6-102,50,CH3337,16
2025-12-26,13g00,CS1,C6-102,50,CH3369,34
2025-12-26,13g00,CS1,C6-103,50,CI4189,50
2025-12-26,13g00,CS2,H1-101,73,ME3001,73
2025-12-26,13g00,CS2,H1-104,73,EE3145,73
2025-12-26,13g00,CS2,H1-204,68,CH3369,64
2025-12-26,13g00,CS2,H1-204,68,ME3001,4
2025-12-26,13g00,CS2,H1-307,71,LA1005,71
2025-12-26,13g00,CS2,H1-401,66,ME3001,59
2025-12-26,13g00,CS2,H1-401,66,TR2017,7
2025-12-26,13g00,CS2,H1-404,66,LA1005,17
2025-12-26,13g00,CS2,H1-404,66,TR2017,49
2025-12-26,13g00,CS2,H2-201,82,LA0019,82
2025-12-26,13g00,CS2,H2-206,82,LA1005,82
2025-12-26,13g00,CS2,H2-207,71,CI4189,71
2025-12-26,13g00,CS2,H2-301,82,LA0019,82
2025-12-26,13g00,CS2,H2-306,82,LA0019,82
2025-12-26,13g00,CS2,H2-401,82,LA1005,82
2025-12-26,13g00,CS2,H2-406,82,LA0019,82
2025-12-26,13g00,CS2,H3-201,75,LA1005,75
2025-12-26,13g00,CS2,H3-301,75,ME3001,75
2025-12-26,13g00,CS2,H3-306,75,LA0019,75
2025-12-26,13g00,CS2,H3-401,75,LA0019,75
2025-12-26,13g00,CS2,H3-406,75,LA1005,75
2025-12-26,13g00,CS2,H3-501,75,CI4189,75
2025-12-26,13g00,CS2,H3-506,75,CO3009,75
2025-12-26,13g00,CS2,H6-113,68,CH3337,68
2025-12-26,13g00,CS2,H6-201,63,CH3337,12
2025-12-26,13g00,CS2,H6-201,63,CI3265,11
2025-12-26,13g00,CS2,H6-211,66,CI3265,22
2025-12-26,13g00,CS2,H6-211,66,EE3145,44
2025-12-26,13g00,CS2,H6-305,68,LA0019,62
2025-12-26,13g00,CS2,H6-305,68,TR2017,6
2025-12-26,13g00,CS2,H6-308,76,ME3001,76
2025-12-26,13g00,CS2,H6-311,71,CO3009,71
2025-12-26,13g00,CS2,H6-412,65,CH3337,1
2025-12-26,13g00,CS2,H6-412,65,CI4189,21
2025-12-26,13g00,CS2,H6-412,65,CO3009,15
2025-12-26,13g00,CS2,H6-412,65,LA1005,28
2025-12-26,13g00,CS2,H6-811,79,LA0019,79
2025-12-26,13g00,CS2,H6-GD,250,LA1005,250
2025-12-26,13g00,CS2,NTD,300,LA1005,300
2025-12-26,15g30,CS1,B4-406,57,LA3021,23
2025-12-26,15g30,CS1,B4-505,63,CO4031,43
2025-12-26,15g30,CS1,B4-505,63,LA3021,20
2025-12-26,15g30,CS1,B5-GD,130,LA3021,130
2025-12-26,15g30,CS2,NTD,300,CO4031,124
2025-12-26,18g15,CS1,B5-GD,130,CI5147,14
2025-12-26,18g15,CS1,B5-GD,130,CI5149,18
2025-12-26,18g15,CS1,B5-GD,130,CO5125,41
2025-12-26,18g15,CS1,B5-GD,130,ME5103,15
2025-12-26,18g15,CS1,B5-GD,130,TR5023,5
2025-12-27,07g00,CS1,B5-GD,130,LA1003,60
2025-12-27,07g00,CS1,B5-GD,130,MA3083,18
2025-12-27,07g00,CS2,H2-201,82,LA1003,82
2025-12-27,07g00,CS2,H2-206,82,LA1003,82
2025-12-27,07g00,CS2,H2-301,82,LA1003,82
2025-12-27,07g00,CS2,H2-306,82,LA1003,82
2025-12-27,07g00,CS2,H2-401,82,LA1003,82
2025-12-27,07g00,CS2,H2-406,82,LA1003,82
2025-12-27,07g00,CS2,H6-811,79,LA1003,71
2025-12-27,07g00,CS2,H6-GD,250,LA1003,250
2025-12-27,07g00,CS2,NTD,300,LA1003,300
2025-12-27,09g30,CS1,B1-208,44,CH4079,5
2025-12-27,09g30,CS1,B4-406,57,GK5035,57
2025-12-27,09g30,CS1,B4-505,63,GK5035,63
2025-12-27,09g30,CS1,B5-GD,130,CH4079,130
2025-12-27,09g30,CS1,C6-102,50,CH4079,6
2025-12-27,09g30,CS1,C6-102,50,GK5035,44
2025-12-27,09g30,CS1,C6-103,50,CH4079,50
2025-12-27,09g30,CS2,H6-GD,250,CH4079,126
2025-12-27,09g30,CS2,H6-GD,250,EN2033,71
2025-12-27,09g30,CS2,NTD,300,CH4079,300
2025-12-27,13g00,CS1,B4-406,57,CI5141,17
2025-12-27,13g00,CS1,B4-406,57,CI5779,17
2025-12-27,13g00,CS1,B4-406,57,CO5083,18
2025-12-27,13g00,CS1,B4-406,57,ME5079,5
2025-12-27,13g00,CS1,B4-505,63,CH5767,19
2025-12-27,13g00,CS1,B4-505,63,CI5779,2
2025-12-27,13g00,CS1,B4-505,63,IM5065,22
2025-12-27,13g00,CS1,B4-505,63,ME5259,20
2025-12-27,13g00,CS1,B5-GD,130,CH2027,53
2025-12-27,13g00,CS1,B5-GD,130,CO3005,77
2025-12-27,13g00,CS1,C6-103,50,CI5273,8
2025-12-27,13g00,CS1,C6-103,50,ME5079,5
2025-12-27,13g00,CS1,C6-103,50,TR5065,8
2025-12-27,13g00,CS2,H6-GD,250,CH2027,106
2025-12-27,13g00,CS2,H6-GD,250,EE3169,47
2025-12-27,13g00,CS2,NTD,300,CH2027,45
2025-12-27,13g00,CS2,NTD,300,CO3005,255
2025-12-27,15g30,CS1,B4-505,63,GK5933,39
2025-12-27,15g30,CS1,B5-GD,130,GE1013,104
2025-12-27,15g30,CS1,B5-GD,130,GK5933,26
2025-12-27,15g30,CS2,NTD,300,GE1013,282
2025-12-28,07g00,CS1,B5-GD,130,IM1023,127
2025-12-28,07g00,CS2,NTD,300,IM1023,159
2025-12-28,09g30,CS1,B1-208,44,AS5113,44
2025-12-28,09g30,CS1,B1-306,44,AS5113,44
2025-12-28,09g30,CS1,B4-406,57,AS5113,57
2025-12-28,09g30,CS1,B4-502,42,AS5113,24
2025-12-28,09g30,CS1,B4-505,63,AS5113,63
2025-12-28,09g30,CS1,B5-GD,130,AS5113,130
2025-12-28,09g30,CS1,C6-102,50,AS5113,50
2025-12-28,09g30,CS1,C6-103,50,AS5113,50
2025-12-28,13g00,CS1,B1-208,44,CO3093,44
2025-12-28,13g00,CS1,B1-306,44,CO3093,44
2025-12-28,13g00,CS1,B4-406,57,CO3093,57
2025-12-28,13g00,CS1,B4-501,42,CO3093,34
2025-12-28,13g00,CS1,B4-501,42,ME2019,8
2025-12-28,13g00,CS1,B4-502,42,ME2019,42
2025-12-28,13g00,CS1,B4-505,63,CO3093,63
2025-12-28,13g00,CS1,B5-GD,130,CO3093,130
2025-12-28,13g00,CS1,B6-306,42,EE2009,23
2025-12-28,13g00,CS1,B6-306,42,ME2019,19
2025-12-28,13g00,CS1,C4-502,42,ME2019,2
2025-12-28,13g00,CS1,C6-102,50,CO3093,50
2025-12-28,13g00,CS1,C6-103,50,CO3093,50
2025-12-28,13g00,CS2,H2-201,82,EE2009,82
2025-12-28,13g00,CS2,H2-301,82,ME2019,82
2025-12-28,13g00,CS2,H2-306,82,EE2009,24
2025-12-28,13g00,CS2,H2-306,82,ME2019,17
2025-12-28,13g00,CS2,H6-GD,250,CO3093,180
2025-12-28,13g00,CS2,H6-GD,250,EE2009,70
2025-12-28,13g00,CS2,NTD,300,CO3093,300
2025-12-28,15g30,CS1,B4-505,63,CI5259,19
2025-12-28,15g30,CS1,B4-505,63,CO5317,16
2025-12-28,15g30,CS1,B4-505,63,EN5083,11
2025-12-28,15g30,CS1,B4-505,63,GK5011,1
2025-12-28,15g30,CS1,B4-505,63,MA5079,6
2025-12-28,15g30,CS1,B5-GD,130,GK5011,130
2025-12-29,07g00,CS1,B1-208,44,CO3115,44
2025-12-29,07g00,CS1,B1-306,44,CH2007,44
2025-12-29,07g00,CS1,B4-305,42,CH2009,17
2025-12-29,07g00,CS1,B4-305,42,CH4143,15
2025-12-29,07g00,CS1,B4-305,42,ME2005,10
2025-12-29,07g00,CS1,B4-406,57,EN1003,57
2025-12-29,07g00,CS1,B4-501,42,CH2043,42
2025-12-29,07g00,CS1,B4-502,42,ME4607,42
2025-12-29,07g00,CS1,B4-505,63,ME2005,63
2025-12-29,07g00,CS1,B5-GD,130,CH2043,130
2025-12-29,07g00,CS1,B6-306,42,CH4091,29
2025-12-29,07g00,CS1,B6-306,42,ME2005,13
2025-12-29,07g00,CS1,C4-301,42,AS3097,11
2025-12-29,07g00,CS1,C4-301,42,CH2007,9
2025-12-29,07g00,CS1,C4-301,42,CH2043,1
2025-12-29,07g00,CS1,C4-301,42,CO3115,12
2025-12-29,07g00,CS1,C4-301,42,ME4607,9
2025-12-29,07g00,CS1,C4-304,42,AS3103,2
2025-12-29,07g00,CS1,C4-304,42,CH2043,5
2025-12-29,07g00,CS1,C4-304,42,ME2005,5
2025-12-29,07g00,CS1,C4-502,42,AS3103,15
2025-12-29,07g00,CS1,C4-502,42,EN1003,27
2025-12-29,07g00,CS1,C6-102,50,EN1003,50
2025-12-29,07g00,CS1,C6-103,50,ME2005,50
2025-12-29,07g00,CS2,H1-101,73,CH2009,26
2025-12-29,07g00,CS2,H1-101,73,CH4143,28
2025-12-29,07g00,CS2,H1-101,73,ME2005,19
2025-12-29,07g00,CS2,H1-104,73,CH2043,22
2025-12-29,07g00,CS2,H1-104,73,IU4015,23
2025-12-29,07g00,CS2,H1-104,73,MA3007,3
2025-12-29,07g00,CS2,H1-104,73,ME4607,25
2025-12-29,07g00,CS2,H1-307,71,CH4091,15
2025-12-29,07g00,CS2,H1-307,71,CI3057,15
2025-12-29,07g00,CS2,H1-307,71,MA3007,19
2025-12-29,07g00,CS2,H1-307,71,TR2011,22
2025-12-29,07g00,CS2,H2-201,82,ME2005,82
2025-12-29,07g00,CS2,H2-206,82,ME2005,82
2025-12-29,07g00,CS2,H2-207,71,AS3103,10
2025-12-29,07g00,CS2,H2-207,71,CO3115,3
2025-12-29,07g00,CS2,H2-207,71,EN1003,15
2025-12-29,07g00,CS2,H2-207,71,ME2005,7
2025-12-29,07g00,CS2,H2-301,82,ME4607,82
2025-12-29,07g00,CS2,H2-306,82,CH2009,82
2025-12-29,07g00,CS2,H2-401,82,CH2043,82
2025-12-29,07g00,CS2,H2-406,82,EN1003,82
2025-12-29,07g00,CS2,H3-201,75,CH2007,63
2025-12-29,07g00,CS2,H3-201,75,IU4015,12
2025-12-29,07g00,CS2,H3-301,75,CO3115,75
2025-12-29,07g00,CS2,H3-306,75,EN1003,75
2025-12-29,07g00,CS2,H3-401,75,CI3233,38
2025-12-29,07g00,CS2,H3-401,75,ME2005,3
2025-12-29,07g00,CS2,H3-401,75,ME3027,34
2025-12-29,07g00,CS2,H3-406,75,CH2043,75
2025-12-29,07g00,CS2,H3-501,75,GE3015,51
2025-12-29,07g00,CS2,H3-501,75,IU4015,24
2025-12-29,07g00,CS2,H3-506,75,AS3103,31
2025-12-29,07g00,CS2,H3-506,75,EN3205,44
2025-12-29,07g00,CS2,H6-308,76,CH2009,76
2025-12-29,07g00,CS2,H6-811,79,ME4607,79
2025-12-29,07g00,CS2,H6-GD,250,ME2005,250
2025-12-29,07g00,CS2,NTD,300,EN1003,300
2025-12-29,09g30,CS1,B5-GD,130,LA3025,108
2025-12-29,13g00,CS1,B1-208,44,CO1007,44
2025-12-29,13g00,CS1,B1-306,44,EE3013,1
2025-12-29,13g00,CS1,B1-306,44,ME2007,43
2025-12-29,13g00,CS1,B4-406,57,EE3013,57
2025-12-29,13g00,CS1,B4-501,42,CI2037,27
2025-12-29,13g00,CS1,B4-501,42,EE2415,15
2025-12-29,13g00,CS1,B4-502,42,CI2037,3
2025-12-29,13g00,CS1,B4-502,42,EE3013,39
2025-12-29,13g00,CS1,B4-505,63,ME2007,63
2025-12-29,13g00,CS1,B5-GD,130,CO1007,130
2025-12-29,13g00,CS1,B6-306,42,CO1007,5
2025-12-29,13g00,CS1,B6-306,42,EE2415,9
2025-12-29,13g00,CS1,B6-306,42,IM3051,17
2025-12-29,13g00,CS1,C6-102,50,IM3051,50
2025-12-29,13g00,CS1,C6-103,50,ME2007,50
2025-12-29,13g00,CS2,H2-201,82,IM3051,82
2025-12-29,13g00,CS2,H2-206,82,IM3051,62
2025-12-29,13g00,CS2,H2-206,82,ME4313,20
2025-12-29,13g00,CS2,H2-301,82,EE3013,82
2025-12-29,13g00,CS2,H2-306,82,IM3051,82
2025-12-29,13g00,CS2,H2-401,82,ME2007,82
2025-12-29,13g00,CS2,H2-406,82,CI2037,70
2025-12-29,13g00,CS2,H2-406,82,EE3013,12
2025-12-29,13g00,CS2,H3-306,75,ME2007,17
2025-12-29,13g00,CS2,H3-306,75,ME4313,8
2025-12-29,13g00,CS2,H3-406,75,CH3349,30
2025-12-29,13g00,CS2,H3-406,75,EE3013,35
2025-12-29,13g00,CS2,H3-406,75,ME4313,10
2025-12-29,13g00,CS2,H6-308,76,EE3111,53
2025-12-29,13g00,CS2,H6-308,76,ME4313,23
2025-12-29,13g00,CS2,H6-811,79,EE3013,19
2025-12-29,13g00,CS2,H6-811,79,EE3019,60
2025-12-29,13g00,CS2,H6-GD,250,CO1007,245
2025-12-29,13g00,CS2,H6-GD,250,IM3051,5
2025-12-29,13g00,CS2,NTD,300,ME2007,300
2025-12-29,18g15,CS1,B4-406,57,CO5157,2
2025-12-29,18g15,CS1,B4-406,57,GK5007,55
2025-12-29,18g15,CS1,B4-505,63,GK5007,2
2025-12-29,18g15,CS1,B4-505,63,GK5037,61
2025-12-29,18g15,CS1,B5-GD,130,GK5009,117
2025-12-29,18g15,CS1,B5-GD,130,GK5037,13
2025-12-29,18g15,CS1,C6-103,50,CO5157,36
2025-12-30,07g00,CS1,B1-208,44,LA1015,44
2025-12-30,07g00,CS1,B1-306,44,CI2001,44
2025-12-30,07g00,CS1,B1-311,42,LA1015,42
2025-12-30,07g00,CS1,B4-305,42,EE2019,42
2025-12-30,07g00,CS1,B4-306,42,CO2013,42
2025-12-30,07g00,CS1,B4-406,57,CO2013,57
2025-12-30,07g00,CS1,B4-501,42,CO2013,42
2025-12-30,07g00,CS1,B4-502,42,EE2019,42
2025-12-30,07g00,CS1,B4-505,63,CO2013,63
2025-12-30,07g00,CS1,B5-GD,130,CO2013,130
2025-12-30,07g00,CS1,B6-306,42,LA1015,42
2025-12-30,07g00,CS1,C4-301,42,CO2013,42
2025-12-30,07g00,CS1,C4-304,42,LA1015,42
2025-12-30,07g00,CS1,C4-402,42,CI2001,42
2025-12-30,07g00,CS1,C4-403,42,EE2019,42
2025-12-30,07g00,CS1,C4-502,42,CI2001,42
2025-12-30,07g00,CS1,C5-303,42,CI2001,6
2025-12-30,07g00,CS1,C5-303,42,EE4443,36
2025-12-30,07g00,CS1,C5-401,42,CI2001,27
2025-12-30,07g00,CS1,C5-401,42,EE2019,15
2025-12-30,07g00,CS1,C5-403,42,AS2009,16
2025-12-30,07g00,CS1,C5-403,42,ME3033,26
2025-12-30,07g00,CS1,C5-502,42,AS3147,17
2025-12-30,07g00,CS1,C5-502,42,CO2013,18
2025-12-30,07g00,CS1,C5-502,42,EE2019,7
2025-12-30,07g00,CS1,C6-102,50,CO2013,50
2025-12-30,07g00,CS1,C6-103,50,CI2001,50
2025-12-30,07g00,CS1,C6-403,42,AS2009,6
2025-12-30,07g00,CS1,C6-403,42,EE2019,5
2025-12-30,07g00,CS1,C6-403,42,GE2051,9
2025-12-30,07g00,CS1,C6-403,42,LA1015,11
2025-12-30,07g00,CS2,H1-101,73,AS2009,2
2025-12-30,07g00,CS2,H1-101,73,IU2001,71
2025-12-30,07g00,CS2,H1-104,73,AS2009,9
2025-12-30,07g00,CS2,H1-104,73,TR2037,64
2025-12-30,07g00,CS2,H1-204,68,AS3147,32
2025-12-30,07g00,CS2,H1-204,68,GE2067,5
2025-12-30,07g00,CS2,H1-204,68,MA2007,31
2025-12-30,07g00,CS2,H1-307,71,CI3163,9
2025-12-30,07g00,CS2,H1-307,71,CI3231,62
2025-12-30,07g00,CS2,H1-401,66,CI3163,16
2025-12-30,07g00,CS2,H1-401,66,GE2067,25
2025-12-30,07g00,CS2,H1-401,66,MA3107,25
2025-12-30,07g00,CS2,H1-404,66,CI2007,11
2025-12-30,07g00,CS2,H1-404,66,CI3163,7
2025-12-30,07g00,CS2,H1-404,66,CO2013,17
2025-12-30,07g00,CS2,H1-404,66,EE2019,1
2025-12-30,07g00,CS2,H1-404,66,EE3201,5
2025-12-30,07g00,CS2,H1-404,66,GE3215,9
2025-12-30,07g00,CS2,H1-404,66,MA3085,14
2025-12-30,07g00,CS2,H2-201,82,EE2019,82
2025-12-30,07g00,CS2,H2-206,82,CI2007,82
2025-12-30,07g00,CS2,H2-207,71,AS2009,53
2025-12-30,07g00,CS2,H2-207,71,AS3147,18
2025-12-30,07g00,CS2,H2-301,82,EE2019,82
2025-12-30,07g00,CS2,H2-306,82,EE2019,82
2025-12-30,07g00,CS2,H2-401,82,CI2001,82
2025-12-30,07g00,CS2,H2-406,82,CO2013,82
2025-12-30,07g00,CS2,H3-201,75,CI2007,75
2025-12-30,07g00,CS2,H3-301,75,CO2013,75
2025-12-30,07g00,CS2,H3-306,75,CI2001,75
2025-12-30,07g00,CS2,H3-401,75,GE2051,74
2025-12-30,07g00,CS2,H3-401,75,IU2001,1
2025-12-30,07g00,CS2,H3-406,75,ME2151,75
2025-12-30,07g00,CS2,H3-501,75,EE3201,75
2025-12-30,07g00,CS2,H3-506,75,EE2019,75
2025-12-30,07g00,CS2,H6-113,68,GE3215,26
2025-12-30,07g00,CS2,H6-113,68,ME2151,42
2025-12-30,07g00,CS2,H6-305,68,AS3035,29
2025-12-30,07g00,CS2,H6-305,68,CI2001,27
2025-12-30,07g00,CS2,H6-305,68,MA3085,12
2025-12-30,07g00,CS2,H6-308,76,IU2001,76
2025-12-30,07g00,CS2,H6-311,71,CI3163,23
2025-12-30,07g00,CS2,H6-311,71,ME3033,48
2025-12-30,07g00,CS2,H6-811,79,EE2019,79
2025-12-30,07g00,CS2,H6-GD,250,CO2013,250
2025-12-30,07g00,CS2,NTD,300,CI2001,300
2025-12-30,09g30,CS1,B1-208,44,SP1037,44
2025-12-30,09g30,CS1,B1-306,44,SP1037,44
2025-12-30,09g30,CS1,B4-305,42,SP1037,37
2025-12-30,09g30,CS1,B4-406,57,SP1037,57
2025-12-30,09g30,CS1,B4-501,42,SP1037,42
2025-12-30,09g30,CS1,B4-502,42,SP1037,42
2025-12-30,09g30,CS1,B4-505,63,SP1037,63
2025-12-30,09g30,CS1,B5-GD,130,SP1037,130
2025-12-30,09g30,CS1,B6-306,42,SP1037,42
2025-12-30,09g30,CS1,C4-502,42,SP1037,42
2025-12-30,09g30,CS1,C6-102,50,SP1037,50
2025-12-30,09g30,CS1,C6-103,50,SP1037,50
2025-12-30,09g30,CS2,H1-101,73,SP1037,73
2025-12-30,09g30,CS2,H1-104,73,SP1037,73
2025-12-30,09g30,CS2,H1-307,71,SP1037,35
2025-12-30,09g30,CS2,H2-201,82,SP1037,82
2025-12-30,09g30,CS2,H2-206,82,SP1037,82
2025-12-30,09g30,CS2,H2-301,82,SP1037,82
2025-12-30,09g30,CS2,H2-306,82,SP1037,82
2025-12-30,09g30,CS2,H2-401,82,SP1037,82
2025-12-30,09g30,CS2,H2-406,82,SP1037,82
2025-12-30,09g30,CS2,H3-201,75,SP1037,75
2025-12-30,09g30,CS2,H3-301,75,SP1037,75
2025-12-30,09g30,CS2,H3-306,75,SP1037,75
2025-12-30,09g30,CS2,H3-401,75,SP1037,75
2025-12-30,09g30,CS2,H3-406,75,SP1037,75
2025-12-30,09g30,CS2,H3-501,75,SP1037,75
2025-12-30,09g30,CS2,H3-506,75,SP1037,75
2025-12-30,09g30,CS2,H6-308,76,SP1037,76
2025-12-30,09g30,CS2,H6-811,79,SP1037,79
2025-12-30,09g30,CS2,H6-GD,250,SP1037,250
2025-12-30,09g30,CS2,NTD,300,SP1037,300
2025-12-30,13g00,CS1,B1-208,44,AS2003,32
2025-12-30,13g00,CS1,B1-208,44,IM3093,12
2025-12-30,13g00,CS1,B1-306,44,CO2103,9
2025-12-30,13g00,CS1,B1-306,44,IM3093,10
2025-12-30,13g00,CS1,B4-406,57,AS2003,6
2025-12-30,13g00,CS1,B4-406,57,CH4125,51
2025-12-30,13g00,CS1,B4-505,63,CH4125,63
2025-12-30,13g00,CS1,B5-GD,130,CO2103,130
2025-12-30,13g00,CS1,C6-102,50,CH2111,37
2025-12-30,13g00,CS1,C6-102,50,IM3093,13
2025-12-30,13g00,CS1,C6-103,50,AS2003,6
2025-12-30,13g00,CS1,C6-103,50,EE4423,44
2025-12-30,13g00,CS2,H6-GD,250,AS2003,63
2025-12-30,13g00,CS2,H6-GD,250,CH2111,43
2025-12-30,13g00,CS2,H6-GD,250,CO2103,35
2025-12-30,13g00,CS2,H6-GD,250,IM3093,92
2025-12-30,13g00,CS2,NTD,300,CH4125,224
2025-12-30,13g00,CS2,NTD,300,CO2103,76
2025-12-30,15g30,CS1,B5-GD,130,CO3085,21
2025-12-30,15g30,CS2,NTD,300,CO3085,62
2025-12-30,15g30,CS2,NTD,300,EE3129,89
2025-12-30,18g15,CS1,B5-GD,130,GK5041,87
2025-12-31,07g00,CS1,B1-208,44,MT2015,44
2025-12-31,07g00,CS1,B1-306,44,CO3001,44
2025-12-31,07g00,CS1,B1-311,42,IM3105,42
2025-12-31,07g00,CS1,B4-305,42,MT2015,42
2025-12-31,07g00,CS1,B4-306,42,CH2017,42
2025-12-31,07g00,CS1,B4-406,57,CO3001,57
2025-12-31,07g00,CS1,B4-501,42,MT2015,42
2025-12-31,07g00,CS1,B4-502,42,CH3133,42
2025-12-31,07g00,CS1,B4-505,63,CO3001,63
2025-12-31,07g00,CS1,B5-GD,130,CO3001,130
2025-12-31,07g00,CS1,B6-306,42,CO3001,42
2025-12-31,07g00,CS1,C4-301,42,CO3001,42
2025-12-31,07g00,CS1,C4-304,42,CI2137,42
2025-12-31,07g00,CS1,C4-402,42,CH3133,42
2025-12-31,07g00,CS1,C4-403,42,MT2015,42
2025-12-31,07g00,CS1,C4-502,42,CH3133,42
2025-12-31,07g00,CS1,C5-303,42,CO3001,41
2025-12-31,07g00,CS1,C5-303,42,ME4135,1
2025-12-31,07g00,CS1,C5-401,42,CH3003,3
2025-12-31,07g00,CS1,C5-401,42,ME4135,39
2025-12-31,07g00,CS1,C5-403,42,CH3003,31
2025-12-31,07g00,CS1,C5-403,42,CI2137,11
2025-12-31,07g00,CS1,C5-502,42,CH3133,13
2025-12-31,07g00,CS1,C5-502,42,EE2039,29
2025-12-31,07g00,CS1,C6-102,50,CO3001,50
2025-12-31,07g00,CS1,C6-103,50,CO3001,50
2025-12-31,07g00,CS1,C6-401,42,CH3133,3
2025-12-31,07g00,CS1,C6-401,42,CI2137,3
2025-12-31,07g00,CS1,C6-401,42,EN3073,14
2025-12-31,07g00,CS1,C6-401,42,IM3105,8
2025-12-31,07g00,CS1,C6-401,42,MA1003,14
2025-12-31,07g00,CS1,C6-402,42,AS3029,15
2025-12-31,07g00,CS1,C6-402,42,CH2017,15
2025-12-31,07g00,CS1,C6-402,42,CH3133,12
2025-12-31,07g00,CS1,C6-403,42,CI2137,17
2025-12-31,07g00,CS1,C6-403,42,MT2015,25
2025-12-31,07g00,CS2,H1-101,73,CH3003,10
2025-12-31,07g00,CS2,H1-101,73,CO3001,63
2025-12-31,07g00,CS2,H1-104,73,CH2017,58
2025-12-31,07g00,CS2,H1-104,73,ME3225,15
2025-12-31,07g00,CS2,H1-204,68,AS3029,34
2025-12-31,07g00,CS2,H1-204,68,CH3003,33
2025-12-31,07g00,CS2,H1-204,68,MA1003,1
2025-12-31,07g00,CS2,H1-307,71,CH3003,18
2025-12-31,07g00,CS2,H1-307,71,IU2035,53
2025-12-31,07g00,CS2,H1-401,66,EE2039,23
2025-12-31,07g00,CS2,H1-401,66,EN3073,19
2025-12-31,07g00,CS2,H1-401,66,TR3133,24
2025-12-31,07g00,CS2,H1-404,66,CI2137,14
2025-12-31,07g00,CS2,H1-404,66,EN3073,1
2025-12-31,07g00,CS2,H1-404,66,GE2001,5
2025-12-31,07g00,CS2,H1-404,66,IU3011,8
2025-12-31,07g00,CS2,H1-404,66,MA4067,9
2025-12-31,07g00,CS2,H1-404,66,ME4135,17
2025-12-31,07g00,CS2,H2-201,82,CI2137,82
2025-12-31,07g00,CS2,H2-206,82,CI2137,82
2025-12-31,07g00,CS2,H2-207,71,EE3067,47
2025-12-31,07g00,CS2,H2-207,71,EN3073,24
2025-12-31,07g00,CS2,H2-301,82,IM3105,82
2025-12-31,07g00,CS2,H2-306,82,CH3133,82
2025-12-31,07g00,CS2,H2-401,82,CO3001,82
2025-12-31,07g00,CS2,H2-406,82,MA1003,82
2025-12-31,07g00,CS2,H3-201,75,CI2137,75
2025-12-31,07g00,CS2,H3-301,75,MA1003,75
2025-12-31,07g00,CS2,H3-306,75,IU2035,75
2025-12-31,07g00,CS2,H3-401,75,CH3003,6
2025-12-31,07g00,CS2,H3-401,75,IM3105,69
2025-12-31,07g00,CS2,H3-406,75,CO3001,75
2025-12-31,07g00,CS2,H3-501,75,GE2001,75
2025-12-31,07g00,CS2,H3-506,75,CH3133,73
2025-12-31,07g00,CS2,H3-506,75,IM3105,2
2025-12-31,07g00,CS2,H6-113,68,IU3011,29
2025-12-31,07g00,CS2,H6-113,68,ME4311,39
2025-12-31,07g00,CS2,H6-305,68,MA1003,32
2025-12-31,07g00,CS2,H6-305,68,ME4135,8
2025-12-31,07g00,CS2,H6-305,68,TR3059,28
2025-12-31,07g00,CS2,H6-308,76,CH3133,76
2025-12-31,07g00,CS2,H6-311,71,MA4067,30
2025-12-31,07g00,CS2,H6-311,71,ME3225,41
2025-12-31,07g00,CS2,H6-811,79,IM3105,79
2025-12-31,07g00,CS2,H6-GD,250,EE2039,250
2025-12-31,07g00,CS2,NTD,300,CO3001,300
2025-12-31,09g30,CS1,B4-406,57,LA4007,2
2025-12-31,09g30,CS1,B4-406,57,ME2003,40
2025-12-31,09g30,CS1,B4-505,63,LA4007,63
2025-12-31,09g30,CS1,B5-GD,130,ME2003,130
2025-12-31,09g30,CS2,H6-GD,250,EE3127,17
2025-12-31,09g30,CS2,H6-GD,250,ME2003,125
2025-12-31,09g30,CS2,NTD,300,ME2003,300
2025-12-31,13g00,CS1,B1-208,44,ME3013,11
2025-12-31,13g00,CS1,B1-208,44,SP1043,33
2025-12-31,13g00,CS1,B1-306,44,ME4007,23
2025-12-31,13g00,CS1,B1-306,44,MT1009,21
2025-12-31,13g00,CS1,B4-406,57,SP1043,57
2025-12-31,13g00,CS1,B4-502,42,ME3013,15
2025-12-31,13g00,CS1,B4-505,63,MT1009,63
2025-12-31,13g00,CS1,B5-GD,130,MT1009,130
2025-12-31,13g00,CS1,C6-102,50,EE3401,45
2025-12-31,13g00,CS1,C6-102,50,SP1043,5
2025-12-31,13g00,CS1,C6-103,50,MT1009,50
2025-12-31,13g00,CS2,H2-201,82,MT1009,82
2025-12-31,13g00,CS2,H2-206,82,ME3013,40
2025-12-31,13g00,CS2,H2-206,82,MT1009,42
2025-12-31,13g00,CS2,H2-301,82,MT1009,82
2025-12-31,13g00,CS2,H2-306,82,MT1009,82
2025-12-31,13g00,CS2,H2-401,82,ME3013,82
2025-12-31,13g00,CS2,H2-406,82,EE3087,21
2025-12-31,13g00,CS2,H2-406,82,ME4007,61
2025-12-31,13g00,CS2,H6-811,79,EE3087,28
2025-12-31,13g00,CS2,H6-811,79,ME3007,24
2025-12-31,13g00,CS2,H6-GD,250,MT1009,250
2025-12-31,13g00,CS2,NTD,300,MT1009,300
2025-12-31,15g30,CS1,B4-505,63,CH2053,16
2025-12-31,15g30,CS1,B4-505,63,CO3029,45
2025-12-31,15g30,CS1,B5-GD,130,CH2053,130
2025-12-31,15g30,CS2,H6-GD,250,CH2053,94
2025-12-31,15g30,CS2,NTD,300,CH2053,75
2025-12-31,15g30,CS2,NTD,300,CO3029,225
2025-12-31,18g15,CS1,B5-GD,130,CH5665,8
2025-12-31,18g15,CS1,B5-GD,130,CO5159,42
2025-12-31,18g15,CS1,B5-GD,130,IM5129,14
2026-01-02,07g00,CS1,B1-208,44,CO2011,44
2026-01-02,07g00,CS1,B1-212,38,EE2081,38
2026-01-02,07g00,CS1,B1-213,38,CO2011,38
2026-01-02,07g00,CS1,B1-305,38,TR3001,38
2026-01-02,07g00,CS1,B1-306,44,EE2081,44
2026-01-02,07g00,CS1,B1-308,38,CH2003,38
2026-01-02,07g00,CS1,B1-311,42,EE2081,42
2026-01-02,07g00,CS1,B10-203,37,CH4101,31
2026-01-02,07g00,CS1,B10-203,37,CI2003,6
2026-01-02,07g00,CS1,B4-305,42,CO2011,42
2026-01-02,07g00,CS1,B4-306,42,EE2015,42
2026-01-02,07g00,CS1,B4-406,57,CO2011,57
2026-01-02,07g00,CS1,B4-501,42,CO2011,42
2026-01-02,07g00,CS1,B4-502,42,CH2003,42
2026-01-02,07g00,CS1,B4-505,63,CO2011,63
2026-01-02,07g00,CS1,B5-GD,130,CO2011,130
2026-01-02,07g00,CS1,B6-306,42,EE2081,42
2026-01-02,07g00,CS1,B8-301,35,CI2003,24
2026-01-02,07g00,CS1,B8-301,35,EE3117,11
2026-01-02,07g00,CS1,B8-303,33,EE3089,17
2026-01-02,07g00,CS1,B8-303,33,EE3117,13
2026-01-02,07g00,CS1,B8-303,33,ME4133,3
2026-01-02,07g00,CS1,B8-304,33,CH2003,4
2026-01-02,07g00,CS1,B8-304,33,CI1003,2
2026-01-02,07g00,CS1,B8-304,33,CO2011,1
2026-01-02,07g00,CS1,B8-304,33,EE2015,1
2026-01-02,07g00,CS1,B8-304,33,EE2081,5
2026-01-02,07g00,CS1,B8-304,33,ME4133,6
2026-01-02,07g00,CS1,B8-304,33,TR3001,5
2026-01-02,07g00,CS1,C4-301,42,EE2081,42
2026-01-02,07g00,CS1,C4-304,42,CH2003,42
2026-01-02,07g00,CS1,C4-402,42,CO2011,42
2026-01-02,07g00,CS1,C4-403,42,CI2003,42
2026-01-02,07g00,CS1,C4-502,42,CH2003,42
2026-01-02,07g00,CS1,C5-303,42,TR3001,42
2026-01-02,07g00,CS1,C5-401,42,CH2003,42
2026-01-02,07g00,CS1,C5-403,42,CO2011,42
2026-01-02,07g00,CS1,C5-502,42,CI2003,42
2026-01-02,07g00,CS1,C5-503,42,EE2015,42
2026-01-02,07g00,CS1,C6-102,50,CH2003,50
2026-01-02,07g00,CS1,C6-103,50,EE2081,50
2026-01-02,07g00,CS1,C6-401,42,CI1003,42
2026-01-02,07g00,CS1,C6-402,42,ME4133,42
2026-01-02,07g00,CS1,C6-403,42,EE3089,42
2026-01-02,07g00,CS2,H1-101,73,EE2015,73
2026-01-02,07g00,CS2,H1-104,73,EE2081,73
2026-01-02,07g00,CS2,H1-204,68,CH4101,68
2026-01-02,07g00,CS2,H1-307,71,CH2003,71
2026-01-02,07g00,CS2,H1-401,66,EE2081,6
2026-01-02,07g00,CS2,H1-401,66,EE3117,60
2026-01-02,07g00,CS2,H1-404,66,CI2003,8
2026-01-02,07g00,CS2,H1-404,66,TR3001,58
2026-01-02,07g00,CS2,H2-201,82,CO2011,82
2026-01-02,07g00,CS2,H2-206,82,CO2011,82
2026-01-02,07g00,CS2,H2-207,71,CI2003,71
2026-01-02,07g00,CS2,H2-301,82,EE2081,82
2026-01-02,07g00,CS2,H2-306,82,CO2011,82
2026-01-02,07g00,CS2,H2-401,82,EE2081,82
2026-01-02,07g00,CS2,H2-406,82,CI2003,82
2026-01-02,07g00,CS2,H3-201,75,EE2081,75
2026-01-02,07g00,CS2,H3-301,75,EE2015,75
2026-01-02,07g00,CS2,H3-306,75,CO2011,75
2026-01-02,07g00,CS2,H3-401,75,CO2011,75
2026-01-02,07g00,CS2,H3-406,75,CI2003,75
2026-01-02,07g00,CS2,H3-501,75,CH2003,75
2026-01-02,07g00,CS2,H3-506,75,CI2003,75
2026-01-02,07g00,CS2,H6-113,68,EE2015,68
2026-01-02,07g00,CS2,H6-201,63,EE2015,23
2026-01-02,07g00,CS2,H6-201,63,EE2081,40
2026-01-02,07g00,CS2,H6-211,66,CO2011,54
2026-01-02,07g00,CS2,H6-211,66,EE2081,12
2026-01-02,07g00,CS2,H6-305,68,CH2003,63
2026-01-02,07g00,CS2,H6-305,68,EE2081,5
2026-01-02,07g00,CS2,H6-308,76,EE2081,76
2026-01-02,07g00,CS2,H6-311,71,CO2011,71
2026-01-02,07g00,CS2,H6-412,65,CI2003,49
2026-01-02,07g00,CS2,H6-412,65,ME4133,16
2026-01-02,07g00,CS2,H6-802,63,CH4101,13
2026-01-02,07g00,CS2,H6-802,63,EE2015,7
2026-01-02,07g00,CS2,H6-802,63,EE3089,20
2026-01-02,07g00,CS2,H6-810,63,EE3017,27
2026-01-02,07g00,CS2,H6-810,63,EE3089,6
2026-01-02,07g00,CS2,H6-810,63,ME4133,30
2026-01-02,07g00,CS2,H6-811,79,CH2003,79
2026-01-02,07g00,CS2,H6-GD,250,CI2003,250
2026-01-02,07g00,CS2,NTD,300,CI2003,300
2026-01-02,09g30,CS1,B5-GD,130,AS2049,3
2026-01-02,09g30,CS1,B5-GD,130,AS3093,13
2026-01-02,09g30,CS1,B5-GD,130,MA2033,15
2026-01-02,09g30,CS1,B5-GD,130,MA3019,21
2026-01-02,09g30,CS1,B5-GD,130,MA4139,10
2026-01-02,09g30,CS2,H2-201,82,CO3033,13
2026-01-02,09g30,CS2,H2-201,82,IM4001,15
2026-01-02,09g30,CS2,H2-201,82,MA4125,4
2026-01-02,09g30,CS2,H2-201,82,ME2113,24
2026-01-02,09g30,CS2,H2-201,82,TR4021,22
2026-01-02,09g30,CS2,H6-GD,250,EN3207,28
2026-01-02,09g30,CS2,H6-GD,250,GE2065,30
2026-01-02,09g30,CS2,H6-GD,250,GE3137,46
2026-01-02,09g30,CS2,H6-GD,250,MA4125,22
2026-01-02,09g30,CS2,H6-GD,250,ME2065,55
2026-01-02,09g30,CS2,H6-GD,250,ME4615,69
2026-01-02,09g30,CS2,NTD,300,GE2053,78
2026-01-02,09g30,CS2,NTD,300,MA2033,177
2026-01-02,09g30,CS2,NTD,300,ME2113,45
2026-01-02,13g00,CS1,B1-208,44,CH3351,15
2026-01-02,13g00,CS1,B1-208,44,CO3067,2
2026-01-02,13g00,CS1,B1-208,44,IM3047,27
2026-01-02,13g00,CS1,B1-306,44,CO3067,10
2026-01-02,13g00,CS1,B1-306,44,ME2089,3
2026-01-02,13g00,CS1,B4-406,57,AS1003,45
2026-01-02,13g00,CS1,B4-406,57,EE2035,12
2026-01-02,13g00,CS1,B4-505,63,IM3047,63
2026-01-02,13g00,CS1,B5-GD,130,ME2089,130
2026-01-02,13g00,CS1,C6-102,50,CH3351,17
2026-01-02,13g00,CS1,C6-102,50,EE2035,33
2026-01-02,13g00,CS1,C6-103,50,CH3341,43
2026-01-02,13g00,CS1,C6-103,50,IM3047,7
2026-01-02,13g00,CS2,H2-201,82,EE2035,82
2026-01-02,13g00,CS2,H2-206,82,CH3351,64
2026-01-02,13g00,CS2,H2-206,82,PH2001,18
2026-01-02,13g00,CS2,H2-301,82,ME2089,82
2026-01-02,13g00,CS2,H2-306,82,EE2035,82
2026-01-02,13g00,CS2,H2-401,82,IM3047,82
2026-01-02,13g00,CS2,H2-406,82,AS1003,82
2026-01-02,13g00,CS2,H3-306,75,AS1003,16
2026-01-02,13g00,CS2,H3-306,75,IM3047,19
2026-01-02,13g00,CS2,H3-306,75,IU3067,11
2026-01-02,13g00,CS2,H3-306,75,PH2001,7
2026-01-02,13g00,CS2,H3-406,75,CO3067,20
2026-01-02,13g00,CS2,H3-406,75,EE2035,20
2026-01-02,13g00,CS2,H3-406,75,IU3067,9
2026-01-02,13g00,CS2,H3-406,75,ME2089,26
2026-01-02,13g00,CS2,H6-308,76,CH3341,42
2026-01-02,13g00,CS2,H6-308,76,PH2001,34
2026-01-02,13g00,CS2,H6-811,79,CI4145,50
2026-01-02,13g00,CS2,H6-811,79,CO3067,29
2026-01-02,13g00,CS2,H6-GD,250,ME2089,250
2026-01-02,13g00,CS2,NTD,300,IM3047,300
2026-01-02,15g30,CS1,B4-505,63,CO3061,6
2026-01-02,15g30,CS1,B5-GD,130,CO3061,130
2026-01-02,15g30,CS2,NTD,300,CO3061,160
2026-01-02,18g15,CS1,B4-505,63,CH5747,27
2026-01-02,18g15,CS1,B4-505,63,CI5777,16
2026-01-02,18g15,CS1,B4-505,63,MA5071,12
2026-01-02,18g15,CS1,B5-GD,130,CH5711,58
2026-01-02,18g15,CS1,B5-GD,130,CH5747,1
2026-01-02,18g15,CS1,B5-GD,130,CO5111,30
2026-01-02,18g15,CS1,B5-GD,130,CO5175,41
2026-01-03,07g00,CS1,B1-208,44,EE3035,5
2026-01-03,07g00,CS1,B1-208,44,EE3189,6
2026-01-03,07g00,CS1,B1-208,44,EN5075,5
2026-01-03,07g00,CS1,B1-208,44,MA2037,10
2026-01-03,07g00,CS1,B1-208,44,MA4065,7
2026-01-03,07g00,CS1,B1-208,44,ME5091,4
2026-01-03,07g00,CS1,B4-406,57,CO4033,30
2026-01-03,07g00,CS1,B4-406,57,IM4003,27
2026-01-03,07g00,CS1,B4-505,63,ME3005,17
2026-01-03,07g00,CS1,B4-505,63,MT1013,46
2026-01-03,07g00,CS1,B5-GD,130,CO5097,107
2026-01-03,07g00,CS1,B5-GD,130,MT1013,23
2026-01-03,07g00,CS1,C6-102,50,AS3031,13
2026-01-03,07g00,CS1,C6-102,50,CH3131,15
2026-01-03,07g00,CS1,C6-102,50,EE3189,5
2026-01-03,07g00,CS1,C6-102,50,TR4057,17
2026-01-03,07g00,CS1,C6-103,50,CI5239,26
2026-01-03,07g00,CS1,C6-103,50,ME3005,23
2026-01-03,07g00,CS1,C6-103,50,TR4057,1
2026-01-03,07g00,CS2,H2-201,82,CO4033,60
2026-01-03,07g00,CS2,H2-201,82,EE3035,22
2026-01-03,07g00,CS2,H2-206,82,AS3031,7
2026-01-03,07g00,CS2,H2-206,82,CH4063,11
2026-01-03,07g00,CS2,H2-206,82,CI4159,7
2026-01-03,07g00,CS2,H2-206,82,GE3203,1
2026-01-03,07g00,CS2,H2-301,82,AS3031,32
2026-01-03,07g00,CS2,H2-301,82,GE4091,50
2026-01-03,07g00,CS2,H2-306,82,CH4107,38
2026-01-03,07g00,CS2,H2-306,82,CI3237,39
2026-01-03,07g00,CS2,H2-306,82,EE3035,5
2026-01-03,07g00,CS2,H2-401,82,EE3101,32
2026-01-03,07g00,CS2,H2-401,82,ME3005,35
2026-01-03,07g00,CS2,H2-401,82,TR3039,15
2026-01-03,07g00,CS2,H2-406,82,CI4159,9
2026-01-03,07g00,CS2,H2-406,82,EE3035,31
2026-01-03,07g00,CS2,H2-406,82,EN3211,25
2026-01-03,07g00,CS2,H2-406,82,TR3039,17
2026-01-03,07g00,CS2,H6-GD,250,CH3131,78
2026-01-03,07g00,CS2,H6-GD,250,CI3237,21
2026-01-03,07g00,CS2,H6-GD,250,EN2065,87
2026-01-03,07g00,CS2,H6-GD,250,MA4065,64
2026-01-03,07g00,CS2,NTD,300,EN2065,32
2026-01-03,07g00,CS2,NTD,300,IM4003,135
2026-01-03,07g00,CS2,NTD,300,IU2031,133
2026-01-03,09g30,CS1,B1-208,44,SP1035,44
2026-01-03,09g30,CS1,B1-306,44,SP1035,44
2026-01-03,09g30,CS1,B4-305,42,SP1035,42
2026-01-03,09g30,CS1,B4-406,57,SP1035,57
2026-01-03,09g30,CS1,B4-501,42,SP1035,42
2026-01-03,09g30,CS1,B4-502,42,SP1035,42
2026-01-03,09g30,CS1,B4-505,63,SP1035,63
2026-01-03,09g30,CS1,B5-GD,130,SP1035,130
2026-01-03,09g30,CS1,B6-306,42,SP1035,42
2026-01-03,09g30,CS1,C4-301,42,SP1035,42
2026-01-03,09g30,CS1,C4-304,42,SP1035,42
2026-01-03,09g30,CS1,C4-402,42,SP1035,42
2026-01-03,09g30,CS1,C4-403,42,SP1035,28
2026-01-03,09g30,CS1,C4-502,42,SP1035,42
2026-01-03,09g30,CS1,C6-102,50,SP1035,50
2026-01-03,09g30,CS1,C6-103,50,SP1035,50
2026-01-03,09g30,CS2,H2-201,82,SP1035,82
2026-01-03,09g30,CS2,H2-206,82,SP1035,82
2026-01-03,09g30,CS2,H2-301,82,SP1035,82
2026-01-03,09g30,CS2,H2-306,82,SP1035,82
2026-01-03,09g30,CS2,H2-401,82,SP1035,82
2026-01-03,09g30,CS2,H2-406,82,SP1035,82
2026-01-03,09g30,CS2,H3-201,75,SP1035,75
2026-01-03,09g30,CS2,H3-301,75,SP1035,75
2026-01-03,09g30,CS2,H3-306,75,SP1035,75
2026-01-03,09g30,CS2,H3-406,75,SP1035,75
2026-01-03,09g30,CS2,H3-501,75,SP1035,32
2026-01-03,09g30,CS2,H6-308,76,SP1035,76
2026-01-03,09g30,CS2,H6-811,79,SP1035,79
2026-01-03,09g30,CS2,H6-GD,250,SP1035,250
2026-01-03,09g30,CS2,NTD,300,SP1035,300
2026-01-03,13g00,CS1,B4-406,57,CI5253,2
2026-01-03,13g00,CS1,B4-406,57,CO5185,29
2026-01-03,13g00,CS1,B4-406,57,TR2039,26
2026-01-03,13g00,CS1,B4-505,63,CH5607,47
2026-01-03,13g00,CS1,B4-505,63,TR2039,16
2026-01-03,13g00,CS1,B5-GD,130,IM1019,130
2026-01-03,13g00,CS1,C6-102,50,IM1019,8
2026-01-03,13g00,CS1,C6-103,50,CH4087,16
2026-01-03,13g00,CS1,C6-103,50,CH5653,12
2026-01-03,13g00,CS1,C6-103,50,CI5253,20
2026-01-03,13g00,CS1,C6-103,50,IM1019,2
2026-01-03,13g00,CS2,H6-GD,250,CH4087,47
2026-01-03,13g00,CS2,H6-GD,250,EE3171,33
2026-01-03,13g00,CS2,H6-GD,250,EN1005,20
2026-01-03,13g00,CS2,H6-GD,250,IU1005,11
2026-01-03,13g00,CS2,H6-GD,250,ME2071,23
2026-01-03,13g00,CS2,H6-GD,250,TR2039,57
2026-01-03,13g00,CS2,NTD,300,EN1005,60
2026-01-03,13g00,CS2,NTD,300,IM1019,240
2026-01-03,15g30,CS1,B5-GD,130,CO3043,71
2026-01-03,15g30,CS2,NTD,300,CO3043,130
2026-01-04,07g00,CS1,B1-208,44,GK5033,44
2026-01-04,07g00,CS1,B1-306,44,IM3073,44
2026-01-04,07g00,CS1,B4-305,42,AS3075,21
2026-01-04,07g00,CS1,B4-305,42,CI2157,21
2026-01-04,07g00,CS1,B4-406,57,GK5033,57
2026-01-04,07g00,CS1,B4-501,42,IM1025,42
2026-01-04,07g00,CS1,B4-502,42,AS2013,42
2026-01-04,07g00,CS1,B4-505,63,IM1025,63
2026-01-04,07g00,CS1,B5-GD,130,IM1025,130
2026-01-04,07g00,CS1,B6-306,42,TR4087,42
2026-01-04,07g00,CS1,C4-301,42,EE2419,18
2026-01-04,07g00,CS1,C4-301,42,MA3139,6
2026-01-04,07g00,CS1,C4-301,42,PH1009,18
2026-01-04,07g00,CS1,C4-304,42,CH2109,10
2026-01-04,07g00,CS1,C4-304,42,MA3113,15
2026-01-04,07g00,CS1,C4-304,42,PH2003,17
2026-01-04,07g00,CS1,C4-402,42,CH4115,10
2026-01-04,07g00,CS1,C4-402,42,CI3259,6
2026-01-04,07g00,CS1,C4-402,42,EE3411,11
2026-01-04,07g00,CS1,C4-402,42,GK5033,4
2026-01-04,07g00,CS1,C4-402,42,MA3139,11
2026-01-04,07g00,CS1,C4-403,42,AS2013,4
2026-01-04,07g00,CS1,C4-403,42,CH2109,4
2026-01-04,07g00,CS1,C4-403,42,GK5033,2
2026-01-04,07g00,CS1,C4-403,42,IM1025,2
2026-01-04,07g00,CS1,C4-403,42,IM3073,5
2026-01-04,07g00,CS1,C4-403,42,MA4079,6
2026-01-04,07g00,CS1,C4-403,42,MA4181,5
2026-01-04,07g00,CS1,C4-502,42,CH4111,24
2026-01-04,07g00,CS1,C4-502,42,MA4079,18
2026-01-04,07g00,CS1,C6-102,50,EE3411,50
2026-01-04,07g00,CS1,C6-103,50,IM1025,50
2026-01-04,07g00,CS2,H2-201,82,IM1025,82
2026-01-04,07g00,CS2,H2-206,82,AS2013,2
2026-01-04,07g00,CS2,H2-206,82,AS2069,80
2026-01-04,07g00,CS2,H2-301,82,IM1025,82
2026-01-04,07g00,CS2,H2-306,82,ME4025,82
2026-01-04,07g00,CS2,H2-401,82,IM1025,82
2026-01-04,07g00,CS2,H2-406,82,IM3073,82
2026-01-04,07g00,CS2,H3-201,75,GE2069,42
2026-01-04,07g00,CS2,H3-201,75,IM1025,33
2026-01-04,07g00,CS2,H3-301,75,CH2109,42
2026-01-04,07g00,CS2,H3-301,75,CI4139,33
2026-01-04,07g00,CS2,H3-306,75,CH4115,24
2026-01-04,07g00,CS2,H3-306,75,ME2139,51
2026-01-04,07g00,CS2,H3-401,75,CI3259,5
2026-01-04,07g00,CS2,H3-401,75,CI3263,16
2026-01-04,07g00,CS2,H3-401,75,CI4139,9
2026-01-04,07g00,CS2,H3-401,75,GE4033,10
2026-01-04,07g00,CS2,H3-401,75,IM1025,4
2026-01-04,07g00,CS2,H3-401,75,MA2011,7
2026-01-04,07g00,CS2,H3-401,75,MA3089,16
2026-01-04,07g00,CS2,H3-401,75,MA4025,8
2026-01-04,07g00,CS2,H3-406,75,IM1025,15
2026-01-04,07g00,CS2,H3-406,75,PH2003,60
2026-01-04,07g00,CS2,H3-501,75,CI3263,10
2026-01-04,07g00,CS2,H3-501,75,IU3057,36
2026-01-04,07g00,CS2,H3-501,75,TR4087,29
2026-01-04,07g00,CS2,H3-506,75,CH4115,19
2026-01-04,07g00,CS2,H3-506,75,CI3259,14
2026-01-04,07g00,CS2,H3-506,75,CI4147,22
2026-01-04,07g00,CS2,H3-506,75,CI4155,20
2026-01-04,07g00,CS2,H6-308,76,AS2013,64
2026-01-04,07g00,CS2,H6-308,76,ME2139,12
2026-01-04,07g00,CS2,H6-811,79,IM1025,13
2026-01-04,07g00,CS2,H6-811,79,ME4025,66
2026-01-04,07g00,CS2,H6-GD,250,IM1025,250
2026-01-04,07g00,CS2,NTD,300,IM1025,300
2026-01-04,09g30,CS1,B4-406,57,CI5143,2
2026-01-04,09g30,CS1,B4-406,57,EE5195,27
2026-01-04,09g30,CS1,B4-406,57,IM5111,28
2026-01-04,09g30,CS1,B4-505,63,CI5405,37
2026-01-04,09g30,CS1,B4-505,63,CO5137,26
2026-01-04,09g30,CS1,B5-GD,130,CH5699,41
2026-01-04,09g30,CS1,B5-GD,130,IM1013,89
2026-01-04,09g30,CS1,C6-102,50,CH5699,1
2026-01-04,09g30,CS1,C6-102,50,CO5137,5
2026-01-04,09g30,CS1,C6-102,50,EN5147,7
2026-01-04,09g30,CS1,C6-102,50,MA5067,8
2026-01-04,09g30,CS1,C6-102,50,ME5087,8
2026-01-04,09g30,CS1,C6-103,50,CH5741,13
2026-01-04,09g30,CS1,C6-103,50,CI5143,20
2026-01-04,09g30,CS1,C6-103,50,CI5249,14
2026-01-04,09g30,CS1,C6-103,50,EN5147,3
2026-01-04,09g30,CS2,NTD,300,IM1013,158
2026-01-04,13g00,CS1,B1-208,44,TR3011,44
2026-01-04,13g00,CS1,B1-306,44,CO3117,25
2026-01-04,13g00,CS1,B1-306,44,IM1031,19
2026-01-04,13g00,CS1,B4-406,57,EE3097,57
2026-01-04,13g00,CS1,B4-501,42,CH3329,6
2026-01-04,13g00,CS1,B4-501,42,EN3087,12
2026-01-04,13g00,CS1,B4-501,42,IM1031,5
2026-01-04,13g00,CS1,B4-501,42,ME3003,8
2026-01-04,13g00,CS1,B4-501,42,TR3011,11
2026-01-04,13g00,CS1,B4-502,42,EE2005,22
2026-01-04,13g00,CS1,B4-502,42,EE3097,16
2026-01-04,13g00,CS1,B4-502,42,EN3087,4
2026-01-04,13g00,CS1,B4-505,63,CH3329,63
2026-01-04,13g00,CS1,B5-GD,130,CO3117,130
2026-01-04,13g00,CS1,C6-102,50,CH3329,50
2026-01-04,13g00,CS1,C6-103,50,ME3003,50
2026-01-04,13g00,CS2,H2-201,82,EE3097,82
2026-01-04,13g00,CS2,H2-206,82,EE1005,16
2026-01-04,13g00,CS2,H2-206,82,ME2049,66
2026-01-04,13g00,CS2,H2-301,82,CH3329,82
2026-01-04,13g00,CS2,H2-306,82,CI4131,82
2026-01-04,13g00,CS2,H2-401,82,EE2005,82
2026-01-04,13g00,CS2,H2-406,82,EE3097,5
2026-01-04,13g00,CS2,H2-406,82,IM1031,77
2026-01-04,13g00,CS2,H3-301,75,CI4131,21
2026-01-04,13g00,CS2,H3-301,75,EE1005,9
2026-01-04,13g00,CS2,H3-301,75,EE2005,8
2026-01-04,13g00,CS2,H3-301,75,IM3077,14
2026-01-04,13g00,CS2,H3-306,75,AS3061,25
2026-01-04,13g00,CS2,H3-306,75,CH3329,37
2026-01-04,13g00,CS2,H3-306,75,EE1005,13
2026-01-04,13g00,CS2,H3-406,75,EE3097,46
2026-01-04,13g00,CS2,H3-406,75,IM3077,29
2026-01-04,13g00,CS2,H6-308,76,EE1005,26
2026-01-04,13g00,CS2,H6-308,76,EN3087,50
2026-01-04,13g00,CS2,H6-811,79,EE3011,63
2026-01-04,13g00,CS2,H6-811,79,EE3097,16
2026-01-04,13g00,CS2,H6-GD,250,CI4131,72
2026-01-04,13g00,CS2,H6-GD,250,CO3117,178
2026-01-04,13g00,CS2,NTD,300,CO3117,2
2026-01-04,13g00,CS2,NTD,300,ME3003,298
2026-01-04,15g30,CS1,B4-505,63,CH5647,23
2026-01-04,15g30,CS1,B4-505,63,TR5069,11
2026-01-04,15g30,CS1,B5-GD,130,CH5647,5
2026-01-04,15g30,CS1,B5-GD,130,CO5173,125
