DATE_ONLY,TIME,CAMPUS,ROOM ID,ROOM CAPACITY,ROOM EXAM CAPACITY,COURSE ID,ALLOCATED STUDENTS
2025-12-15,07g00,CS1,B1-208,84,44,CO3057,40
2025-12-15,07g00,CS1,B1-208,84,44,MT2013,44
2025-12-15,07g00,CS1,B1-306,84,44,EE3093,12
2025-12-15,07g00,CS1,B1-306,84,44,MT2009,28
2025-12-15,07g00,CS1,B1-306,84,44,MT2013,44
2025-12-15,07g00,CS1,B1-311,80,42,MT2013,42
2025-12-15,07g00,CS1,B4-305,80,42,MT2013,42
2025-12-15,07g00,CS1,B4-306,80,42,MT2013,42
2025-12-15,07g00,CS1,B4-406,108,57,MT2009,51
2025-12-15,07g00,CS1,B4-406,108,57,MT2013,57
2025-12-15,07g00,CS1,B4-501,80,42,MT2013,42
2025-12-15,07g00,CS1,B4-502,80,42,CO3057,13
2025-12-15,07g00,CS1,B4-502,80,42,EE3093,4
2025-12-15,07g00,CS1,B4-502,80,42,IM3055,16
2025-12-15,07g00,CS1,B4-502,80,42,MT2013,42
2025-12-15,07g00,CS1,B4-505,120,63,MT2009,57
2025-12-15,07g00,CS1,B4-505,120,63,MT2013,63
2025-12-15,07g00,CS1,B5-GD,130,130,MT2013,130
2025-12-15,07g00,CS1,B6-306,80,42,MT2013,42
2025-12-15,07g00,CS1,C4-301,80,42,MT2013,42
2025-12-15,07g00,CS1,C4-304,80,42,MT2013,42
2025-12-15,07g00,CS1,C4-402,80,42,MT2013,42
2025-12-15,07g00,CS1,C4-403,80,42,MT2013,42
2025-12-15,07g00,CS1,C4-502,80,42,MT2013,42
2025-12-15,07g00,CS1,C5-303,80,42,MT2013,42
2025-12-15,07g00,CS1,C5-401,80,42,MT2013,16
2025-12-15,07g00,CS1,C6-102,100,50,EE3093,50
2025-12-15,07g00,CS1,C6-102,100,50,MT2013,50
2025-12-15,07g00,CS1,C6-103,100,50,MT2009,50
2025-12-15,07g00,CS1,C6-103,100,50,MT2013,50
2025-12-15,07g00,CS2,H1-101,138,73,MT2013,73
2025-12-15,07g00,CS2,H1-104,138,73,MT2013,73
2025-12-15,07g00,CS2,H1-204,129,68,MT2013,68
2025-12-15,07g00,CS2,H1-307,135,71,MT2013,71
2025-12-15,07g00,CS2,H1-401,126,66,MT2013,66
2025-12-15,07g00,CS2,H1-404,126,66,MT2013,66
2025-12-15,07g00,CS2,H1-405,120,63,MT2013,63
2025-12-15,07g00,CS2,H2-201,156,82,CO3057,64
2025-12-15,07g00,CS2,H2-201,156,82,EE3093,10
2025-12-15,07g00,CS2,H2-201,156,82,MT2013,82
2025-12-15,07g00,CS2,H2-206,156,82,MT2013,82
2025-12-15,07g00,CS2,H2-207,135,71,MT2013,71
2025-12-15,07g00,CS2,H2-301,156,82,MT2013,82
2025-12-15,07g00,CS2,H2-306,156,82,CI4197,11
2025-12-15,07g00,CS2,H2-306,156,82,IM3055,28
2025-12-15,07g00,CS2,H2-306,156,82,MT2013,82
2025-12-15,07g00,CS2,H2-401,156,82,CI4197,30
2025-12-15,07g00,CS2,H2-401,156,82,EE3093,44
2025-12-15,07g00,CS2,H2-401,156,82,MT2013,82
2025-12-15,07g00,CS2,H2-406,156,82,EE3063,52
2025-12-15,07g00,CS2,H2-406,156,82,IM3055,22
2025-12-15,07g00,CS2,H2-406,156,82,MT2013,82
2025-12-15,07g00,CS2,H3-201,142,75,MT2013,75
2025-12-15,07g00,CS2,H3-301,142,75,MT2013,75
2025-12-15,07g00,CS2,H3-306,142,75,MT2013,75
2025-12-15,07g00,CS2,H3-401,142,75,MT2013,75
2025-12-15,07g00,CS2,H3-406,142,75,MT2013,75
2025-12-15,07g00,CS2,H3-501,142,75,MT2013,75
2025-12-15,07g00,CS2,H3-506,142,75,MT2013,75
2025-12-15,07g00,CS2,H6-113,129,68,MT2013,68
2025-12-15,07g00,CS2,H6-201,120,63,MT2013,35
2025-12-15,07g00,CS2,H6-211,126,66,MT2013,66
2025-12-15,07g00,CS2,H6-305,129,68,MT2013,68
2025-12-15,07g00,CS2,H6-308,144,76,MT2013,76
2025-12-15,07g00,CS2,H6-311,135,71,MT2013,71
2025-12-15,07g00,CS2,H6-405,120,63,MT2013,63
2025-12-15,07g00,CS2,H6-412,123,65,MT2013,65
2025-12-15,07g00,CS2,H6-802,120,63,MT2013,63
2025-12-15,07g00,CS2,H6-810,120,63,MT2013,63
2025-12-15,07g00,CS2,H6-811,150,79,MT2013,79
2025-12-15,07g00,CS2,H6-GD,250,250,MT2013,250
2025-12-15,09g30,CS1,B4-406,108,57,EE2405,39
2025-12-15,09g30,CS1,B4-406,108,57,IM1029,57
2025-12-15,09g30,CS1,B4-406,108,57,TR4073,12
2025-12-15,09g30,CS1,B4-505,120,63,EE2405,57
2025-12-15,09g30,CS1,B4-505,120,63,IM1029,63
2025-12-15,09g30,CS1,B5-GD,130,130,EE2405,130
2025-12-15,09g30,CS1,C6-102,100,50,CH3399,15
2025-12-15,09g30,CS1,C6-102,100,50,MA3153,9
2025-12-15,09g30,CS1,C6-102,100,50,MA4185,7
2025-12-15,09g30,CS1,C6-102,100,50,TR4073,1
2025-12-15,09g30,CS1,C6-103,100,50,AS3055,17
2025-12-15,09g30,CS1,C6-103,100,50,IM3101,27
2025-12-15,09g30,CS1,C6-103,100,50,MA2035,18
2025-12-15,09g30,CS1,C6-103,100,50,MA3145,23
2025-12-15,09g30,CS1,C6-103,100,50,TR4073,15
2025-12-15,09g30,CS2,H2-201,156,82,CH3399,8
2025-12-15,09g30,CS2,H2-201,156,82,CI2043,3
2025-12-15,09g30,CS2,H2-201,156,82,CI3245,13
2025-12-15,09g30,CS2,H2-201,156,82,EN3025,2
2025-12-15,09g30,CS2,H2-201,156,82,GE3017,25
2025-12-15,09g30,CS2,H2-201,156,82,IU3017,13
2025-12-15,09g30,CS2,H2-201,156,82,MA3031,13
2025-12-15,09g30,CS2,H6-GD,250,250,GE3017,20
2025-12-15,09g30,CS2,H6-GD,250,250,IM1029,179
2025-12-15,09g30,CS2,H6-GD,250,250,IM4035,51
2025-12-15,13g00,CS1,B4-505,120,63,CH2035,34
2025-12-15,13g00,CS1,B4-505,120,63,CH3347,20
2025-12-15,13g00,CS1,B4-505,120,63,CI4161,30
2025-12-15,13g00,CS1,B4-505,120,63,IM1021,16
2025-12-15,13g00,CS1,B4-505,120,63,ME4137,17
2025-12-15,13g00,CS1,B5-GD,130,130,IM1021,130
2025-12-15,13g00,CS2,H2-201,156,82,CI3243,74
2025-12-15,13g00,CS2,H2-201,156,82,IM1021,82
2025-12-15,13g00,CS2,H2-301,156,82,CI3243,5
2025-12-15,13g00,CS2,H2-306,156,82,CH2035,42
2025-12-15,13g00,CS2,H2-306,156,82,CI3243,4
2025-12-15,13g00,CS2,H2-306,156,82,IM1021,66
2025-12-15,13g00,CS2,H2-306,156,82,ME4137,31
2025-12-15,13g00,CS2,H2-306,156,82,TR2033,13
2025-12-15,13g00,CS2,H2-401,156,82,CH2035,14
2025-12-15,13g00,CS2,H2-401,156,82,IM1017,60
2025-12-15,13g00,CS2,H2-401,156,82,IM1021,82
2025-12-15,13g00,CS2,H2-406,156,82,CH3347,69
2025-12-15,13g00,CS2,H2-406,156,82,IM1017,5
2025-12-15,13g00,CS2,H2-406,156,82,IM1021,82
2025-12-15,13g00,CS2,H6-GD,250,250,IM1021,250
2025-12-15,15g30,CS1,B5-GD,130,130,CO3011,54
2025-12-15,15g30,CS2,H6-GD,250,250,CO3011,119
2025-12-16,07g00,CS1,B4-406,108,57,CI2135,22
2025-12-16,07g00,CS1,B4-406,108,57,CO3007,57
2025-12-16,07g00,CS1,B4-406,108,57,ME2113,20
2025-12-16,07g00,CS1,B4-406,108,57,TR5005,9
2025-12-16,07g00,CS1,B4-505,120,63,ME2113,57
2025-12-16,07g00,CS1,B4-505,120,63,MT2007,63
2025-12-16,07g00,CS1,B5-GD,130,130,MT2007,130
2025-12-16,07g00,CS1,C6-103,100,50,CO3007,1
2025-12-16,07g00,CS1,C6-103,100,50,EE5013,11
2025-12-16,07g00,CS1,C6-103,100,50,ME5003,14
2025-12-16,07g00,CS1,C6-103,100,50,MT2007,16
2025-12-16,07g00,CS1,C6-103,100,50,TR5005,9
2025-12-16,07g00,CS2,H2-201,156,82,GE1021,2
2025-12-16,07g00,CS2,H6-GD,250,250,CO3007,212
2025-12-16,07g00,CS2,H6-GD,250,250,GE1021,6
2025-12-16,07g00,CS2,H6-GD,250,250,MA4119,12
2025-12-16,07g00,CS2,H6-GD,250,250,TR4051,20
2025-12-16,09g30,CS1,B4-406,108,57,LA2017,34
2025-12-16,09g30,CS1,B4-505,120,63,CO3059,20
2025-12-16,09g30,CS1,B4-505,120,63,LA2017,63
2025-12-16,09g30,CS1,B4-505,120,63,MT1005,9
2025-12-16,09g30,CS1,B5-GD,130,130,MT1005,130
2025-12-16,09g30,CS2,H2-201,156,82,CH4139,13
2025-12-16,09g30,CS2,H2-201,156,82,CO3059,61
2025-12-16,09g30,CS2,H2-201,156,82,MT1005,82
2025-12-16,09g30,CS2,H2-306,156,82,MT1005,59
2025-12-16,09g30,CS2,H2-401,156,82,MT1005,82
2025-12-16,09g30,CS2,H2-406,156,82,CH4139,17
2025-12-16,09g30,CS2,H2-406,156,82,EE3121,27
2025-12-16,09g30,CS2,H2-406,156,82,MT1005,82
2025-12-16,09g30,CS2,H6-GD,250,250,MT1005,250
2025-12-16,13g00,CS1,B1-208,84,44,SP1033,44
2025-12-16,13g00,CS1,B1-306,84,44,SP1033,44
2025-12-16,13g00,CS1,B4-406,108,57,CO3017,15
2025-12-16,13g00,CS1,B4-406,108,57,SP1033,57
2025-12-16,13g00,CS1,B4-501,80,42,SP1033,14
2025-12-16,13g00,CS1,B4-502,80,42,SP1033,42
2025-12-16,13g00,CS1,B4-505,120,63,CO3017,57
2025-12-16,13g00,CS1,B4-505,120,63,SP1033,63
2025-12-16,13g00,CS1,B5-GD,130,130,SP1033,130
2025-12-16,13g00,CS1,C6-102,100,50,SP1033,50
2025-12-16,13g00,CS1,C6-103,100,50,SP1033,50
2025-12-16,13g00,CS2,H2-201,156,82,CO3017,74
2025-12-16,13g00,CS2,H2-201,156,82,SP1033,82
2025-12-16,13g00,CS2,H2-206,156,82,SP1033,82
2025-12-16,13g00,CS2,H2-301,156,82,CI2145,13
2025-12-16,13g00,CS2,H2-301,156,82,CO3017,18
2025-12-16,13g00,CS2,H2-301,156,82,SP1033,82
2025-12-16,13g00,CS2,H2-306,156,82,CO3017,27
2025-12-16,13g00,CS2,H2-306,156,82,EE3085,47
2025-12-16,13g00,CS2,H2-306,156,82,SP1033,82
2025-12-16,13g00,CS2,H2-401,156,82,EE3085,13
2025-12-16,13g00,CS2,H2-401,156,82,ME4533,61
2025-12-16,13g00,CS2,H2-401,156,82,SP1033,82
2025-12-16,13g00,CS2,H2-406,156,82,CI2145,74
2025-12-16,13g00,CS2,H2-406,156,82,SP1033,82
2025-12-16,13g00,CS2,H3-406,142,75,SP1033,21
2025-12-16,13g00,CS2,H3-501,142,75,SP1033,75
2025-12-16,13g00,CS2,H3-506,142,75,SP1033,75
2025-12-16,13g00,CS2,H6-308,144,76,SP1033,76
2025-12-16,13g00,CS2,H6-811,150,79,SP1033,79
2025-12-16,13g00,CS2,H6-GD,250,250,SP1033,250
2025-12-16,15g30,CS1,B4-505,120,63,CH3015,21
2025-12-16,15g30,CS1,B4-505,120,63,EE3009,6
2025-12-16,15g30,CS1,B4-505,120,63,TR4085,42
2025-12-16,15g30,CS1,B5-GD,130,130,CH3015,27
2025-12-16,15g30,CS1,B5-GD,130,130,ME4217,103
2025-12-16,15g30,CS2,H2-201,156,82,EE3009,74
2025-12-16,15g30,CS2,H2-201,156,82,ME4217,82
2025-12-16,15g30,CS2,H2-406,156,82,CH3015,33
2025-12-16,15g30,CS2,H2-406,156,82,EE3007,27
2025-12-16,15g30,CS2,H2-406,156,82,EE3009,7
2025-12-16,15g30,CS2,H2-406,156,82,ME4217,21
2025-12-16,15g30,CS2,H6-GD,250,250,CH3015,92
2025-12-16,15g30,CS2,H6-GD,250,250,TR4085,158
2025-12-17,07g00,CS1,B1-208,84,44,PH2005,40
2025-12-17,07g00,CS1,B1-208,84,44,SP1007,44
2025-12-17,07g00,CS1,B1-306,84,44,EE3091,40
2025-12-17,07g00,CS1,B1-306,84,44,SP1007,44
2025-12-17,07g00,CS1,B4-305,80,42,EE4451,4
2025-12-17,07g00,CS1,B4-305,80,42,MA4189,5
2025-12-17,07g00,CS1,B4-305,80,42,TR4081,10
2025-12-17,07g00,CS1,B4-305,80,42,TR4089,3
2025-12-17,07g00,CS1,B4-406,108,57,PH2005,51
2025-12-17,07g00,CS1,B4-406,108,57,SP1007,57
2025-12-17,07g00,CS1,B4-501,80,42,EE3069,30
2025-12-17,07g00,CS1,B4-501,80,42,PH2005,30
2025-12-17,07g00,CS1,B4-501,80,42,TR4081,20
2025-12-17,07g00,CS1,B4-502,80,42,SP1007,38
2025-12-17,07g00,CS1,B4-502,80,42,TR4089,42
2025-12-17,07g00,CS1,B4-505,120,63,PH2005,57
2025-12-17,07g00,CS1,B4-505,120,63,SP1007,63
2025-12-17,07g00,CS1,B5-GD,130,130,SP1007,130
2025-12-17,07g00,CS1,B6-306,80,42,CO3037,20
2025-12-17,07g00,CS1,B6-306,80,42,EE4451,14
2025-12-17,07g00,CS1,B6-306,80,42,MA2015,21
2025-12-17,07g00,CS1,B6-306,80,42,TR4047,25
2025-12-17,07g00,CS1,C4-502,80,42,EE3043,15
2025-12-17,07g00,CS1,C4-502,80,42,EE3091,11
2025-12-17,07g00,CS1,C4-502,80,42,EN3209,14
2025-12-17,07g00,CS1,C4-502,80,42,IM4019,15
2025-12-17,07g00,CS1,C4-502,80,42,MA4141,11
2025-12-17,07g00,CS1,C4-502,80,42,ME5005,14
2025-12-17,07g00,CS1,C6-102,100,50,CO3037,50
2025-12-17,07g00,CS1,C6-102,100,50,SP1007,50
2025-12-17,07g00,CS1,C6-103,100,50,EE3091,50
2025-12-17,07g00,CS1,C6-103,100,50,SP1007,50
2025-12-17,07g00,CS2,H1-101,138,73,SP1007,73
2025-12-17,07g00,CS2,H1-104,138,73,SP1007,73
2025-12-17,07g00,CS2,H1-307,135,71,SP1007,20
2025-12-17,07g00,CS2,H2-201,156,82,SP1007,82
2025-12-17,07g00,CS2,H2-201,156,82,TR4089,74
2025-12-17,07g00,CS2,H2-206,156,82,CI3241,47
2025-12-17,07g00,CS2,H2-206,156,82,EN3209,27
2025-12-17,07g00,CS2,H2-206,156,82,SP1007,82
2025-12-17,07g00,CS2,H2-301,156,82,EE3069,17
2025-12-17,07g00,CS2,H2-301,156,82,SP1007,82
2025-12-17,07g00,CS2,H2-301,156,82,TR3017,57
2025-12-17,07g00,CS2,H2-306,156,82,EE3043,74
2025-12-17,07g00,CS2,H2-306,156,82,SP1007,82
2025-12-17,07g00,CS2,H2-401,156,82,SP1007,82
2025-12-17,07g00,CS2,H2-401,156,82,TR4089,74
2025-12-17,07g00,CS2,H2-406,156,82,CI3241,74
2025-12-17,07g00,CS2,H2-406,156,82,SP1007,82
2025-12-17,07g00,CS2,H3-201,142,75,SP1007,75
2025-12-17,07g00,CS2,H3-301,142,75,SP1007,75
2025-12-17,07g00,CS2,H3-306,142,75,SP1007,75
2025-12-17,07g00,CS2,H3-401,142,75,SP1007,75
2025-12-17,07g00,CS2,H3-406,142,75,EE3043,1
2025-12-17,07g00,CS2,H3-406,142,75,EE3069,7
2025-12-17,07g00,CS2,H3-406,142,75,MA2015,5
2025-12-17,07g00,CS2,H3-406,142,75,MA3011,10
2025-12-17,07g00,CS2,H3-406,142,75,ME3171,1
2025-12-17,07g00,CS2,H3-406,142,75,SP1007,75
2025-12-17,07g00,CS2,H3-501,142,75,CH3429,12
2025-12-17,07g00,CS2,H3-501,142,75,EN3209,15
2025-12-17,07g00,CS2,H3-501,142,75,IM4019,18
2025-12-17,07g00,CS2,H3-501,142,75,MA2015,5
2025-12-17,07g00,CS2,H3-501,142,75,SP1007,75
2025-12-17,07g00,CS2,H3-501,142,75,TR4089,17
2025-12-17,07g00,CS2,H3-506,142,75,CI3067,26
2025-12-17,07g00,CS2,H3-506,142,75,MA2015,12
2025-12-17,07g00,CS2,H3-506,142,75,MA4087,29
2025-12-17,07g00,CS2,H3-506,142,75,SP1007,75
2025-12-17,07g00,CS2,H6-308,144,76,IU2011,36
2025-12-17,07g00,CS2,H6-308,144,76,ME3171,32
2025-12-17,07g00,CS2,H6-308,144,76,SP1007,76
2025-12-17,07g00,CS2,H6-811,150,79,CH3321,40
2025-12-17,07g00,CS2,H6-811,150,79,EE3069,31
2025-12-17,07g00,CS2,H6-811,150,79,SP1007,79
2025-12-17,07g00,CS2,H6-GD,250,250,SP1007,250
2025-12-17,13g00,CS1,B1-208,84,44,CH2013,40
2025-12-17,13g00,CS1,B1-208,84,44,CO2003,44
2025-12-17,13g00,CS1,B1-306,84,44,CI2095,40
2025-12-17,13g00,CS1,B1-306,84,44,EE2417,44
2025-12-17,13g00,CS1,B4-305,80,42,CH2013,42
2025-12-17,13g00,CS1,B4-305,80,42,CO1003,36
2025-12-17,13g00,CS1,B4-305,80,42,CO3027,2
2025-12-17,13g00,CS1,B4-406,108,57,CH2013,51
2025-12-17,13g00,CS1,B4-406,108,57,EE2417,57
2025-12-17,13g00,CS1,B4-501,80,42,CO1003,42
2025-12-17,13g00,CS1,B4-501,80,42,EE2417,38
2025-12-17,13g00,CS1,B4-502,80,42,CH2013,42
2025-12-17,13g00,CS1,B4-502,80,42,CO2003,38
2025-12-17,13g00,CS1,B4-505,120,63,CH2013,63
2025-12-17,13g00,CS1,B4-505,120,63,CO2003,57
2025-12-17,13g00,CS1,B5-GD,130,130,CO2003,130
2025-12-17,13g00,CS1,B6-306,80,42,IM3087,38
2025-12-17,13g00,CS1,B6-306,80,42,ME2123,42
2025-12-17,13g00,CS1,C4-301,80,42,CO3027,34
2025-12-17,13g00,CS1,C4-301,80,42,EE2417,32
2025-12-17,13g00,CS1,C4-301,80,42,TR3143,14
2025-12-17,13g00,CS1,C4-304,80,42,CI1003,24
2025-12-17,13g00,CS1,C4-304,80,42,IM3087,9
2025-12-17,13g00,CS1,C4-304,80,42,ME2123,26
2025-12-17,13g00,CS1,C4-304,80,42,ME3011,21
2025-12-17,13g00,CS1,C4-402,80,42,CH2013,3
2025-12-17,13g00,CS1,C4-402,80,42,CI2095,12
2025-12-17,13g00,CS1,C4-402,80,42,CO2003,8
2025-12-17,13g00,CS1,C4-402,80,42,IM3087,10
2025-12-17,13g00,CS1,C4-402,80,42,TR3143,15
2025-12-17,13g00,CS1,C4-502,80,42,CI2095,42
2025-12-17,13g00,CS1,C4-502,80,42,CO2003,38
2025-12-17,13g00,CS1,C6-102,100,50,CO1003,50
2025-12-17,13g00,CS1,C6-102,100,50,EE2417,50
2025-12-17,13g00,CS1,C6-103,100,50,CO1003,50
2025-12-17,13g00,CS1,C6-103,100,50,CO2003,50
2025-12-17,13g00,CS2,H2-201,156,82,CO1003,74
2025-12-17,13g00,CS2,H2-201,156,82,CO2003,82
2025-12-17,13g00,CS2,H2-206,156,82,CO2003,82
2025-12-17,13g00,CS2,H2-206,156,82,ME2123,74
2025-12-17,13g00,CS2,H2-301,156,82,CI2095,82
2025-12-17,13g00,CS2,H2-301,156,82,TR3143,74
2025-12-17,13g00,CS2,H2-306,156,82,CH2013,82
2025-12-17,13g00,CS2,H2-306,156,82,CO1003,74
2025-12-17,13g00,CS2,H2-401,156,82,CO2003,82
2025-12-17,13g00,CS2,H2-401,156,82,IM3087,74
2025-12-17,13g00,CS2,H2-406,156,82,CO1003,74
2025-12-17,13g00,CS2,H2-406,156,82,CO2003,82
2025-12-17,13g00,CS2,H3-201,142,75,CH2013,3
2025-12-17,13g00,CS2,H3-201,142,75,CI1003,14
2025-12-17,13g00,CS2,H3-201,142,75,CI2095,33
2025-12-17,13g00,CS2,H3-201,142,75,CO1003,12
2025-12-17,13g00,CS2,H3-201,142,75,CO2003,16
2025-12-17,13g00,CS2,H3-201,142,75,EE1007,12
2025-12-17,13g00,CS2,H3-201,142,75,IM3087,1
2025-12-17,13g00,CS2,H3-201,142,75,ME2123,7
2025-12-17,13g00,CS2,H3-201,142,75,TR3143,38
2025-12-17,13g00,CS2,H3-301,142,75,CO1003,36
2025-12-17,13g00,CS2,H3-301,142,75,CO3027,53
2025-12-17,13g00,CS2,H3-301,142,75,ME3011,53
2025-12-17,13g00,CS2,H3-306,142,75,CO1003,12
2025-12-17,13g00,CS2,H3-306,142,75,EE3075,69
2025-12-17,13g00,CS2,H3-306,142,75,EE3167,61
2025-12-17,13g00,CS2,H3-401,142,75,CH2013,67
2025-12-17,13g00,CS2,H3-401,142,75,IM3087,75
2025-12-17,13g00,CS2,H3-406,142,75,CI1003,67
2025-12-17,13g00,CS2,H3-406,142,75,ME2123,75
2025-12-17,13g00,CS2,H3-501,142,75,CO2003,67
2025-12-17,13g00,CS2,H3-501,142,75,EE1007,75
2025-12-17,13g00,CS2,H3-506,142,75,CI2095,75
2025-12-17,13g00,CS2,H3-506,142,75,TR3143,67
2025-12-17,13g00,CS2,H6-308,144,76,CO1003,76
2025-12-17,13g00,CS2,H6-308,144,76,CO3027,68
2025-12-17,13g00,CS2,H6-811,150,79,CH2013,71
2025-12-17,13g00,CS2,H6-811,150,79,IM3087,79
2025-12-17,13g00,CS2,H6-GD,250,250,CI2095,250
2025-12-17,15g30,CS1,B5-GD,130,130,CH2045,35
2025-12-17,15g30,CS2,H6-GD,250,250,CH2045,48
2025-12-18,07g00,CS1,B1-208,84,44,SP1039,44
2025-12-18,07g00,CS1,B1-306,84,44,SP1039,44
2025-12-18,07g00,CS1,B4-406,108,57,CI4193,10
2025-12-18,07g00,CS1,B4-406,108,57,EE5015,14
2025-12-18,07g00,CS1,B4-406,108,57,LA1027,4
2025-12-18,07g00,CS1,B4-406,108,57,SP1039,57
2025-12-18,07g00,CS1,B4-501,80,42,SP1039,20
2025-12-18,07g00,CS1,B4-502,80,42,SP1039,42
2025-12-18,07g00,CS1,B4-505,120,63,CI4193,6
2025-12-18,07g00,CS1,B4-505,120,63,MA5023,22
2025-12-18,07g00,CS1,B4-505,120,63,ME1021,29
2025-12-18,07g00,CS1,B4-505,120,63,SP1039,63
2025-12-18,07g00,CS1,B5-GD,130,130,SP1039,130
2025-12-18,07g00,CS1,C6-102,100,50,SP1039,50
2025-12-18,07g00,CS1,C6-103,100,50,SP1039,50
2025-12-18,07g00,CS2,H2-201,156,82,GE1027,74
2025-12-18,07g00,CS2,H2-201,156,82,SP1039,82
2025-12-18,07g00,CS2,H2-206,156,82,SP1039,82
2025-12-18,07g00,CS2,H2-301,156,82,CI2159,9
2025-12-18,07g00,CS2,H2-301,156,82,GE1027,15
2025-12-18,07g00,CS2,H2-301,156,82,ME4083,22
2025-12-18,07g00,CS2,H2-301,156,82,SP1039,82
2025-12-18,07g00,CS2,H2-306,156,82,GE1027,12
2025-12-18,07g00,CS2,H2-306,156,82,IU4021,30
2025-12-18,07g00,CS2,H2-306,156,82,ME2059,32
2025-12-18,07g00,CS2,H2-306,156,82,SP1039,82
2025-12-18,07g00,CS2,H2-401,156,82,IM3035,61
2025-12-18,07g00,CS2,H2-401,156,82,ME2059,13
2025-12-18,07g00,CS2,H2-401,156,82,SP1039,82
2025-12-18,07g00,CS2,H2-406,156,82,CI2159,74
2025-12-18,07g00,CS2,H2-406,156,82,SP1039,82
2025-12-18,07g00,CS2,H3-301,142,75,SP1039,44
2025-12-18,07g00,CS2,H3-306,142,75,SP1039,75
2025-12-18,07g00,CS2,H3-401,142,75,SP1039,75
2025-12-18,07g00,CS2,H3-406,142,75,SP1039,75
2025-12-18,07g00,CS2,H3-501,142,75,SP1039,75
2025-12-18,07g00,CS2,H3-506,142,75,SP1039,75
2025-12-18,07g00,CS2,H6-308,144,76,SP1039,76
2025-12-18,07g00,CS2,H6-811,150,79,SP1039,79
2025-12-18,07g00,CS2,H6-GD,250,250,SP1039,250
2025-12-18,09g30,CS1,B5-GD,130,130,IM1033,128
2025-12-18,09g30,CS1,B5-GD,130,130,LA3019,1
2025-12-18,09g30,CS2,H2-201,156,82,PH1005,14
2025-12-18,09g30,CS2,H6-GD,250,250,IM1033,169
2025-12-18,09g30,CS2,H6-GD,250,250,PH1005,81
2025-12-18,13g00,CS1,B1-208,84,44,CO2007,44
2025-12-18,13g00,CS1,B1-208,84,44,EE2401,40
2025-12-18,13g00,CS1,B1-306,84,44,CI1007,40
2025-12-18,13g00,CS1,B1-306,84,44,EE2033,44
2025-12-18,13g00,CS1,B4-305,80,42,CO2007,42
2025-12-18,13g00,CS1,B4-305,80,42,EE2033,34
2025-12-18,13g00,CS1,B4-305,80,42,TR1003,4
2025-12-18,13g00,CS1,B4-406,108,57,CO2007,57
2025-12-18,13g00,CS1,B4-406,108,57,EE2401,51
2025-12-18,13g00,CS1,B4-501,80,42,EE2033,42
2025-12-18,13g00,CS1,B4-501,80,42,TR1003,38
2025-12-18,13g00,CS1,B4-502,80,42,CO2007,42
2025-12-18,13g00,CS1,B4-502,80,42,EE2401,38
2025-12-18,13g00,CS1,B4-505,120,63,CO2007,63
2025-12-18,13g00,CS1,B4-505,120,63,EE2033,57
2025-12-18,13g00,CS1,B5-GD,130,130,CO2007,130
2025-12-18,13g00,CS1,B6-306,80,42,CI1007,38
2025-12-18,13g00,CS1,B6-306,80,42,ME3009,42
2025-12-18,13g00,CS1,C4-301,80,42,AS2059,22
2025-12-18,13g00,CS1,C4-301,80,42,CH3327,5
2025-12-18,13g00,CS1,C4-301,80,42,ME3009,25
2025-12-18,13g00,CS1,C4-301,80,42,TR1003,28
2025-12-18,13g00,CS1,C4-304,80,42,CH3327,16
2025-12-18,13g00,CS1,C4-304,80,42,CI1007,11
2025-12-18,13g00,CS1,C4-304,80,42,CO2007,1
2025-12-18,13g00,CS1,C4-304,80,42,CO3137,20
2025-12-18,13g00,CS1,C4-304,80,42,EE2401,8
2025-12-18,13g00,CS1,C4-304,80,42,ME4021,7
2025-12-18,13g00,CS1,C4-502,80,42,EE2401,38
2025-12-18,13g00,CS1,C4-502,80,42,ME4021,42
2025-12-18,13g00,CS1,C6-102,100,50,EE2033,50
2025-12-18,13g00,CS1,C6-102,100,50,EE2401,50
2025-12-18,13g00,CS1,C6-103,100,50,CO2007,50
2025-12-18,13g00,CS1,C6-103,100,50,EE2033,50
2025-12-18,13g00,CS2,H2-201,156,82,CI1007,74
2025-12-18,13g00,CS2,H2-201,156,82,EE2033,82
2025-12-18,13g00,CS2,H2-206,156,82,CI1007,82
2025-12-18,13g00,CS2,H2-206,156,82,CO2007,74
2025-12-18,13g00,CS2,H2-301,156,82,CO2007,82
2025-12-18,13g00,CS2,H2-301,156,82,EE2033,74
2025-12-18,13g00,CS2,H2-306,156,82,CI1007,74
2025-12-18,13g00,CS2,H2-306,156,82,EE2033,82
2025-12-18,13g00,CS2,H2-401,156,82,CI1007,82
2025-12-18,13g00,CS2,H2-401,156,82,CO2007,74
2025-12-18,13g00,CS2,H2-406,156,82,CO2007,74
2025-12-18,13g00,CS2,H2-406,156,82,EE2033,82
2025-12-18,13g00,CS2,H3-306,142,75,CH3327,12
2025-12-18,13g00,CS2,H3-306,142,75,CO2007,26
2025-12-18,13g00,CS2,H3-306,142,75,CO3137,14
2025-12-18,13g00,CS2,H3-306,142,75,EE2033,15
2025-12-18,13g00,CS2,H3-306,142,75,ME3009,5
2025-12-18,13g00,CS2,H3-306,142,75,ME4021,11
2025-12-18,13g00,CS2,H3-401,142,75,AS2059,41
2025-12-18,13g00,CS2,H3-401,142,75,CI1003,30
2025-12-18,13g00,CS2,H3-401,142,75,CO3137,13
2025-12-18,13g00,CS2,H3-401,142,75,TR1003,58
2025-12-18,13g00,CS2,H3-406,142,75,CI1007,66
2025-12-18,13g00,CS2,H3-406,142,75,ME3009,75
2025-12-18,13g00,CS2,H3-406,142,75,TR1003,1
2025-12-18,13g00,CS2,H3-501,142,75,EE2033,67
2025-12-18,13g00,CS2,H3-501,142,75,ME4021,75
2025-12-18,13g00,CS2,H3-506,142,75,CI1003,75
2025-12-18,13g00,CS2,H3-506,142,75,CO2007,67
2025-12-18,13g00,CS2,H6-308,144,76,CI1007,68
2025-12-18,13g00,CS2,H6-308,144,76,TR1003,76
2025-12-18,13g00,CS2,H6-811,150,79,EE2033,79
2025-12-18,13g00,CS2,H6-811,150,79,ME4021,71
2025-12-18,13g00,CS2,H6-GD,250,250,EE2033,250
2025-12-18,15g30,CS1,B5-GD,130,130,CI4131,46
2025-12-18,15g30,CS1,B5-GD,130,130,CO3065,57
2025-12-18,15g30,CS2,H6-GD,250,250,CI1003,68
2025-12-18,15g30,CS2,H6-GD,250,250,CO3065,119
2025-12-19,07g00,CS1,B4-406,108,57,AS3169,14
2025-12-19,07g00,CS1,B4-406,108,57,CH4113,10
2025-12-19,07g00,CS1,B4-406,108,57,GE2059,5
2025-12-19,07g00,CS1,B4-406,108,57,MA2039,11
2025-12-19,07g00,CS1,B4-505,120,63,AS2039,22
2025-12-19,07g00,CS1,B4-505,120,63,CH4113,9
2025-12-19,07g00,CS1,B4-505,120,63,EE3015,22
2025-12-19,07g00,CS1,B4-505,120,63,MA5015,27
2025-12-19,07g00,CS1,B4-505,120,63,ME2141,40
2025-12-19,07g00,CS1,B5-GD,130,130,IM3063,97
2025-12-19,07g00,CS1,B5-GD,130,130,ME2141,33
2025-12-19,07g00,CS2,H2-201,156,82,IM3063,82
2025-12-19,07g00,CS2,H2-201,156,82,ME2141,74
2025-12-19,07g00,CS2,H2-206,156,82,AS2039,35
2025-12-19,07g00,CS2,H2-206,156,82,EN3023,13
2025-12-19,07g00,CS2,H2-206,156,82,GE2059,32
2025-12-19,07g00,CS2,H2-206,156,82,IU3061,35
2025-12-19,07g00,CS2,H2-206,156,82,MA4069,41
2025-12-19,07g00,CS2,H2-301,156,82,AS2039,7
2025-12-19,07g00,CS2,H2-301,156,82,AS3169,51
2025-12-19,07g00,CS2,H2-301,156,82,EE3015,45
2025-12-19,07g00,CS2,H2-301,156,82,ME2161,53
2025-12-19,07g00,CS2,H2-306,156,82,EE3057,60
2025-12-19,07g00,CS2,H2-306,156,82,GE3105,60
2025-12-19,07g00,CS2,H2-306,156,82,IM3063,36
2025-12-19,07g00,CS2,H2-401,156,82,CI3269,74
2025-12-19,07g00,CS2,H2-401,156,82,EE3205,82
2025-12-19,07g00,CS2,H2-406,156,82,IM3063,82
2025-12-19,07g00,CS2,H2-406,156,82,ME2141,74
2025-12-19,07g00,CS2,H6-308,144,76,CI3269,6
2025-12-19,07g00,CS2,H6-308,144,76,EE3205,8
2025-12-19,07g00,CS2,H6-308,144,76,EN3023,14
2025-12-19,07g00,CS2,H6-811,150,79,CH4113,29
2025-12-19,07g00,CS2,H6-811,150,79,CI3251,22
2025-12-19,07g00,CS2,H6-811,150,79,EN3023,3
2025-12-19,07g00,CS2,H6-811,150,79,IM3063,24
2025-12-19,07g00,CS2,H6-811,150,79,MA3103,18
2025-12-19,07g00,CS2,H6-811,150,79,ME2141,30
2025-12-19,07g00,CS2,H6-811,150,79,TR4001,24
2025-12-19,07g00,CS2,H6-GD,250,250,EE3015,250
2025-12-19,09g30,CS1,B1-208,84,44,SP1031,44
2025-12-19,09g30,CS1,B1-306,84,44,SP1031,44
2025-12-19,09g30,CS1,B1-311,80,42,SP1031,42
2025-12-19,09g30,CS1,B4-305,80,42,SP1031,42
2025-12-19,09g30,CS1,B4-306,80,42,SP1031,42
2025-12-19,09g30,CS1,B4-406,108,57,SP1031,57
2025-12-19,09g30,CS1,B4-501,80,42,SP1031,42
2025-12-19,09g30,CS1,B4-502,80,42,SP1031,42
2025-12-19,09g30,CS1,B4-505,120,63,SP1031,63
2025-12-19,09g30,CS1,B4-505,120,63,TR3137,38
2025-12-19,09g30,CS1,B5-GD,130,130,SP1031,130
2025-12-19,09g30,CS1,B6-306,80,42,SP1031,42
2025-12-19,09g30,CS1,C4-301,80,42,SP1031,42
2025-12-19,09g30,CS1,C4-304,80,42,SP1031,42
2025-12-19,09g30,CS1,C4-402,80,42,SP1031,42
2025-12-19,09g30,CS1,C4-403,80,42,SP1031,42
2025-12-19,09g30,CS1,C4-502,80,42,SP1031,42
2025-12-19,09g30,CS1,C5-303,80,42,SP1031,42
2025-12-19,09g30,CS1,C5-401,80,42,SP1031,42
2025-12-19,09g30,CS1,C5-403,80,42,SP1031,42
2025-12-19,09g30,CS1,C5-502,80,42,SP1031,42
2025-12-19,09g30,CS1,C6-102,100,50,SP1031,50
2025-12-19,09g30,CS1,C6-103,100,50,SP1031,50
2025-12-19,09g30,CS1,C6-401,80,42,SP1031,19
2025-12-19,09g30,CS1,C6-402,80,42,SP1031,42
2025-12-19,09g30,CS1,C6-403,80,42,SP1031,42
2025-12-19,09g30,CS2,H1-101,138,73,SP1031,73
2025-12-19,09g30,CS2,H1-104,138,73,SP1031,73
2025-12-19,09g30,CS2,H1-307,135,71,SP1031,71
2025-12-19,09g30,CS2,H2-201,156,82,EE3099,25
2025-12-19,09g30,CS2,H2-201,156,82,SP1031,82
2025-12-19,09g30,CS2,H2-201,156,82,TR3137,49
2025-12-19,09g30,CS2,H2-206,156,82,SP1031,82
2025-12-19,09g30,CS2,H2-207,135,71,SP1031,71
2025-12-19,09g30,CS2,H2-301,156,82,SP1031,82
2025-12-19,09g30,CS2,H2-306,156,82,SP1031,82
2025-12-19,09g30,CS2,H2-401,156,82,SP1031,82
2025-12-19,09g30,CS2,H2-406,156,82,EE3099,23
2025-12-19,09g30,CS2,H2-406,156,82,SP1031,82
2025-12-19,09g30,CS2,H3-201,142,75,SP1031,75
2025-12-19,09g30,CS2,H3-301,142,75,SP1031,75
2025-12-19,09g30,CS2,H3-306,142,75,SP1031,75
2025-12-19,09g30,CS2,H3-401,142,75,SP1031,75
2025-12-19,09g30,CS2,H3-406,142,75,SP1031,75
2025-12-19,09g30,CS2,H3-501,142,75,SP1031,75
2025-12-19,09g30,CS2,H3-506,142,75,SP1031,75
2025-12-19,09g30,CS2,H6-305,129,68,SP1031,21
2025-12-19,09g30,CS2,H6-308,144,76,SP1031,76
2025-12-19,09g30,CS2,H6-311,135,71,SP1031,71
2025-12-19,09g30,CS2,H6-811,150,79,SP1031,79
2025-12-19,09g30,CS2,H6-GD,250,250,SP1031,250
2025-12-19,13g00,CS1,B1-208,84,44,CH2051,44
2025-12-19,13g00,CS1,B1-208,84,44,EE2021,40
2025-12-19,13g00,CS1,B1-306,84,44,CI1033,18
2025-12-19,13g00,CS1,B1-306,84,44,CI2133,32
2025-12-19,13g00,CS1,B1-306,84,44,IM2017,3
2025-12-19,13g00,CS1,B1-306,84,44,TR3145,31
2025-12-19,13g00,CS1,B4-406,108,57,IM2017,51
2025-12-19,13g00,CS1,B4-406,108,57,ME2009,57
2025-12-19,13g00,CS1,B4-502,80,42,CH2051,8
2025-12-19,13g00,CS1,B4-502,80,42,CO3053,8
2025-12-19,13g00,CS1,B4-502,80,42,EE2021,4
2025-12-19,13g00,CS1,B4-502,80,42,IM2017,9
2025-12-19,13g00,CS1,B4-502,80,42,ME2009,11
2025-12-19,13g00,CS1,B4-505,120,63,EE2021,57
2025-12-19,13g00,CS1,B4-505,120,63,ME2009,63
2025-12-19,13g00,CS1,B5-GD,130,130,CH2051,130
2025-12-19,13g00,CS1,C6-102,100,50,CO3053,50
2025-12-19,13g00,CS1,C6-102,100,50,ME2009,50
2025-12-19,13g00,CS1,C6-103,100,50,EE2021,50
2025-12-19,13g00,CS1,C6-103,100,50,IM2017,50
2025-12-19,13g00,CS2,H2-201,156,82,CI2133,74
2025-12-19,13g00,CS2,H2-201,156,82,ME2009,82
2025-12-19,13g00,CS2,H2-206,156,82,CH2051,82
2025-12-19,13g00,CS2,H2-206,156,82,CI2133,74
2025-12-19,13g00,CS2,H2-301,156,82,EE2021,82
2025-12-19,13g00,CS2,H2-301,156,82,IM2017,74
2025-12-19,13g00,CS2,H2-306,156,82,ME2009,82
2025-12-19,13g00,CS2,H2-306,156,82,TR3145,74
2025-12-19,13g00,CS2,H2-401,156,82,CI2133,74
2025-12-19,13g00,CS2,H2-401,156,82,CO3053,82
2025-12-19,13g00,CS2,H2-406,156,82,CH2051,74
2025-12-19,13g00,CS2,H2-406,156,82,ME2009,82
2025-12-19,13g00,CS2,H3-401,142,75,CI1033,14
2025-12-19,13g00,CS2,H3-401,142,75,EE2021,17
2025-12-19,13g00,CS2,H3-401,142,75,IM2017,9
2025-12-19,13g00,CS2,H3-401,142,75,ME2009,5
2025-12-19,13g00,CS2,H3-401,142,75,TR3145,33
2025-12-19,13g00,CS2,H3-406,142,75,CO3053,55
2025-12-19,13g00,CS2,H3-406,142,75,EE3041,50
2025-12-19,13g00,CS2,H3-406,142,75,ME2009,37
2025-12-19,13g00,CS2,H3-501,142,75,CH2051,71
2025-12-19,13g00,CS2,H3-501,142,75,CI2133,63
2025-12-19,13g00,CS2,H3-501,142,75,EE3041,8
2025-12-19,13g00,CS2,H3-506,142,75,CI1033,67
2025-12-19,13g00,CS2,H3-506,142,75,IM2017,75
2025-12-19,13g00,CS2,H6-308,144,76,EE2021,68
2025-12-19,13g00,CS2,H6-308,144,76,TR3145,76
2025-12-19,13g00,CS2,H6-811,150,79,CO3053,79
2025-12-19,13g00,CS2,H6-811,150,79,ME2009,71
2025-12-19,13g00,CS2,H6-GD,250,250,EE2021,250
2025-12-19,15g30,CS1,B5-GD,130,130,CO3015,62
2025-12-19,15g30,CS2,H6-GD,250,250,CO3015,157
2025-12-20,07g00,CS2,H6-GD,250,250,LA1041,28
2025-12-20,07g00,CS2,H6-GD,250,250,LA1057,38
2025-12-20,09g30,CS1,B5-GD,130,130,LA1043,19
2025-12-20,09g30,CS2,H6-GD,250,250,LA1043,50
2025-12-22,07g00,CS1,B1-208,84,44,IM3021,13
2025-12-22,07g00,CS1,B1-208,84,44,PH1003,44
2025-12-22,07g00,CS1,B1-208,84,44,PH1011,27
2025-12-22,07g00,CS1,B1-212,72,38,PH1003,38
2025-12-22,07g00,CS1,B1-213,72,38,PH1003,38
2025-12-22,07g00,CS1,B1-305,72,38,PH1003,38
2025-12-22,07g00,CS1,B1-306,84,44,IM3021,3
2025-12-22,07g00,CS1,B1-306,84,44,PH1003,44
2025-12-22,07g00,CS1,B1-308,72,38,PH1003,38
2025-12-22,07g00,CS1,B1-311,80,42,PH1003,42
2025-12-22,07g00,CS1,B10-203,70,37,PH1003,37
2025-12-22,07g00,CS1,B4-305,80,42,PH1003,42
2025-12-22,07g00,CS1,B4-306,80,42,PH1003,42
2025-12-22,07g00,CS1,B4-406,108,57,PH1003,57
2025-12-22,07g00,CS1,B4-406,108,57,PH1011,51
2025-12-22,07g00,CS1,B4-501,80,42,PH1003,42
2025-12-22,07g00,CS1,B4-502,80,42,PH1003,42
2025-12-22,07g00,CS1,B4-505,120,63,PH1003,63
2025-12-22,07g00,CS1,B4-505,120,63,PH1011,57
2025-12-22,07g00,CS1,B5-GD,130,130,PH1003,130
2025-12-22,07g00,CS1,B6-306,80,42,PH1003,42
2025-12-22,07g00,CS1,B8-301,66,35,PH1003,35
2025-12-22,07g00,CS1,B8-303,62,33,PH1003,33
2025-12-22,07g00,CS1,B8-304,62,33,PH1003,29
2025-12-22,07g00,CS1,C4-301,80,42,PH1003,42
2025-12-22,07g00,CS1,C4-304,80,42,PH1003,42
2025-12-22,07g00,CS1,C4-402,80,42,PH1003,42
2025-12-22,07g00,CS1,C4-403,80,42,PH1003,42
2025-12-22,07g00,CS1,C4-502,80,42,PH1003,42
2025-12-22,07g00,CS1,C5-303,80,42,PH1003,42
2025-12-22,07g00,CS1,C5-401,80,42,PH1003,42
2025-12-22,07g00,CS1,C5-403,80,42,PH1003,42
2025-12-22,07g00,CS1,C5-502,80,42,PH1003,42
2025-12-22,07g00,CS1,C5-503,80,42,PH1003,42
2025-12-22,07g00,CS1,C6-102,100,50,CI2139,36
2025-12-22,07g00,CS1,C6-102,100,50,IM3021,14
2025-12-22,07g00,CS1,C6-102,100,50,PH1003,50
2025-12-22,07g00,CS1,C6-103,100,50,PH1003,50
2025-12-22,07g00,CS1,C6-103,100,50,PH1011,50
2025-12-22,07g00,CS1,C6-401,80,42,PH1003,42
2025-12-22,07g00,CS1,C6-402,80,42,PH1003,42
2025-12-22,07g00,CS1,C6-403,80,42,PH1003,42
2025-12-22,07g00,CS2,H1-101,138,73,PH1003,73
2025-12-22,07g00,CS2,H1-104,138,73,PH1003,73
2025-12-22,07g00,CS2,H1-204,129,68,PH1003,56
2025-12-22,07g00,CS2,H1-307,135,71,PH1003,71
2025-12-22,07g00,CS2,H2-201,156,82,CI2139,74
2025-12-22,07g00,CS2,H2-201,156,82,PH1003,82
2025-12-22,07g00,CS2,H2-206,156,82,CI2139,34
2025-12-22,07g00,CS2,H2-206,156,82,PH1003,82
2025-12-22,07g00,CS2,H2-207,135,71,PH1003,71
2025-12-22,07g00,CS2,H2-301,156,82,CI2139,3
2025-12-22,07g00,CS2,H2-301,156,82,IM3021,71
2025-12-22,07g00,CS2,H2-301,156,82,PH1003,82
2025-12-22,07g00,CS2,H2-306,156,82,CI2139,74
2025-12-22,07g00,CS2,H2-306,156,82,PH1003,82
2025-12-22,07g00,CS2,H2-401,156,82,IM3021,74
2025-12-22,07g00,CS2,H2-401,156,82,PH1003,82
2025-12-22,07g00,CS2,H2-406,156,82,CI2139,74
2025-12-22,07g00,CS2,H2-406,156,82,PH1003,82
2025-12-22,07g00,CS2,H3-201,142,75,PH1003,75
2025-12-22,07g00,CS2,H3-301,142,75,PH1003,75
2025-12-22,07g00,CS2,H3-306,142,75,PH1003,75
2025-12-22,07g00,CS2,H3-401,142,75,PH1003,75
2025-12-22,07g00,CS2,H3-406,142,75,PH1003,75
2025-12-22,07g00,CS2,H3-501,142,75,PH1003,75
2025-12-22,07g00,CS2,H3-506,142,75,PH1003,75
2025-12-22,07g00,CS2,H6-113,129,68,PH1003,68
2025-12-22,07g00,CS2,H6-305,129,68,PH1003,68
2025-12-22,07g00,CS2,H6-308,144,76,PH1003,76
2025-12-22,07g00,CS2,H6-311,135,71,PH1003,71
2025-12-22,07g00,CS2,H6-811,150,79,PH1003,79
2025-12-22,07g00,CS2,H6-GD,250,250,PH1003,250
2025-12-22,09g30,CS1,B4-406,108,57,IM1003,57
2025-12-22,09g30,CS1,B4-505,120,63,IM1003,63
2025-12-22,09g30,CS1,B4-505,120,63,PH1003,48
2025-12-22,09g30,CS1,B5-GD,130,130,PH1003,130
2025-12-22,09g30,CS1,C6-103,100,50,IM1003,30
2025-12-22,09g30,CS2,H1-101,138,73,PH1003,73
2025-12-22,09g30,CS2,H1-104,138,73,PH1003,73
2025-12-22,09g30,CS2,H1-307,135,71,PH1003,71
2025-12-22,09g30,CS2,H2-201,156,82,IM1003,74
2025-12-22,09g30,CS2,H2-201,156,82,PH1003,82
2025-12-22,09g30,CS2,H2-206,156,82,PH1003,82
2025-12-22,09g30,CS2,H2-207,135,71,PH1003,71
2025-12-22,09g30,CS2,H2-301,156,82,PH1003,82
2025-12-22,09g30,CS2,H2-306,156,82,PH1003,82
2025-12-22,09g30,CS2,H2-401,156,82,CI1003,40
2025-12-22,09g30,CS2,H2-401,156,82,PH1003,82
2025-12-22,09g30,CS2,H2-406,156,82,CI1003,7
2025-12-22,09g30,CS2,H2-406,156,82,IM1003,67
2025-12-22,09g30,CS2,H2-406,156,82,PH1003,82
2025-12-22,09g30,CS2,H3-201,142,75,PH1003,75
2025-12-22,09g30,CS2,H3-301,142,75,PH1003,75
2025-12-22,09g30,CS2,H3-306,142,75,PH1003,75
2025-12-22,09g30,CS2,H3-401,142,75,PH1003,75
2025-12-22,09g30,CS2,H3-406,142,75,PH1003,75
2025-12-22,09g30,CS2,H3-501,142,75,PH1003,75
2025-12-22,09g30,CS2,H3-506,142,75,PH1003,75
2025-12-22,09g30,CS2,H6-305,129,68,PH1003,12
2025-12-22,09g30,CS2,H6-308,144,76,PH1003,76
2025-12-22,09g30,CS2,H6-311,135,71,PH1003,71
2025-12-22,09g30,CS2,H6-811,150,79,PH1003,79
2025-12-22,09g30,CS2,H6-GD,250,250,PH1003,250
2025-12-22,13g00,CS1,B1-208,84,44,AS2071,14
2025-12-22,13g00,CS1,B1-208,84,44,CH3021,13
2025-12-22,13g00,CS1,B1-208,84,44,MA3111,15
2025-12-22,13g00,CS1,B1-208,84,44,MA4169,15
2025-12-22,13g00,CS1,B1-208,84,44,ME3015,8
2025-12-22,13g00,CS1,B4-406,108,57,CH4051,57
2025-12-22,13g00,CS1,B4-406,108,57,ME3015,51
2025-12-22,13g00,CS1,B4-505,120,63,CH4051,63
2025-12-22,13g00,CS1,B4-505,120,63,EE3413,57
2025-12-22,13g00,CS1,B5-GD,130,130,AS2071,130
2025-12-22,13g00,CS1,C6-102,100,50,CH3021,2
2025-12-22,13g00,CS1,C6-102,100,50,CH4051,22
2025-12-22,13g00,CS1,C6-102,100,50,EE3413,18
2025-12-22,13g00,CS1,C6-102,100,50,EE4441,34
2025-12-22,13g00,CS1,C6-102,100,50,TR3003,24
2025-12-22,13g00,CS1,C6-103,100,50,AS2071,21
2025-12-22,13g00,CS1,C6-103,100,50,CO3045,40
2025-12-22,13g00,CS1,C6-103,100,50,ME4631,39
2025-12-22,13g00,CS2,H2-201,156,82,AS2071,74
2025-12-22,13g00,CS2,H2-201,156,82,EE3071,82
2025-12-22,13g00,CS2,H2-206,156,82,AS2071,32
2025-12-22,13g00,CS2,H2-206,156,82,IM2031,13
2025-12-22,13g00,CS2,H2-206,156,82,IU4025,27
2025-12-22,13g00,CS2,H2-206,156,82,MA2013,26
2025-12-22,13g00,CS2,H2-206,156,82,ME3215,29
2025-12-22,13g00,CS2,H2-206,156,82,TR3061,29
2025-12-22,13g00,CS2,H2-301,156,82,EE3027,37
2025-12-22,13g00,CS2,H2-301,156,82,EE3071,34
2025-12-22,13g00,CS2,H2-301,156,82,GE3219,33
2025-12-22,13g00,CS2,H2-301,156,82,ME3015,52
2025-12-22,13g00,CS2,H2-306,156,82,CI1069,39
2025-12-22,13g00,CS2,H2-306,156,82,IM3029,58
2025-12-22,13g00,CS2,H2-306,156,82,MA4091,59
2025-12-22,13g00,CS2,H2-401,156,82,EE3203,80
2025-12-22,13g00,CS2,H2-401,156,82,ME3299,76
2025-12-22,13g00,CS2,H2-406,156,82,CH3021,82
2025-12-22,13g00,CS2,H2-406,156,82,CO3045,74
2025-12-22,13g00,CS2,H6-811,150,79,CH3021,2
2025-12-22,13g00,CS2,H6-811,150,79,CI1069,16
2025-12-22,13g00,CS2,H6-811,150,79,CI3301,15
2025-12-22,13g00,CS2,H6-811,150,79,CO3045,6
2025-12-22,13g00,CS2,H6-811,150,79,GE3219,1
2025-12-22,13g00,CS2,H6-811,150,79,IM2031,11
2025-12-22,13g00,CS2,H6-811,150,79,ME3031,8
2025-12-22,13g00,CS2,H6-GD,250,250,CH4051,246
2025-12-22,13g00,CS2,H6-GD,250,250,EE3071,4
2025-12-22,15g30,CS1,B5-GD,130,130,LA1007,93
2025-12-22,15g30,CS2,H2-201,156,82,LA1007,82
2025-12-22,15g30,CS2,H2-206,156,82,LA1007,82
2025-12-22,15g30,CS2,H2-301,156,82,LA1007,82
2025-12-22,15g30,CS2,H2-306,156,82,LA1007,82
2025-12-22,15g30,CS2,H2-401,156,82,LA1007,82
2025-12-22,15g30,CS2,H2-406,156,82,LA1007,82
2025-12-22,15g30,CS2,H3-506,142,75,LA1007,16
2025-12-22,15g30,CS2,H6-308,144,76,LA1007,76
2025-12-22,15g30,CS2,H6-811,150,79,LA1007,79
2025-12-22,15g30,CS2,H6-GD,250,250,LA1007,250
2025-12-22,18g15,CS1,B4-406,108,57,CO5161,6
2025-12-22,18g15,CS1,B4-406,108,57,MA5097,8
2025-12-22,18g15,CS1,B4-406,108,57,TR5063,9
2025-12-22,18g15,CS1,B4-505,120,63,CH5407,14
2025-12-22,18g15,CS1,B4-505,120,63,CI5251,21
2025-12-22,18g15,CS1,B4-505,120,63,CI5403,30
2025-12-22,18g15,CS1,B4-505,120,63,CO5161,3
2025-12-22,18g15,CS1,B4-505,120,63,IM5127,28
2025-12-22,18g15,CS1,B4-505,120,63,ME5269,24
2025-12-22,18g15,CS1,B5-GD,130,130,CH5703,57
2025-12-22,18g15,CS1,B5-GD,130,130,CO5087,41
2025-12-22,18g15,CS1,B5-GD,130,130,EE5191,32
2025-12-23,07g00,CS1,B1-208,84,44,MT1003,44
2025-12-23,07g00,CS1,B1-212,72,38,MT1003,38
2025-12-23,07g00,CS1,B1-213,72,38,MT1003,38
2025-12-23,07g00,CS1,B1-305,72,38,MT1003,38
2025-12-23,07g00,CS1,B1-306,84,44,MT1003,44
2025-12-23,07g00,CS1,B1-308,72,38,MT1003,38
2025-12-23,07g00,CS1,B1-311,80,42,MT1003,42
2025-12-23,07g00,CS1,B10-203,70,37,MT1003,37
2025-12-23,07g00,CS1,B4-305,80,42,MT1003,42
2025-12-23,07g00,CS1,B4-306,80,42,MT1003,42
2025-12-23,07g00,CS1,B4-406,108,57,MT1003,57
2025-12-23,07g00,CS1,B4-406,108,57,MT1019,51
2025-12-23,07g00,CS1,B4-501,80,42,MT1003,42
2025-12-23,07g00,CS1,B4-502,80,42,MT1003,42
2025-12-23,07g00,CS1,B4-505,120,63,MT1003,63
2025-12-23,07g00,CS1,B4-505,120,63,MT1019,57
2025-12-23,07g00,CS1,B5-GD,130,130,MT1003,130
2025-12-23,07g00,CS1,B6-304,60,32,MT1003,1
2025-12-23,07g00,CS1,B6-305,60,32,MT1003,32
2025-12-23,07g00,CS1,B6-306,80,42,MT1003,42
2025-12-23,07g00,CS1,B8-301,66,35,MT1003,35
2025-12-23,07g00,CS1,B8-303,62,33,MT1003,33
2025-12-23,07g00,CS1,B8-304,62,33,MT1003,33
2025-12-23,07g00,CS1,C4-301,80,42,MT1003,42
2025-12-23,07g00,CS1,C4-304,80,42,MT1003,42
2025-12-23,07g00,CS1,C4-402,80,42,MT1003,42
2025-12-23,07g00,CS1,C4-403,80,42,MT1003,42
2025-12-23,07g00,CS1,C4-502,80,42,MT1003,42
2025-12-23,07g00,CS1,C5-303,80,42,MT1003,42
2025-12-23,07g00,CS1,C5-401,80,42,MT1003,42
2025-12-23,07g00,CS1,C5-403,80,42,MT1003,42
2025-12-23,07g00,CS1,C5-502,80,42,MT1003,42
2025-12-23,07g00,CS1,C5-503,80,42,MT1003,42
2025-12-23,07g00,CS1,C6-102,100,50,IM3109,21
2025-12-23,07g00,CS1,C6-102,100,50,MT1003,50
2025-12-23,07g00,CS1,C6-102,100,50,MT1019,25
2025-12-23,07g00,CS1,C6-103,100,50,MT1003,50
2025-12-23,07g00,CS1,C6-103,100,50,MT1019,50
2025-12-23,07g00,CS1,C6-401,80,42,MT1003,42
2025-12-23,07g00,CS1,C6-402,80,42,MT1003,42
2025-12-23,07g00,CS1,C6-403,80,42,MT1003,42
2025-12-23,07g00,CS2,H1-101,138,73,MT1003,73
2025-12-23,07g00,CS2,H1-104,138,73,MT1003,73
2025-12-23,07g00,CS2,H1-307,135,71,MT1003,71
2025-12-23,07g00,CS2,H2-201,156,82,EE3025,74
2025-12-23,07g00,CS2,H2-201,156,82,MT1003,82
2025-12-23,07g00,CS2,H2-206,156,82,MT1003,82
2025-12-23,07g00,CS2,H2-207,135,71,MT1003,71
2025-12-23,07g00,CS2,H2-301,156,82,EE3025,18
2025-12-23,07g00,CS2,H2-301,156,82,IM3109,26
2025-12-23,07g00,CS2,H2-301,156,82,MT1003,82
2025-12-23,07g00,CS2,H2-306,156,82,CH2019,61
2025-12-23,07g00,CS2,H2-306,156,82,EE3025,13
2025-12-23,07g00,CS2,H2-306,156,82,MT1003,82
2025-12-23,07g00,CS2,H2-401,156,82,EE3025,74
2025-12-23,07g00,CS2,H2-401,156,82,MT1003,82
2025-12-23,07g00,CS2,H2-406,156,82,EE3025,74
2025-12-23,07g00,CS2,H2-406,156,82,MT1003,82
2025-12-23,07g00,CS2,H3-201,142,75,MT1003,75
2025-12-23,07g00,CS2,H3-301,142,75,MT1003,75
2025-12-23,07g00,CS2,H3-306,142,75,MT1003,75
2025-12-23,07g00,CS2,H3-401,142,75,MT1003,75
2025-12-23,07g00,CS2,H3-406,142,75,MT1003,75
2025-12-23,07g00,CS2,H3-501,142,75,MT1003,75
2025-12-23,07g00,CS2,H3-506,142,75,MT1003,75
2025-12-23,07g00,CS2,H6-113,129,68,MT1003,51
2025-12-23,07g00,CS2,H6-305,129,68,MT1003,68
2025-12-23,07g00,CS2,H6-308,144,76,MT1003,76
2025-12-23,07g00,CS2,H6-311,135,71,MT1003,71
2025-12-23,07g00,CS2,H6-811,150,79,MT1003,79
2025-12-23,07g00,CS2,H6-GD,250,250,MT1003,250
2025-12-23,09g30,CS1,B1-208,84,44,CO3071,15
2025-12-23,09g30,CS1,B1-208,84,44,ME4645,10
2025-12-23,09g30,CS1,B1-208,84,44,TR3055,22
2025-12-23,09g30,CS1,B4-406,108,57,MT1003,57
2025-12-23,09g30,CS1,B4-406,108,57,MT1017,51
2025-12-23,09g30,CS1,B4-505,120,63,MT1003,63
2025-12-23,09g30,CS1,B4-505,120,63,MT1017,57
2025-12-23,09g30,CS1,B5-GD,130,130,MT1015,130
2025-12-23,09g30,CS1,C6-102,100,50,MT1015,46
2025-12-23,09g30,CS1,C6-102,100,50,MT1017,44
2025-12-23,09g30,CS1,C6-102,100,50,TR3055,10
2025-12-23,09g30,CS1,C6-103,100,50,ME4645,50
2025-12-23,09g30,CS1,C6-103,100,50,MT1003,49
2025-12-23,09g30,CS1,C6-103,100,50,MT1015,1
2025-12-23,09g30,CS2,H1-101,138,73,MT1003,73
2025-12-23,09g30,CS2,H1-104,138,73,MT1003,73
2025-12-23,09g30,CS2,H1-204,129,68,MT1003,7
2025-12-23,09g30,CS2,H1-307,135,71,MT1003,71
2025-12-23,09g30,CS2,H2-201,156,82,MT1003,82
2025-12-23,09g30,CS2,H2-201,156,82,MT1017,74
2025-12-23,09g30,CS2,H2-206,156,82,MT1003,82
2025-12-23,09g30,CS2,H2-207,135,71,MT1003,71
2025-12-23,09g30,CS2,H2-301,156,82,CO3071,3
2025-12-23,09g30,CS2,H2-301,156,82,ME4645,9
2025-12-23,09g30,CS2,H2-301,156,82,MT1003,82
2025-12-23,09g30,CS2,H2-306,156,82,ME4645,2
2025-12-23,09g30,CS2,H2-306,156,82,MT1003,82
2025-12-23,09g30,CS2,H2-306,156,82,MT1017,72
2025-12-23,09g30,CS2,H2-401,156,82,CO3071,74
2025-12-23,09g30,CS2,H2-401,156,82,MT1003,82
2025-12-23,09g30,CS2,H2-406,156,82,ME4645,74
2025-12-23,09g30,CS2,H2-406,156,82,MT1003,82
2025-12-23,09g30,CS2,H3-201,142,75,MT1003,75
2025-12-23,09g30,CS2,H3-301,142,75,MT1003,75
2025-12-23,09g30,CS2,H3-306,142,75,MT1003,75
2025-12-23,09g30,CS2,H3-401,142,75,MT1003,75
2025-12-23,09g30,CS2,H3-406,142,75,MT1003,75
2025-12-23,09g30,CS2,H3-501,142,75,MT1003,75
2025-12-23,09g30,CS2,H3-506,142,75,MT1003,75
2025-12-23,09g30,CS2,H6-113,129,68,MT1003,68
2025-12-23,09g30,CS2,H6-305,129,68,MT1003,68
2025-12-23,09g30,CS2,H6-308,144,76,MT1003,76
2025-12-23,09g30,CS2,H6-311,135,71,MT1003,71
2025-12-23,09g30,CS2,H6-811,150,79,MT1003,79
2025-12-23,09g30,CS2,H6-GD,250,250,MT1003,250
2025-12-23,13g00,CS1,B4-406,108,57,AS3105,15
2025-12-23,13g00,CS1,B4-406,108,57,CH3049,31
2025-12-23,13g00,CS1,B4-406,108,57,CI1003,28
2025-12-23,13g00,CS1,B4-406,108,57,EE3403,34
2025-12-23,13g00,CS1,B4-505,120,63,CH4085,30
2025-12-23,13g00,CS1,B4-505,120,63,LA1009,48
2025-12-23,13g00,CS1,B4-505,120,63,TR3135,42
2025-12-23,13g00,CS1,B5-GD,130,130,CO3143,64
2025-12-23,13g00,CS1,B5-GD,130,130,EE3403,15
2025-12-23,13g00,CS1,B5-GD,130,130,ME4201,51
2025-12-23,13g00,CS1,C6-103,100,50,AS3105,2
2025-12-23,13g00,CS1,C6-103,100,50,CH4085,7
2025-12-23,13g00,CS1,C6-103,100,50,EE4053,17
2025-12-23,13g00,CS2,H2-201,156,82,CH4085,74
2025-12-23,13g00,CS2,H2-201,156,82,LA1009,82
2025-12-23,13g00,CS2,H2-206,156,82,CH3049,21
2025-12-23,13g00,CS2,H2-206,156,82,CH3403,20
2025-12-23,13g00,CS2,H2-206,156,82,CH4085,9
2025-12-23,13g00,CS2,H2-206,156,82,EE3133,17
2025-12-23,13g00,CS2,H2-206,156,82,IM1015,16
2025-12-23,13g00,CS2,H2-206,156,82,LA1009,21
2025-12-23,13g00,CS2,H2-206,156,82,ME3207,23
2025-12-23,13g00,CS2,H2-206,156,82,ME4201,25
2025-12-23,13g00,CS2,H2-301,156,82,AS3015,28
2025-12-23,13g00,CS2,H2-301,156,82,AS3105,37
2025-12-23,13g00,CS2,H2-301,156,82,EE3133,9
2025-12-23,13g00,CS2,H2-301,156,82,LA1009,82
2025-12-23,13g00,CS2,H2-306,156,82,CH4085,31
2025-12-23,13g00,CS2,H2-306,156,82,LA1009,82
2025-12-23,13g00,CS2,H2-306,156,82,TR3135,43
2025-12-23,13g00,CS2,H2-401,156,82,CI4165,54
2025-12-23,13g00,CS2,H2-401,156,82,LA1009,82
2025-12-23,13g00,CS2,H2-401,156,82,ME4201,20
2025-12-23,13g00,CS2,H2-406,156,82,AS3105,18
2025-12-23,13g00,CS2,H2-406,156,82,EE3077,56
2025-12-23,13g00,CS2,H2-406,156,82,LA1009,82
2025-12-23,13g00,CS2,H6-GD,250,250,LA1009,250
2025-12-23,15g30,CS1,B5-GD,130,130,ME2151,75
2025-12-23,15g30,CS2,H6-GD,250,250,EE2017,136
2025-12-23,18g15,CS1,B4-406,108,57,CI5137,14
2025-12-23,18g15,CS1,B4-406,108,57,EE5193,9
2025-12-23,18g15,CS1,B4-406,108,57,TR5067,8
2025-12-23,18g15,CS1,B4-406,108,57,TR5089,6
2025-12-23,18g15,CS1,B4-505,120,63,CH5603,46
2025-12-23,18g15,CS1,B4-505,120,63,CI5407,31
2025-12-23,18g15,CS1,B4-505,120,63,EE5193,16
2025-12-23,18g15,CS1,B4-505,120,63,IM5067,27
2025-12-23,18g15,CS1,B5-GD,130,130,GK5025,130
2025-12-24,07g00,CS1,B1-208,84,44,CH2113,40
2025-12-24,07g00,CS1,B1-208,84,44,EE1009,44
2025-12-24,07g00,CS1,B1-306,84,44,CO1005,40
2025-12-24,07g00,CS1,B1-306,84,44,EE1009,44
2025-12-24,07g00,CS1,B4-305,80,42,CH2113,42
2025-12-24,07g00,CS1,B4-305,80,42,IM2019,38
2025-12-24,07g00,CS1,B4-306,80,42,CI2135,7
2025-12-24,07g00,CS1,B4-306,80,42,CO3049,12
2025-12-24,07g00,CS1,B4-306,80,42,IM2019,20
2025-12-24,07g00,CS1,B4-306,80,42,ME2179,23
2025-12-24,07g00,CS1,B4-306,80,42,ME3281,4
2025-12-24,07g00,CS1,B4-406,108,57,CH2113,51
2025-12-24,07g00,CS1,B4-406,108,57,EE1009,57
2025-12-24,07g00,CS1,B4-501,80,42,CH2113,42
2025-12-24,07g00,CS1,B4-501,80,42,CO1005,38
2025-12-24,07g00,CS1,B4-502,80,42,EE1009,38
2025-12-24,07g00,CS1,B4-502,80,42,ME2179,42
2025-12-24,07g00,CS1,B4-505,120,63,CH2113,63
2025-12-24,07g00,CS1,B4-505,120,63,CO1005,57
2025-12-24,07g00,CS1,B5-GD,130,130,CO1005,130
2025-12-24,07g00,CS1,B6-306,80,42,IM2019,42
2025-12-24,07g00,CS1,B6-306,80,42,ME2179,38
2025-12-24,07g00,CS1,C4-301,80,42,CO3049,38
2025-12-24,07g00,CS1,C4-301,80,42,ME2179,42
2025-12-24,07g00,CS1,C4-304,80,42,CI2135,42
2025-12-24,07g00,CS1,C4-304,80,42,ME3281,38
2025-12-24,07g00,CS1,C4-402,80,42,CO1005,40
2025-12-24,07g00,CS1,C4-402,80,42,EE1009,1
2025-12-24,07g00,CS1,C4-402,80,42,EE2409,39
2025-12-24,07g00,CS1,C4-403,80,42,CH2113,33
2025-12-24,07g00,CS1,C4-403,80,42,EE1009,37
2025-12-24,07g00,CS1,C4-403,80,42,IM2019,10
2025-12-24,07g00,CS1,C4-502,80,42,CO1005,38
2025-12-24,07g00,CS1,C4-502,80,42,EE1009,42
2025-12-24,07g00,CS1,C6-102,100,50,CH2113,50
2025-12-24,07g00,CS1,C6-102,100,50,CO1005,50
2025-12-24,07g00,CS1,C6-103,100,50,CO1005,50
2025-12-24,07g00,CS1,C6-103,100,50,EE1009,50
2025-12-24,07g00,CS2,H1-101,138,73,CO1005,41
2025-12-24,07g00,CS2,H1-101,138,73,CO3083,28
2025-12-24,07g00,CS2,H1-101,138,73,IM3095,57
2025-12-24,07g00,CS2,H1-101,138,73,ME2179,12
2025-12-24,07g00,CS2,H1-104,138,73,CH3421,18
2025-12-24,07g00,CS2,H1-104,138,73,CI2135,14
2025-12-24,07g00,CS2,H1-104,138,73,EE1009,7
2025-12-24,07g00,CS2,H1-104,138,73,ME2015,26
2025-12-24,07g00,CS2,H1-104,138,73,ME2103,23
2025-12-24,07g00,CS2,H1-104,138,73,ME2179,15
2025-12-24,07g00,CS2,H1-104,138,73,ME3281,14
2025-12-24,07g00,CS2,H2-201,156,82,CO1005,74
2025-12-24,07g00,CS2,H2-201,156,82,EE1009,82
2025-12-24,07g00,CS2,H2-206,156,82,CI2135,82
2025-12-24,07g00,CS2,H2-206,156,82,ME3281,74
2025-12-24,07g00,CS2,H2-301,156,82,CO1005,74
2025-12-24,07g00,CS2,H2-301,156,82,EE1009,82
2025-12-24,07g00,CS2,H2-306,156,82,CH2113,74
2025-12-24,07g00,CS2,H2-306,156,82,EE1009,82
2025-12-24,07g00,CS2,H2-401,156,82,CO1005,74
2025-12-24,07g00,CS2,H2-401,156,82,EE1009,82
2025-12-24,07g00,CS2,H2-406,156,82,CH2113,74
2025-12-24,07g00,CS2,H2-406,156,82,EE1009,82
2025-12-24,07g00,CS2,H3-201,142,75,CH2113,65
2025-12-24,07g00,CS2,H3-201,142,75,IM2019,69
2025-12-24,07g00,CS2,H3-201,142,75,IM3095,8
2025-12-24,07g00,CS2,H3-301,142,75,CO3049,75
2025-12-24,07g00,CS2,H3-301,142,75,EE1009,67
2025-12-24,07g00,CS2,H3-306,142,75,CI2135,75
2025-12-24,07g00,CS2,H3-306,142,75,ME3281,67
2025-12-24,07g00,CS2,H3-401,142,75,ME2103,75
2025-12-24,07g00,CS2,H3-401,142,75,ME2179,67
2025-12-24,07g00,CS2,H3-406,142,75,CH2113,75
2025-12-24,07g00,CS2,H3-406,142,75,CO1005,67
2025-12-24,07g00,CS2,H3-501,142,75,EE1009,67
2025-12-24,07g00,CS2,H3-501,142,75,IM2019,75
2025-12-24,07g00,CS2,H3-506,142,75,CO3049,75
2025-12-24,07g00,CS2,H3-506,142,75,ME3281,67
2025-12-24,07g00,CS2,H6-308,144,76,CI2135,68
2025-12-24,07g00,CS2,H6-308,144,76,CO1005,76
2025-12-24,07g00,CS2,H6-811,150,79,CH2113,71
2025-12-24,07g00,CS2,H6-811,150,79,EE1009,79
2025-12-24,07g00,CS2,H6-GD,250,250,EE1009,250
2025-12-24,09g30,CS1,B4-406,108,57,CH3371,31
2025-12-24,09g30,CS1,B4-406,108,57,EE4455,25
2025-12-24,09g30,CS1,B4-406,108,57,EN3005,7
2025-12-24,09g30,CS1,B4-406,108,57,MA3163,4
2025-12-24,09g30,CS1,B4-406,108,57,TR1005,6
2025-12-24,09g30,CS1,B4-505,120,63,EE4455,10
2025-12-24,09g30,CS1,B4-505,120,63,MT1011,47
2025-12-24,09g30,CS1,B4-505,120,63,TR1005,63
2025-12-24,09g30,CS1,B5-GD,130,130,MT1011,130
2025-12-24,09g30,CS2,H2-201,156,82,AS2001,23
2025-12-24,09g30,CS2,H2-201,156,82,EN3005,24
2025-12-24,09g30,CS2,H2-201,156,82,EN3069,13
2025-12-24,09g30,CS2,H2-201,156,82,GE2035,43
2025-12-24,09g30,CS2,H2-201,156,82,IU4019,21
2025-12-24,09g30,CS2,H2-201,156,82,MA4081,32
2025-12-24,09g30,CS2,H2-406,156,82,CI3013,15
2025-12-24,09g30,CS2,H2-406,156,82,EN3069,7
2025-12-24,09g30,CS2,H2-406,156,82,MA3021,20
2025-12-24,09g30,CS2,H6-GD,250,250,CH3371,60
2025-12-24,09g30,CS2,H6-GD,250,250,EN3005,19
2025-12-24,09g30,CS2,H6-GD,250,250,ME2159,51
2025-12-24,09g30,CS2,H6-GD,250,250,ME3105,51
2025-12-24,09g30,CS2,H6-GD,250,250,TR1005,69
2025-12-24,13g00,CS1,B1-208,84,44,MT1007,44
2025-12-24,13g00,CS1,B1-306,84,44,MT1007,44
2025-12-24,13g00,CS1,B1-311,80,42,MT1007,19
2025-12-24,13g00,CS1,B4-305,80,42,MT1007,42
2025-12-24,13g00,CS1,B4-306,80,42,MT1007,42
2025-12-24,13g00,CS1,B4-406,108,57,EE3031,22
2025-12-24,13g00,CS1,B4-406,108,57,ME4625,2
2025-12-24,13g00,CS1,B4-406,108,57,MT1007,57
2025-12-24,13g00,CS1,B4-501,80,42,MT1007,42
2025-12-24,13g00,CS1,B4-502,80,42,MT1007,42
2025-12-24,13g00,CS1,B4-505,120,63,ME4625,57
2025-12-24,13g00,CS1,B4-505,120,63,MT1007,63
2025-12-24,13g00,CS1,B5-GD,130,130,MT1007,130
2025-12-24,13g00,CS1,B6-306,80,42,MT1007,42
2025-12-24,13g00,CS1,C4-301,80,42,MT1007,42
2025-12-24,13g00,CS1,C4-304,80,42,MT1007,42
2025-12-24,13g00,CS1,C4-402,80,42,MT1007,42
2025-12-24,13g00,CS1,C4-403,80,42,MT1007,42
2025-12-24,13g00,CS1,C4-502,80,42,MT1007,42
2025-12-24,13g00,CS1,C6-102,100,50,MT1007,50
2025-12-24,13g00,CS1,C6-103,100,50,MT1007,50
2025-12-24,13g00,CS2,H1-101,138,73,MT1007,73
2025-12-24,13g00,CS2,H1-104,138,73,MT1007,73
2025-12-24,13g00,CS2,H1-204,129,68,MT1007,68
2025-12-24,13g00,CS2,H1-307,135,71,MT1007,71
2025-12-24,13g00,CS2,H1-401,126,66,MT1007,66
2025-12-24,13g00,CS2,H1-404,126,66,MT1007,66
2025-12-24,13g00,CS2,H2-201,156,82,ME4625,74
2025-12-24,13g00,CS2,H2-201,156,82,MT1007,82
2025-12-24,13g00,CS2,H2-206,156,82,MT1007,82
2025-12-24,13g00,CS2,H2-207,135,71,MT1007,71
2025-12-24,13g00,CS2,H2-301,156,82,EE3131,11
2025-12-24,13g00,CS2,H2-301,156,82,ME4625,32
2025-12-24,13g00,CS2,H2-301,156,82,MT1007,82
2025-12-24,13g00,CS2,H2-306,156,82,EE3107,43
2025-12-24,13g00,CS2,H2-306,156,82,EE3131,31
2025-12-24,13g00,CS2,H2-306,156,82,MT1007,82
2025-12-24,13g00,CS2,H2-401,156,82,EE3031,59
2025-12-24,13g00,CS2,H2-401,156,82,EE3131,15
2025-12-24,13g00,CS2,H2-401,156,82,MT1007,82
2025-12-24,13g00,CS2,H2-406,156,82,ME4625,74
2025-12-24,13g00,CS2,H2-406,156,82,MT1007,82
2025-12-24,13g00,CS2,H3-201,142,75,MT1007,75
2025-12-24,13g00,CS2,H3-301,142,75,MT1007,75
2025-12-24,13g00,CS2,H3-306,142,75,MT1007,75
2025-12-24,13g00,CS2,H3-401,142,75,MT1007,75
2025-12-24,13g00,CS2,H3-406,142,75,MT1007,75
2025-12-24,13g00,CS2,H3-501,142,75,MT1007,75
2025-12-24,13g00,CS2,H3-506,142,75,MT1007,75
2025-12-24,13g00,CS2,H6-113,129,68,MT1007,68
2025-12-24,13g00,CS2,H6-211,126,66,MT1007,66
2025-12-24,13g00,CS2,H6-305,129,68,MT1007,68
2025-12-24,13g00,CS2,H6-308,144,76,MT1007,76
2025-12-24,13g00,CS2,H6-311,135,71,MT1007,71
2025-12-24,13g00,CS2,H6-412,123,65,MT1007,4
2025-12-24,13g00,CS2,H6-811,150,79,MT1007,79
2025-12-24,13g00,CS2,H6-GD,250,250,MT1007,250
2025-12-24,15g30,CS1,B4-406,108,57,CO2017,27
2025-12-24,15g30,CS1,B4-406,108,57,LA1049,35
2025-12-24,15g30,CS1,B4-505,120,63,CO2017,5
2025-12-24,15g30,CS1,B4-505,120,63,LA1049,63
2025-12-24,15g30,CS1,B4-505,120,63,ME2013,52
2025-12-24,15g30,CS1,B5-GD,130,130,CO2017,130
2025-12-24,15g30,CS2,H6-GD,250,250,CO2017,157
2025-12-24,15g30,CS2,H6-GD,250,250,ME2013,69
2025-12-24,18g15,CS1,B4-406,108,57,CI5139,5
2025-12-24,18g15,CS1,B4-406,108,57,CO5177,35
2025-12-24,18g15,CS1,B4-406,108,57,EE5209,44
2025-12-24,18g15,CS1,B4-406,108,57,ME5267,24
2025-12-24,18g15,CS1,B4-505,120,63,CH5311,63
2025-12-24,18g15,CS1,B4-505,120,63,CO5135,53
2025-12-24,18g15,CS1,B4-505,120,63,EE5209,4
2025-12-24,18g15,CS1,B5-GD,130,130,CO5115,88
2025-12-24,18g15,CS1,B5-GD,130,130,CO5177,42
2025-12-24,18g15,CS1,C6-103,100,50,CH5373,15
2025-12-24,18g15,CS1,C6-103,100,50,CI5139,14
2025-12-24,18g15,CS1,C6-103,100,50,IM5093,17
2025-12-24,18g15,CS1,C6-103,100,50,IM5121,15
2025-12-24,18g15,CS1,C6-103,100,50,ME5029,11
2025-12-25,07g00,CS1,B1-208,84,44,IM1007,40
2025-12-25,07g00,CS1,B1-208,84,44,ME2091,44
2025-12-25,07g00,CS1,B1-306,84,44,CH2021,44
2025-12-25,07g00,CS1,B1-306,84,44,CO1023,40
2025-12-25,07g00,CS1,B4-305,80,42,CH2021,42
2025-12-25,07g00,CS1,B4-305,80,42,ME2091,38
2025-12-25,07g00,CS1,B4-406,108,57,CH2021,57
2025-12-25,07g00,CS1,B4-406,108,57,CO1023,51
2025-12-25,07g00,CS1,B4-501,80,42,CH2021,42
2025-12-25,07g00,CS1,B4-501,80,42,CO1023,38
2025-12-25,07g00,CS1,B4-502,80,42,IM1007,38
2025-12-25,07g00,CS1,B4-502,80,42,ME2091,42
2025-12-25,07g00,CS1,B4-505,120,63,CH2021,63
2025-12-25,07g00,CS1,B4-505,120,63,CO1023,57
2025-12-25,07g00,CS1,B5-GD,130,130,CO1023,130
2025-12-25,07g00,CS1,B6-306,80,42,EE2011,38
2025-12-25,07g00,CS1,B6-306,80,42,ME2091,42
2025-12-25,07g00,CS1,C4-301,80,42,EE2011,38
2025-12-25,07g00,CS1,C4-301,80,42,EE4407,42
2025-12-25,07g00,CS1,C4-304,80,42,EE2031,30
2025-12-25,07g00,CS1,C4-304,80,42,IM1007,16
2025-12-25,07g00,CS1,C4-304,80,42,TR2005,34
2025-12-25,07g00,CS1,C4-402,80,42,CH2021,19
2025-12-25,07g00,CS1,C4-402,80,42,CO1023,26
2025-12-25,07g00,CS1,C4-402,80,42,EE3065,20
2025-12-25,07g00,CS1,C4-402,80,42,TR3025,15
2025-12-25,07g00,CS1,C4-403,80,42,EE2011,8
2025-12-25,07g00,CS1,C4-403,80,42,EE4407,5
2025-12-25,07g00,CS1,C4-403,80,42,EN1001,11
2025-12-25,07g00,CS1,C4-403,80,42,GE2049,4
2025-12-25,07g00,CS1,C4-403,80,42,IM1007,13
2025-12-25,07g00,CS1,C4-403,80,42,ME2091,17
2025-12-25,07g00,CS1,C4-403,80,42,ME4073,17
2025-12-25,07g00,CS1,C4-403,80,42,TR3025,4
2025-12-25,07g00,CS1,C4-502,80,42,CO1023,38
2025-12-25,07g00,CS1,C4-502,80,42,IM1007,42
2025-12-25,07g00,CS1,C6-102,100,50,CH2021,50
2025-12-25,07g00,CS1,C6-102,100,50,CO1023,50
2025-12-25,07g00,CS1,C6-103,100,50,CH2021,50
2025-12-25,07g00,CS1,C6-103,100,50,ME2091,50
2025-12-25,07g00,CS2,H2-201,156,82,CH2021,82
2025-12-25,07g00,CS2,H2-201,156,82,CO1023,74
2025-12-25,07g00,CS2,H2-206,156,82,EE3065,82
2025-12-25,07g00,CS2,H2-206,156,82,IM1007,74
2025-12-25,07g00,CS2,H2-301,156,82,CH2021,74
2025-12-25,07g00,CS2,H2-301,156,82,CO1023,82
2025-12-25,07g00,CS2,H2-306,156,82,EE2011,74
2025-12-25,07g00,CS2,H2-306,156,82,ME2091,82
2025-12-25,07g00,CS2,H2-401,156,82,CH2021,82
2025-12-25,07g00,CS2,H2-401,156,82,CO1023,74
2025-12-25,07g00,CS2,H2-406,156,82,CH2021,82
2025-12-25,07g00,CS2,H2-406,156,82,CO1023,74
2025-12-25,07g00,CS2,H3-201,142,75,CO1023,7
2025-12-25,07g00,CS2,H3-201,142,75,EE3065,2
2025-12-25,07g00,CS2,H3-301,142,75,CH2021,21
2025-12-25,07g00,CS2,H3-301,142,75,CH3425,20
2025-12-25,07g00,CS2,H3-301,142,75,CI2045,18
2025-12-25,07g00,CS2,H3-301,142,75,CI4143,25
2025-12-25,07g00,CS2,H3-301,142,75,EE3065,12
2025-12-25,07g00,CS2,H3-301,142,75,GE2049,27
2025-12-25,07g00,CS2,H3-301,142,75,ME4605,19
2025-12-25,07g00,CS2,H3-306,142,75,EE2011,35
2025-12-25,07g00,CS2,H3-306,142,75,EN3039,31
2025-12-25,07g00,CS2,H3-306,142,75,IU3059,35
2025-12-25,07g00,CS2,H3-306,142,75,ME4605,9
2025-12-25,07g00,CS2,H3-306,142,75,TR3025,32
2025-12-25,07g00,CS2,H3-401,142,75,CI4141,43
2025-12-25,07g00,CS2,H3-401,142,75,EE2011,5
2025-12-25,07g00,CS2,H3-401,142,75,EN1001,43
2025-12-25,07g00,CS2,H3-401,142,75,ME2091,51
2025-12-25,07g00,CS2,H3-406,142,75,GE2049,24
2025-12-25,07g00,CS2,H3-406,142,75,IM1007,56
2025-12-25,07g00,CS2,H3-406,142,75,ME4073,62
2025-12-25,07g00,CS2,H3-501,142,75,CI4163,65
2025-12-25,07g00,CS2,H3-501,142,75,IM1007,9
2025-12-25,07g00,CS2,H3-501,142,75,ME4063,68
2025-12-25,07g00,CS2,H3-506,142,75,CO1023,75
2025-12-25,07g00,CS2,H3-506,142,75,EE3065,67
2025-12-25,07g00,CS2,H6-308,144,76,CH2021,68
2025-12-25,07g00,CS2,H6-308,144,76,EE2011,76
2025-12-25,07g00,CS2,H6-811,150,79,EN1001,79
2025-12-25,07g00,CS2,H6-811,150,79,ME2091,71
2025-12-25,07g00,CS2,H6-GD,250,250,ME2091,250
2025-12-25,09g30,CS1,B4-505,120,63,MA1001,49
2025-12-25,09g30,CS1,B5-GD,130,130,EE2003,101
2025-12-25,09g30,CS1,B5-GD,130,130,MA1001,29
2025-12-25,09g30,CS2,H2-201,156,82,MA1001,82
2025-12-25,09g30,CS2,H2-401,156,82,MA1001,7
2025-12-25,09g30,CS2,H2-406,156,82,MA1001,82
2025-12-25,09g30,CS2,H6-GD,250,250,EE2003,240
2025-12-25,09g30,CS2,H6-GD,250,250,MA1001,10
2025-12-25,13g00,CS1,B4-406,108,57,CH1005,39
2025-12-25,13g00,CS1,B4-406,108,57,CH3331,17
2025-12-25,13g00,CS1,B4-406,108,57,IM2033,17
2025-12-25,13g00,CS1,B4-406,108,57,MT1023,23
2025-12-25,13g00,CS1,B4-505,120,63,CH3331,25
2025-12-25,13g00,CS1,B4-505,120,63,CO3069,49
2025-12-25,13g00,CS1,B4-505,120,63,ME4025,46
2025-12-25,13g00,CS1,B5-GD,130,130,ME2051,76
2025-12-25,13g00,CS1,B5-GD,130,130,ME2131,50
2025-12-25,13g00,CS1,B5-GD,130,130,ME4025,4
2025-12-25,13g00,CS2,H2-201,156,82,CH3331,82
2025-12-25,13g00,CS2,H2-201,156,82,ME2131,74
2025-12-25,13g00,CS2,H2-306,156,82,EE3213,8
2025-12-25,13g00,CS2,H2-306,156,82,ME2131,22
2025-12-25,13g00,CS2,H2-401,156,82,CH3331,30
2025-12-25,13g00,CS2,H2-401,156,82,CI3043,34
2025-12-25,13g00,CS2,H2-401,156,82,EE3213,16
2025-12-25,13g00,CS2,H2-401,156,82,IM2033,48
2025-12-25,13g00,CS2,H2-401,156,82,ME2051,28
2025-12-25,13g00,CS2,H2-406,156,82,CH1005,52
2025-12-25,13g00,CS2,H2-406,156,82,CO3069,82
2025-12-25,13g00,CS2,H2-406,156,82,ME2051,22
2025-12-25,13g00,CS2,H6-GD,250,250,ME1015,160
2025-12-25,13g00,CS2,H6-GD,250,250,ME2051,90
2025-12-25,15g30,CS1,B4-406,108,57,LA1051,35
2025-12-25,15g30,CS1,B4-505,120,63,LA1011,44
2025-12-25,15g30,CS1,B4-505,120,63,LA1051,63
2025-12-25,15g30,CS1,B5-GD,130,130,LA1011,130
2025-12-25,15g30,CS2,H6-GD,250,250,EE3001,73
2025-12-25,18g15,CS1,B4-406,108,57,CH5719,13
2025-12-25,18g15,CS1,B4-406,108,57,CI5245,14
2025-12-25,18g15,CS1,B4-406,108,57,CO5085,6
2025-12-25,18g15,CS1,B4-406,108,57,IM5113,3
2025-12-25,18g15,CS1,B4-505,120,63,CH5601,34
2025-12-25,18g15,CS1,B4-505,120,63,CH5685,21
2025-12-25,18g15,CS1,B4-505,120,63,CI5451,29
2025-12-25,18g15,CS1,B4-505,120,63,IM5109,22
2025-12-25,18g15,CS1,B4-505,120,63,IM5113,14
2025-12-25,18g15,CS1,B5-GD,130,130,CO5085,47
2025-12-25,18g15,CS1,B5-GD,130,130,CO5119,83
2025-12-26,07g00,CS1,B1-208,84,44,CH1003,44
2025-12-26,07g00,CS1,B1-306,84,44,CH1003,44
2025-12-26,07g00,CS1,B1-311,80,42,CH1003,42
2025-12-26,07g00,CS1,B4-305,80,42,CH1003,42
2025-12-26,07g00,CS1,B4-306,80,42,CH1003,42
2025-12-26,07g00,CS1,B4-406,108,57,CH1003,57
2025-12-26,07g00,CS1,B4-406,108,57,CH3389,19
2025-12-26,07g00,CS1,B4-406,108,57,CO3021,9
2025-12-26,07g00,CS1,B4-406,108,57,MA3101,4
2025-12-26,07g00,CS1,B4-501,80,42,CH1003,42
2025-12-26,07g00,CS1,B4-502,80,42,CH1003,42
2025-12-26,07g00,CS1,B4-505,120,63,CH1003,63
2025-12-26,07g00,CS1,B4-505,120,63,CI3061,21
2025-12-26,07g00,CS1,B4-505,120,63,CO3021,12
2025-12-26,07g00,CS1,B4-505,120,63,EE3003,24
2025-12-26,07g00,CS1,B5-GD,130,130,CH1003,130
2025-12-26,07g00,CS1,B6-306,80,42,CH1003,42
2025-12-26,07g00,CS1,C4-301,80,42,CH1003,42
2025-12-26,07g00,CS1,C4-304,80,42,CH1003,42
2025-12-26,07g00,CS1,C4-402,80,42,CH1003,42
2025-12-26,07g00,CS1,C4-403,80,42,CH1003,42
2025-12-26,07g00,CS1,C4-502,80,42,CH1003,42
2025-12-26,07g00,CS1,C5-303,80,42,CH1003,42
2025-12-26,07g00,CS1,C5-401,80,42,CH1003,42
2025-12-26,07g00,CS1,C5-403,80,42,CH1003,42
2025-12-26,07g00,CS1,C5-502,80,42,CH1003,42
2025-12-26,07g00,CS1,C5-503,80,42,CH1003,33
2025-12-26,07g00,CS1,C6-102,100,50,CH1003,50
2025-12-26,07g00,CS1,C6-103,100,50,CH1003,50
2025-12-26,07g00,CS1,C6-401,80,42,CH1003,42
2025-12-26,07g00,CS1,C6-402,80,42,CH1003,42
2025-12-26,07g00,CS1,C6-403,80,42,CH1003,42
2025-12-26,07g00,CS2,H1-101,138,73,CH1003,73
2025-12-26,07g00,CS2,H1-104,138,73,CH1003,73
2025-12-26,07g00,CS2,H1-307,135,71,CH1003,71
2025-12-26,07g00,CS2,H2-201,156,82,CH1003,82
2025-12-26,07g00,CS2,H2-201,156,82,EE3003,74
2025-12-26,07g00,CS2,H2-206,156,82,CH1003,82
2025-12-26,07g00,CS2,H2-206,156,82,CO3021,74
2025-12-26,07g00,CS2,H2-207,135,71,CH1003,71
2025-12-26,07g00,CS2,H2-301,156,82,CH1003,82
2025-12-26,07g00,CS2,H2-301,156,82,CH3389,74
2025-12-26,07g00,CS2,H2-306,156,82,CH1003,82
2025-12-26,07g00,CS2,H2-306,156,82,CI3061,74
2025-12-26,07g00,CS2,H2-401,156,82,CH1003,82
2025-12-26,07g00,CS2,H2-401,156,82,EE3003,74
2025-12-26,07g00,CS2,H2-406,156,82,CH1003,82
2025-12-26,07g00,CS2,H2-406,156,82,EE3003,74
2025-12-26,07g00,CS2,H3-201,142,75,CH1003,75
2025-12-26,07g00,CS2,H3-301,142,75,CH1003,75
2025-12-26,07g00,CS2,H3-306,142,75,CH1003,75
2025-12-26,07g00,CS2,H3-401,142,75,CH1003,75
2025-12-26,07g00,CS2,H3-406,142,75,CH1003,75
2025-12-26,07g00,CS2,H3-501,142,75,CH1003,75
2025-12-26,07g00,CS2,H3-501,142,75,CO3021,3
2025-12-26,07g00,CS2,H3-506,142,75,CH1003,75
2025-12-26,07g00,CS2,H3-506,142,75,CH3389,13
2025-12-26,07g00,CS2,H3-506,142,75,CI3061,21
2025-12-26,07g00,CS2,H3-506,142,75,CO3021,4
2025-12-26,07g00,CS2,H3-506,142,75,EE3003,29
2025-12-26,07g00,CS2,H6-113,129,68,CH1003,28
2025-12-26,07g00,CS2,H6-305,129,68,CH1003,68
2025-12-26,07g00,CS2,H6-308,144,76,CH1003,76
2025-12-26,07g00,CS2,H6-308,144,76,EE3003,15
2025-12-26,07g00,CS2,H6-308,144,76,ME3229,53
2025-12-26,07g00,CS2,H6-311,135,71,CH1003,71
2025-12-26,07g00,CS2,H6-811,150,79,CH1003,79
2025-12-26,07g00,CS2,H6-811,150,79,MA3101,65
2025-12-26,07g00,CS2,H6-811,150,79,ME3229,6
2025-12-26,07g00,CS2,H6-GD,250,250,CH1003,250
2025-12-26,09g30,CS1,B1-208,84,44,AS2063,13
2025-12-26,09g30,CS1,B1-208,84,44,CH4149,4
2025-12-26,09g30,CS1,B1-208,84,44,EE3095,7
2025-12-26,09g30,CS1,B1-208,84,44,EE3405,19
2025-12-26,09g30,CS1,B1-208,84,44,EE5019,14
2025-12-26,09g30,CS1,B4-406,108,57,EE2407,51
2025-12-26,09g30,CS1,B4-406,108,57,IM1001,57
2025-12-26,09g30,CS1,B4-505,120,63,EE2407,63
2025-12-26,09g30,CS1,B4-505,120,63,IM1001,57
2025-12-26,09g30,CS1,B5-GD,130,130,EE2407,130
2025-12-26,09g30,CS1,C6-102,100,50,CH4149,15
2025-12-26,09g30,CS1,C6-102,100,50,EE2407,30
2025-12-26,09g30,CS1,C6-102,100,50,EE3029,30
2025-12-26,09g30,CS1,C6-102,100,50,IM1001,25
2025-12-26,09g30,CS1,C6-103,100,50,EE3095,50
2025-12-26,09g30,CS1,C6-103,100,50,EE3405,15
2025-12-26,09g30,CS1,C6-103,100,50,IM3083,35
2025-12-26,09g30,CS2,H2-201,156,82,CI3261,74
2025-12-26,09g30,CS2,H2-201,156,82,IM1001,82
2025-12-26,09g30,CS2,H2-401,156,82,CI3261,9
2025-12-26,09g30,CS2,H2-401,156,82,CI4153,35
2025-12-26,09g30,CS2,H2-401,156,82,EE3095,28
2025-12-26,09g30,CS2,H2-401,156,82,IM1001,13
2025-12-26,09g30,CS2,H2-401,156,82,IU2003,25
2025-12-26,09g30,CS2,H2-401,156,82,ME4307,32
2025-12-26,09g30,CS2,H2-406,156,82,AS2063,52
2025-12-26,09g30,CS2,H2-406,156,82,EN3013,51
2025-12-26,09g30,CS2,H2-406,156,82,IM3083,49
2025-12-26,09g30,CS2,H2-406,156,82,ME4307,4
2025-12-26,09g30,CS2,H6-GD,250,250,EE3029,207
2025-12-26,09g30,CS2,H6-GD,250,250,IM1001,43
2025-12-26,13g00,CS1,B4-406,108,57,CH3337,20
2025-12-26,13g00,CS1,B4-406,108,57,CH3369,34
2025-12-26,13g00,CS1,B4-406,108,57,CI4189,54
2025-12-26,13g00,CS1,B4-505,120,63,LA1005,63
2025-12-26,13g00,CS1,B4-505,120,63,ME3001,57
2025-12-26,13g00,CS1,B5-GD,130,130,CO3009,130
2025-12-26,13g00,CS1,C6-103,100,50,CO3009,14
2025-12-26,13g00,CS1,C6-103,100,50,LA0019,16
2025-12-26,13g00,CS1,C6-103,100,50,LA1005,15
2025-12-26,13g00,CS1,C6-103,100,50,ME3001,14
2025-12-26,13g00,CS2,H1-101,138,73,CH3337,14
2025-12-26,13g00,CS2,H1-101,138,73,CI3265,22
2025-12-26,13g00,CS2,H1-101,138,73,CI4189,25
2025-12-26,13g00,CS2,H1-101,138,73,CO3009,11
2025-12-26,13g00,CS2,H1-101,138,73,LA1005,25
2025-12-26,13g00,CS2,H2-201,156,82,LA0019,74
2025-12-26,13g00,CS2,H2-201,156,82,LA1005,82
2025-12-26,13g00,CS2,H2-206,156,82,LA1005,82
2025-12-26,13g00,CS2,H2-206,156,82,ME3001,74
2025-12-26,13g00,CS2,H2-301,156,82,LA0019,74
2025-12-26,13g00,CS2,H2-301,156,82,LA1005,82
2025-12-26,13g00,CS2,H2-306,156,82,LA0019,74
2025-12-26,13g00,CS2,H2-306,156,82,LA1005,82
2025-12-26,13g00,CS2,H2-401,156,82,LA0019,74
2025-12-26,13g00,CS2,H2-401,156,82,LA1005,82
2025-12-26,13g00,CS2,H2-406,156,82,LA0019,74
2025-12-26,13g00,CS2,H2-406,156,82,LA1005,82
2025-12-26,13g00,CS2,H3-201,142,75,CI3265,11
2025-12-26,13g00,CS2,H3-201,142,75,EE3145,42
2025-12-26,13g00,CS2,H3-201,142,75,LA0019,35
2025-12-26,13g00,CS2,H3-201,142,75,TR2017,54
2025-12-26,13g00,CS2,H3-301,142,75,CH3369,64
2025-12-26,13g00,CS2,H3-301,142,75,ME3001,70
2025-12-26,13g00,CS2,H3-301,142,75,TR2017,8
2025-12-26,13g00,CS2,H3-306,142,75,CH3337,67
2025-12-26,13g00,CS2,H3-306,142,75,CO3009,75
2025-12-26,13g00,CS2,H3-401,142,75,CI4189,67
2025-12-26,13g00,CS2,H3-401,142,75,LA1005,75
2025-12-26,13g00,CS2,H3-406,142,75,EE3145,75
2025-12-26,13g00,CS2,H3-406,142,75,LA0019,67
2025-12-26,13g00,CS2,H3-501,142,75,CO3009,75
2025-12-26,13g00,CS2,H3-501,142,75,ME3001,67
2025-12-26,13g00,CS2,H3-506,142,75,CI4189,75
2025-12-26,13g00,CS2,H3-506,142,75,LA1005,67
2025-12-26,13g00,CS2,H6-308,144,76,LA0019,68
2025-12-26,13g00,CS2,H6-308,144,76,ME3001,76
2025-12-26,13g00,CS2,H6-811,150,79,LA0019,79
2025-12-26,13g00,CS2,H6-811,150,79,LA1005,71
2025-12-26,13g00,CS2,H6-GD,250,250,LA1005,250
2025-12-26,15g30,CS1,B4-505,120,63,CO4031,43
2025-12-26,15g30,CS1,B4-505,120,63,LA3021,43
2025-12-26,15g30,CS1,B5-GD,130,130,LA3021,130
2025-12-26,15g30,CS2,H6-GD,250,250,CO4031,124
2025-12-26,18g15,CS1,B5-GD,130,130,CI5147,14
2025-12-26,18g15,CS1,B5-GD,130,130,CI5149,18
2025-12-26,18g15,CS1,B5-GD,130,130,CO5125,41
2025-12-26,18g15,CS1,B5-GD,130,130,ME5103,15
2025-12-26,18g15,CS1,B5-GD,130,130,TR5023,5
2025-12-27,07g00,CS1,B5-GD,130,130,LA1003,60
2025-12-27,07g00,CS1,B5-GD,130,130,MA3083,18
2025-12-27,07g00,CS2,H2-201,156,82,LA1003,82
2025-12-27,07g00,CS2,H2-206,156,82,LA1003,82
2025-12-27,07g00,CS2,H2-301,156,82,LA1003,82
2025-12-27,07g00,CS2,H2-306,156,82,LA1003,82
2025-12-27,07g00,CS2,H2-401,156,82,LA1003,82
2025-12-27,07g00,CS2,H2-406,156,82,LA1003,82
2025-12-27,07g00,CS2,H3-406,142,75,LA1003,66
2025-12-27,07g00,CS2,H3-501,142,75,LA1003,75
2025-12-27,07g00,CS2,H3-506,142,75,LA1003,75
2025-12-27,07g00,CS2,H6-308,144,76,LA1003,76
2025-12-27,07g00,CS2,H6-811,150,79,LA1003,79
2025-12-27,07g00,CS2,H6-GD,250,250,LA1003,250
2025-12-27,09g30,CS1,B4-406,108,57,CH4079,4
2025-12-27,09g30,CS1,B4-406,108,57,GK5035,57
2025-12-27,09g30,CS1,B4-505,120,63,CH4079,57
2025-12-27,09g30,CS1,B4-505,120,63,GK5035,63
2025-12-27,09g30,CS1,B5-GD,130,130,CH4079,130
2025-12-27,09g30,CS1,C6-103,100,50,GK5035,44
2025-12-27,09g30,CS2,H2-201,156,82,CH4079,82
2025-12-27,09g30,CS2,H2-201,156,82,EN2033,71
2025-12-27,09g30,CS2,H2-401,156,82,CH4079,12
2025-12-27,09g30,CS2,H2-406,156,82,CH4079,82
2025-12-27,09g30,CS2,H6-GD,250,250,CH4079,250
2025-12-27,13g00,CS1,B4-406,108,57,CI5273,8
2025-12-27,13g00,CS1,B4-406,108,57,ME5079,5
2025-12-27,13g00,CS1,B4-406,108,57,TR5065,8
2025-12-27,13g00,CS1,B4-505,120,63,CH5767,19
2025-12-27,13g00,CS1,B4-505,120,63,CI5141,17
2025-12-27,13g00,CS1,B4-505,120,63,CI5779,19
2025-12-27,13g00,CS1,B4-505,120,63,CO5083,18
2025-12-27,13g00,CS1,B4-505,120,63,IM5065,22
2025-12-27,13g00,CS1,B4-505,120,63,ME5079,5
2025-12-27,13g00,CS1,B4-505,120,63,ME5259,20
2025-12-27,13g00,CS1,B5-GD,130,130,CH2027,53
2025-12-27,13g00,CS1,B5-GD,130,130,CO3005,77
2025-12-27,13g00,CS2,H2-201,156,82,CH2027,82
2025-12-27,13g00,CS2,H2-201,156,82,CO3005,5
2025-12-27,13g00,CS2,H2-201,156,82,EE3169,47
2025-12-27,13g00,CS2,H2-406,156,82,CH2027,69
2025-12-27,13g00,CS2,H6-GD,250,250,CO3005,250
2025-12-27,15g30,CS1,B4-505,120,63,GK5933,39
2025-12-27,15g30,CS1,B5-GD,130,130,GE1013,104
2025-12-27,15g30,CS1,B5-GD,130,130,GK5933,26
2025-12-27,15g30,CS2,H2-201,156,82,GE1013,32
2025-12-27,15g30,CS2,H6-GD,250,250,GE1013,250
2025-12-28,07g00,CS1,B5-GD,130,130,IM1023,127
2025-12-28,07g00,CS2,H6-GD,250,250,IM1023,159
2025-12-28,09g30,CS1,B1-208,84,44,AS5113,44
2025-12-28,09g30,CS1,B1-306,84,44,AS5113,44
2025-12-28,09g30,CS1,B4-406,108,57,AS5113,57
2025-12-28,09g30,CS1,B4-502,80,42,AS5113,24
2025-12-28,09g30,CS1,B4-505,120,63,AS5113,63
2025-12-28,09g30,CS1,B5-GD,130,130,AS5113,130
2025-12-28,09g30,CS1,C6-102,100,50,AS5113,50
2025-12-28,09g30,CS1,C6-103,100,50,AS5113,50
2025-12-28,13g00,CS1,B1-208,84,44,CO3093,44
2025-12-28,13g00,CS1,B1-306,84,44,CO3093,44
2025-12-28,13g00,CS1,B4-406,108,57,CO3093,57
2025-12-28,13g00,CS1,B4-406,108,57,EE2009,23
2025-12-28,13g00,CS1,B4-406,108,57,ME2019,14
2025-12-28,13g00,CS1,B4-502,80,42,CO3093,34
2025-12-28,13g00,CS1,B4-505,120,63,CO3093,63
2025-12-28,13g00,CS1,B4-505,120,63,ME2019,57
2025-12-28,13g00,CS1,B5-GD,130,130,CO3093,130
2025-12-28,13g00,CS1,C6-102,100,50,CO3093,50
2025-12-28,13g00,CS1,C6-103,100,50,CO3093,50
2025-12-28,13g00,CS2,H2-201,156,82,CO3093,82
2025-12-28,13g00,CS2,H2-201,156,82,EE2009,74
2025-12-28,13g00,CS2,H2-306,156,82,EE2009,20
2025-12-28,13g00,CS2,H2-306,156,82,ME2019,17
2025-12-28,13g00,CS2,H2-401,156,82,CO3093,66
2025-12-28,13g00,CS2,H2-401,156,82,EE2009,8
2025-12-28,13g00,CS2,H2-401,156,82,ME2019,82
2025-12-28,13g00,CS2,H2-406,156,82,CO3093,82
2025-12-28,13g00,CS2,H2-406,156,82,EE2009,74
2025-12-28,13g00,CS2,H6-GD,250,250,CO3093,250
2025-12-28,15g30,CS1,B4-505,120,63,CI5259,19
2025-12-28,15g30,CS1,B4-505,120,63,CO5317,16
2025-12-28,15g30,CS1,B4-505,120,63,EN5083,11
2025-12-28,15g30,CS1,B4-505,120,63,GK5011,1
2025-12-28,15g30,CS1,B4-505,120,63,MA5079,6
2025-12-28,15g30,CS1,B5-GD,130,130,GK5011,130
2025-12-29,07g00,CS1,B1-208,84,44,AS3103,10
2025-12-29,07g00,CS1,B1-208,84,44,CH4091,27
2025-12-29,07g00,CS1,B1-208,84,44,EN1003,26
2025-12-29,07g00,CS1,B1-208,84,44,ME2005,21
2025-12-29,07g00,CS1,B1-306,84,44,AS3097,11
2025-12-29,07g00,CS1,B1-306,84,44,AS3103,7
2025-12-29,07g00,CS1,B1-306,84,44,CH2007,3
2025-12-29,07g00,CS1,B1-306,84,44,CH2009,17
2025-12-29,07g00,CS1,B1-306,84,44,CH4143,15
2025-12-29,07g00,CS1,B1-306,84,44,CO3115,6
2025-12-29,07g00,CS1,B1-306,84,44,ME4607,1
2025-12-29,07g00,CS1,B4-406,108,57,EN1003,51
2025-12-29,07g00,CS1,B4-406,108,57,ME2005,57
2025-12-29,07g00,CS1,B4-505,120,63,EN1003,57
2025-12-29,07g00,CS1,B4-505,120,63,ME2005,63
2025-12-29,07g00,CS1,B5-GD,130,130,CH2043,130
2025-12-29,07g00,CS1,C6-102,100,50,CH2043,48
2025-12-29,07g00,CS1,C6-102,100,50,CH4091,2
2025-12-29,07g00,CS1,C6-102,100,50,ME4607,50
2025-12-29,07g00,CS1,C6-103,100,50,CH2007,50
2025-12-29,07g00,CS1,C6-103,100,50,CO3115,50
2025-12-29,07g00,CS2,H2-201,156,82,EN1003,74
2025-12-29,07g00,CS2,H2-201,156,82,ME2005,82
2025-12-29,07g00,CS2,H2-206,156,82,CH2009,74
2025-12-29,07g00,CS2,H2-206,156,82,ME4607,82
2025-12-29,07g00,CS2,H2-301,156,82,EN1003,82
2025-12-29,07g00,CS2,H2-301,156,82,ME2005,74
2025-12-29,07g00,CS2,H2-306,156,82,CH2043,74
2025-12-29,07g00,CS2,H2-306,156,82,ME2005,82
2025-12-29,07g00,CS2,H2-401,156,82,CH2009,74
2025-12-29,07g00,CS2,H2-401,156,82,ME2005,82
2025-12-29,07g00,CS2,H2-406,156,82,ME2005,82
2025-12-29,07g00,CS2,H2-406,156,82,ME4607,74
2025-12-29,07g00,CS2,H3-401,142,75,CH2009,11
2025-12-29,07g00,CS2,H3-401,142,75,CH4091,15
2025-12-29,07g00,CS2,H3-401,142,75,CI3057,15
2025-12-29,07g00,CS2,H3-401,142,75,CO3115,7
2025-12-29,07g00,CS2,H3-401,142,75,TR2011,20
2025-12-29,07g00,CS2,H3-406,142,75,CH2043,26
2025-12-29,07g00,CS2,H3-406,142,75,CH4143,28
2025-12-29,07g00,CS2,H3-406,142,75,MA3007,22
2025-12-29,07g00,CS2,H3-406,142,75,ME3027,34
2025-12-29,07g00,CS2,H3-406,142,75,ME4607,30
2025-12-29,07g00,CS2,H3-406,142,75,TR2011,2
2025-12-29,07g00,CS2,H3-501,142,75,AS3103,38
2025-12-29,07g00,CS2,H3-501,142,75,CH2009,25
2025-12-29,07g00,CS2,H3-501,142,75,CI3233,38
2025-12-29,07g00,CS2,H3-501,142,75,ME2005,41
2025-12-29,07g00,CS2,H3-506,142,75,AS3103,3
2025-12-29,07g00,CS2,H3-506,142,75,EN3205,44
2025-12-29,07g00,CS2,H3-506,142,75,GE3015,51
2025-12-29,07g00,CS2,H3-506,142,75,IU4015,44
2025-12-29,07g00,CS2,H6-308,144,76,CH2007,63
2025-12-29,07g00,CS2,H6-308,144,76,EN1003,66
2025-12-29,07g00,CS2,H6-308,144,76,IU4015,15
2025-12-29,07g00,CS2,H6-811,150,79,CH2043,79
2025-12-29,07g00,CS2,H6-811,150,79,CO3115,71
2025-12-29,07g00,CS2,H6-GD,250,250,EN1003,250
2025-12-29,09g30,CS1,B5-GD,130,130,LA3025,108
2025-12-29,13g00,CS1,B4-406,108,57,IM3051,51
2025-12-29,13g00,CS1,B4-406,108,57,ME2007,57
2025-12-29,13g00,CS1,B4-505,120,63,EE3013,57
2025-12-29,13g00,CS1,B4-505,120,63,ME2007,63
2025-12-29,13g00,CS1,B5-GD,130,130,CO1007,130
2025-12-29,13g00,CS1,C6-102,100,50,CI2037,30
2025-12-29,13g00,CS1,C6-102,100,50,EE2415,24
2025-12-29,13g00,CS1,C6-102,100,50,IM3051,16
2025-12-29,13g00,CS1,C6-102,100,50,ME2007,25
2025-12-29,13g00,CS1,C6-103,100,50,CO1007,49
2025-12-29,13g00,CS1,C6-103,100,50,EE3013,40
2025-12-29,13g00,CS1,C6-103,100,50,ME2007,11
2025-12-29,13g00,CS2,H2-201,156,82,CO1007,82
2025-12-29,13g00,CS2,H2-201,156,82,IM3051,74
2025-12-29,13g00,CS2,H2-206,156,82,EE3019,60
2025-12-29,13g00,CS2,H2-206,156,82,ME2007,35
2025-12-29,13g00,CS2,H2-206,156,82,ME4313,61
2025-12-29,13g00,CS2,H2-301,156,82,CI2037,70
2025-12-29,13g00,CS2,H2-301,156,82,EE3013,74
2025-12-29,13g00,CS2,H2-301,156,82,ME2007,12
2025-12-29,13g00,CS2,H2-306,156,82,CO1007,74
2025-12-29,13g00,CS2,H2-306,156,82,IM3051,82
2025-12-29,13g00,CS2,H2-401,156,82,EE3013,74
2025-12-29,13g00,CS2,H2-401,156,82,ME2007,82
2025-12-29,13g00,CS2,H2-406,156,82,CO1007,82
2025-12-29,13g00,CS2,H2-406,156,82,IM3051,74
2025-12-29,13g00,CS2,H6-811,150,79,CH3349,30
2025-12-29,13g00,CS2,H6-811,150,79,CO1007,7
2025-12-29,13g00,CS2,H6-811,150,79,EE3111,53
2025-12-29,13g00,CS2,H6-811,150,79,IM3051,1
2025-12-29,13g00,CS2,H6-811,150,79,ME2007,20
2025-12-29,13g00,CS2,H6-GD,250,250,ME2007,250
2025-12-29,18g15,CS1,B4-406,108,57,CO5157,36
2025-12-29,18g15,CS1,B4-505,120,63,CO5157,2
2025-12-29,18g15,CS1,B4-505,120,63,GK5007,57
2025-12-29,18g15,CS1,B4-505,120,63,GK5037,61
2025-12-29,18g15,CS1,B5-GD,130,130,GK5009,117
2025-12-29,18g15,CS1,B5-GD,130,130,GK5037,13
2025-12-30,07g00,CS1,B1-208,84,44,CI2001,40
2025-12-30,07g00,CS1,B1-208,84,44,LA1015,44
2025-12-30,07g00,CS1,B1-306,84,44,CO2013,40
2025-12-30,07g00,CS1,B1-306,84,44,EE2019,44
2025-12-30,07g00,CS1,B4-305,80,42,AS3147,9
2025-12-30,07g00,CS1,B4-305,80,42,CO2013,16
2025-12-30,07g00,CS1,B4-305,80,42,EE2019,17
2025-12-30,07g00,CS1,B4-305,80,42,GE2051,9
2025-12-30,07g00,CS1,B4-305,80,42,LA1015,2
2025-12-30,07g00,CS1,B4-406,108,57,CO2013,57
2025-12-30,07g00,CS1,B4-406,108,57,LA1015,51
2025-12-30,07g00,CS1,B4-501,80,42,CO2013,38
2025-12-30,07g00,CS1,B4-501,80,42,EE2019,42
2025-12-30,07g00,CS1,B4-502,80,42,CI2001,38
2025-12-30,07g00,CS1,B4-502,80,42,LA1015,42
2025-12-30,07g00,CS1,B4-505,120,63,CI2001,57
2025-12-30,07g00,CS1,B4-505,120,63,CO2013,63
2025-12-30,07g00,CS1,B5-GD,130,130,CO2013,130
2025-12-30,07g00,CS1,B6-306,80,42,CI2001,2
2025-12-30,07g00,CS1,B6-306,80,42,EE4443,36
2025-12-30,07g00,CS1,B6-306,80,42,LA1015,42
2025-12-30,07g00,CS1,C4-502,80,42,AS2009,22
2025-12-30,07g00,CS1,C4-502,80,42,AS3147,8
2025-12-30,07g00,CS1,C4-502,80,42,CI2001,24
2025-12-30,07g00,CS1,C4-502,80,42,ME3033,26
2025-12-30,07g00,CS1,C6-102,100,50,CO2013,50
2025-12-30,07g00,CS1,C6-102,100,50,EE2019,50
2025-12-30,07g00,CS1,C6-103,100,50,CI2001,50
2025-12-30,07g00,CS1,C6-103,100,50,CO2013,50
2025-12-30,07g00,CS2,H2-201,156,82,CO2013,82
2025-12-30,07g00,CS2,H2-201,156,82,EE2019,74
2025-12-30,07g00,CS2,H2-206,156,82,CI2001,82
2025-12-30,07g00,CS2,H2-206,156,82,IU2001,74
2025-12-30,07g00,CS2,H2-301,156,82,CI2007,74
2025-12-30,07g00,CS2,H2-301,156,82,CO2013,82
2025-12-30,07g00,CS2,H2-306,156,82,CI2001,82
2025-12-30,07g00,CS2,H2-306,156,82,EE2019,74
2025-12-30,07g00,CS2,H2-401,156,82,CO2013,82
2025-12-30,07g00,CS2,H2-401,156,82,EE2019,74
2025-12-30,07g00,CS2,H2-406,156,82,CO2013,82
2025-12-30,07g00,CS2,H2-406,156,82,EE2019,74
2025-12-30,07g00,CS2,H3-201,142,75,CI2001,2
2025-12-30,07g00,CS2,H3-201,142,75,CI3231,11
2025-12-30,07g00,CS2,H3-201,142,75,CO2013,20
2025-12-30,07g00,CS2,H3-201,142,75,EE2019,13
2025-12-30,07g00,CS2,H3-201,142,75,EE3201,5
2025-12-30,07g00,CS2,H3-201,142,75,GE2051,7
2025-12-30,07g00,CS2,H3-201,142,75,MA3107,25
2025-12-30,07g00,CS2,H3-301,142,75,AS3035,29
2025-12-30,07g00,CS2,H3-301,142,75,CI2007,26
2025-12-30,07g00,CS2,H3-301,142,75,GE2067,30
2025-12-30,07g00,CS2,H3-301,142,75,MA2007,31
2025-12-30,07g00,CS2,H3-301,142,75,MA3085,26
2025-12-30,07g00,CS2,H3-306,142,75,EE2019,21
2025-12-30,07g00,CS2,H3-306,142,75,GE3215,35
2025-12-30,07g00,CS2,H3-306,142,75,ME2151,38
2025-12-30,07g00,CS2,H3-306,142,75,ME3033,48
2025-12-30,07g00,CS2,H3-401,142,75,AS3147,50
2025-12-30,07g00,CS2,H3-401,142,75,CI3163,55
2025-12-30,07g00,CS2,H3-401,142,75,CI3231,37
2025-12-30,07g00,CS2,H3-406,142,75,AS2009,64
2025-12-30,07g00,CS2,H3-406,142,75,CI3231,14
2025-12-30,07g00,CS2,H3-406,142,75,TR2037,64
2025-12-30,07g00,CS2,H3-501,142,75,CI2001,68
2025-12-30,07g00,CS2,H3-501,142,75,IU2001,74
2025-12-30,07g00,CS2,H3-506,142,75,EE3201,75
2025-12-30,07g00,CS2,H3-506,142,75,GE2051,67
2025-12-30,07g00,CS2,H6-308,144,76,CI2007,68
2025-12-30,07g00,CS2,H6-308,144,76,CO2013,76
2025-12-30,07g00,CS2,H6-811,150,79,EE2019,71
2025-12-30,07g00,CS2,H6-811,150,79,ME2151,79
2025-12-30,07g00,CS2,H6-GD,250,250,CI2001,250
2025-12-30,09g30,CS1,B1-208,84,44,SP1037,44
2025-12-30,09g30,CS1,B1-306,84,44,SP1037,44
2025-12-30,09g30,CS1,B4-305,80,42,SP1037,37
2025-12-30,09g30,CS1,B4-406,108,57,SP1037,57
2025-12-30,09g30,CS1,B4-501,80,42,SP1037,42
2025-12-30,09g30,CS1,B4-502,80,42,SP1037,42
2025-12-30,09g30,CS1,B4-505,120,63,SP1037,63
2025-12-30,09g30,CS1,B5-GD,130,130,SP1037,130
2025-12-30,09g30,CS1,B6-306,80,42,SP1037,42
2025-12-30,09g30,CS1,C4-502,80,42,SP1037,42
2025-12-30,09g30,CS1,C6-102,100,50,SP1037,50
2025-12-30,09g30,CS1,C6-103,100,50,SP1037,50
2025-12-30,09g30,CS2,H1-101,138,73,SP1037,73
2025-12-30,09g30,CS2,H1-104,138,73,SP1037,73
2025-12-30,09g30,CS2,H1-307,135,71,SP1037,71
2025-12-30,09g30,CS2,H2-201,156,82,SP1037,82
2025-12-30,09g30,CS2,H2-206,156,82,SP1037,82
2025-12-30,09g30,CS2,H2-207,135,71,SP1037,71
2025-12-30,09g30,CS2,H2-301,156,82,SP1037,82
2025-12-30,09g30,CS2,H2-306,156,82,SP1037,82
2025-12-30,09g30,CS2,H2-401,156,82,SP1037,82
2025-12-30,09g30,CS2,H2-406,156,82,SP1037,82
2025-12-30,09g30,CS2,H3-201,142,75,SP1037,75
2025-12-30,09g30,CS2,H3-301,142,75,SP1037,75
2025-12-30,09g30,CS2,H3-306,142,75,SP1037,75
2025-12-30,09g30,CS2,H3-401,142,75,SP1037,75
2025-12-30,09g30,CS2,H3-406,142,75,SP1037,75
2025-12-30,09g30,CS2,H3-501,142,75,SP1037,75
2025-12-30,09g30,CS2,H3-506,142,75,SP1037,75
2025-12-30,09g30,CS2,H6-113,129,68,SP1037,54
2025-12-30,09g30,CS2,H6-305,129,68,SP1037,68
2025-12-30,09g30,CS2,H6-308,144,76,SP1037,76
2025-12-30,09g30,CS2,H6-311,135,71,SP1037,71
2025-12-30,09g30,CS2,H6-811,150,79,SP1037,79
2025-12-30,09g30,CS2,H6-GD,250,250,SP1037,250
2025-12-30,13g00,CS1,B4-406,108,57,CH2111,37
2025-12-30,13g00,CS1,B4-406,108,57,CH4125,51
2025-12-30,13g00,CS1,B4-406,108,57,IM3093,20
2025-12-30,13g00,CS1,B4-505,120,63,AS2003,44
2025-12-30,13g00,CS1,B4-505,120,63,CH4125,63
2025-12-30,13g00,CS1,B4-505,120,63,EE4423,13
2025-12-30,13g00,CS1,B5-GD,130,130,CO2103,130
2025-12-30,13g00,CS1,C6-103,100,50,CO2103,9
2025-12-30,13g00,CS1,C6-103,100,50,EE4423,31
2025-12-30,13g00,CS1,C6-103,100,50,IM3093,15
2025-12-30,13g00,CS2,H2-201,156,82,CO2103,74
2025-12-30,13g00,CS2,H2-201,156,82,IM3093,82
2025-12-30,13g00,CS2,H2-406,156,82,AS2003,63
2025-12-30,13g00,CS2,H2-406,156,82,CH2111,43
2025-12-30,13g00,CS2,H2-406,156,82,CO2103,11
2025-12-30,13g00,CS2,H2-406,156,82,IM3093,10
2025-12-30,13g00,CS2,H6-GD,250,250,CH4125,224
2025-12-30,13g00,CS2,H6-GD,250,250,CO2103,26
2025-12-30,15g30,CS1,B5-GD,130,130,CO3085,21
2025-12-30,15g30,CS2,H6-GD,250,250,CO3085,62
2025-12-30,15g30,CS2,H6-GD,250,250,EE3129,89
2025-12-30,18g15,CS1,B5-GD,130,130,GK5041,87
2025-12-31,07g00,CS1,B1-208,84,44,CO3001,44
2025-12-31,07g00,CS1,B1-208,84,44,MT2015,40
2025-12-31,07g00,CS1,B1-306,84,44,CI2137,40
2025-12-31,07g00,CS1,B1-306,84,44,CO3001,44
2025-12-31,07g00,CS1,B4-305,80,42,AS3029,6
2025-12-31,07g00,CS1,B4-305,80,42,CH2017,19
2025-12-31,07g00,CS1,B4-305,80,42,CI2137,26
2025-12-31,07g00,CS1,B4-305,80,42,EE2039,29
2025-12-31,07g00,CS1,B4-406,108,57,CH3133,51
2025-12-31,07g00,CS1,B4-406,108,57,CO3001,57
2025-12-31,07g00,CS1,B4-501,80,42,CH3133,42
2025-12-31,07g00,CS1,B4-501,80,42,IM3105,38
2025-12-31,07g00,CS1,B4-502,80,42,CH2017,38
2025-12-31,07g00,CS1,B4-502,80,42,CO3001,42
2025-12-31,07g00,CS1,B4-505,120,63,CO3001,63
2025-12-31,07g00,CS1,B4-505,120,63,MT2015,57
2025-12-31,07g00,CS1,B5-GD,130,130,CO3001,130
2025-12-31,07g00,CS1,B6-306,80,42,ME4135,38
2025-12-31,07g00,CS1,B6-306,80,42,MT2015,42
2025-12-31,07g00,CS1,C4-301,80,42,AS3029,9
2025-12-31,07g00,CS1,C4-301,80,42,CH3133,11
2025-12-31,07g00,CS1,C4-301,80,42,EN3073,14
2025-12-31,07g00,CS1,C4-301,80,42,IM3105,12
2025-12-31,07g00,CS1,C4-301,80,42,MA1003,14
2025-12-31,07g00,CS1,C4-301,80,42,ME4135,2
2025-12-31,07g00,CS1,C4-301,80,42,MT2015,6
2025-12-31,07g00,CS1,C4-502,80,42,CH3003,34
2025-12-31,07g00,CS1,C4-502,80,42,CI2137,7
2025-12-31,07g00,CS1,C4-502,80,42,CO3001,39
2025-12-31,07g00,CS1,C6-102,100,50,CH3133,50
2025-12-31,07g00,CS1,C6-102,100,50,CO3001,50
2025-12-31,07g00,CS1,C6-103,100,50,CO3001,50
2025-12-31,07g00,CS1,C6-103,100,50,MT2015,50
2025-12-31,07g00,CS2,H2-201,156,82,CO3001,74
2025-12-31,07g00,CS2,H2-201,156,82,EE2039,82
2025-12-31,07g00,CS2,H2-206,156,82,CH3133,82
2025-12-31,07g00,CS2,H2-206,156,82,IU2035,74
2025-12-31,07g00,CS2,H2-301,156,82,CI2137,82
2025-12-31,07g00,CS2,H2-301,156,82,IM3105,74
2025-12-31,07g00,CS2,H2-306,156,82,EE2039,82
2025-12-31,07g00,CS2,H2-306,156,82,MA1003,74
2025-12-31,07g00,CS2,H2-401,156,82,CH3133,82
2025-12-31,07g00,CS2,H2-401,156,82,CO3001,74
2025-12-31,07g00,CS2,H2-406,156,82,CI2137,82
2025-12-31,07g00,CS2,H2-406,156,82,IM3105,74
2025-12-31,07g00,CS2,H3-201,142,75,CH2017,18
2025-12-31,07g00,CS2,H3-201,142,75,CI2137,21
2025-12-31,07g00,CS2,H3-201,142,75,GE2001,13
2025-12-31,07g00,CS2,H3-201,142,75,IM3105,9
2025-12-31,07g00,CS2,H3-201,142,75,IU3011,10
2025-12-31,07g00,CS2,H3-201,142,75,TR3133,2
2025-12-31,07g00,CS2,H3-301,142,75,AS3029,34
2025-12-31,07g00,CS2,H3-301,142,75,EE2039,33
2025-12-31,07g00,CS2,H3-301,142,75,ME4135,25
2025-12-31,07g00,CS2,H3-301,142,75,TR3059,28
2025-12-31,07g00,CS2,H3-301,142,75,TR3133,22
2025-12-31,07g00,CS2,H3-306,142,75,CO3001,37
2025-12-31,07g00,CS2,H3-306,142,75,IU3011,27
2025-12-31,07g00,CS2,H3-306,142,75,MA4067,39
2025-12-31,07g00,CS2,H3-306,142,75,ME4311,39
2025-12-31,07g00,CS2,H3-401,142,75,CO3001,6
2025-12-31,07g00,CS2,H3-401,142,75,EE3067,47
2025-12-31,07g00,CS2,H3-401,142,75,EN3073,44
2025-12-31,07g00,CS2,H3-401,142,75,MA1003,45
2025-12-31,07g00,CS2,H3-406,142,75,CH2017,32
2025-12-31,07g00,CS2,H3-406,142,75,IU2035,54
2025-12-31,07g00,CS2,H3-406,142,75,ME3225,56
2025-12-31,07g00,CS2,H3-501,142,75,CH2017,8
2025-12-31,07g00,CS2,H3-501,142,75,CH3003,67
2025-12-31,07g00,CS2,H3-501,142,75,CH3133,67
2025-12-31,07g00,CS2,H3-506,142,75,GE2001,67
2025-12-31,07g00,CS2,H3-506,142,75,IM3105,75
2025-12-31,07g00,CS2,H6-308,144,76,CI2137,68
2025-12-31,07g00,CS2,H6-308,144,76,EE2039,76
2025-12-31,07g00,CS2,H6-811,150,79,CO3001,79
2025-12-31,07g00,CS2,H6-811,150,79,MA1003,71
2025-12-31,07g00,CS2,H6-GD,250,250,CO3001,250
2025-12-31,09g30,CS1,B4-406,108,57,LA4007,2
2025-12-31,09g30,CS1,B4-505,120,63,LA4007,63
2025-12-31,09g30,CS1,B4-505,120,63,ME2003,40
2025-12-31,09g30,CS1,B5-GD,130,130,ME2003,130
2025-12-31,09g30,CS2,H2-201,156,82,EE3127,17
2025-12-31,09g30,CS2,H2-201,156,82,ME2003,82
2025-12-31,09g30,CS2,H2-401,156,82,ME2003,11
2025-12-31,09g30,CS2,H2-406,156,82,ME2003,82
2025-12-31,09g30,CS2,H6-GD,250,250,ME2003,250
2025-12-31,13g00,CS1,B4-406,108,57,EE3401,45
2025-12-31,13g00,CS1,B4-406,108,57,MT1009,57
2025-12-31,13g00,CS1,B4-406,108,57,SP1043,6
2025-12-31,13g00,CS1,B4-505,120,63,MT1009,63
2025-12-31,13g00,CS1,B4-505,120,63,SP1043,57
2025-12-31,13g00,CS1,B5-GD,130,130,MT1009,130
2025-12-31,13g00,CS1,C6-103,100,50,ME3013,26
2025-12-31,13g00,CS1,C6-103,100,50,ME4007,23
2025-12-31,13g00,CS1,C6-103,100,50,MT1009,14
2025-12-31,13g00,CS1,C6-103,100,50,SP1043,32
2025-12-31,13g00,CS2,H2-201,156,82,ME3013,74
2025-12-31,13g00,CS2,H2-201,156,82,MT1009,82
2025-12-31,13g00,CS2,H2-206,156,82,MT1009,82
2025-12-31,13g00,CS2,H2-301,156,82,MT1009,82
2025-12-31,13g00,CS2,H2-306,156,82,EE3087,10
2025-12-31,13g00,CS2,H2-306,156,82,ME3007,24
2025-12-31,13g00,CS2,H2-306,156,82,MT1009,82
2025-12-31,13g00,CS2,H2-401,156,82,EE3087,26
2025-12-31,13g00,CS2,H2-401,156,82,ME3013,48
2025-12-31,13g00,CS2,H2-401,156,82,MT1009,82
2025-12-31,13g00,CS2,H2-406,156,82,EE3087,13
2025-12-31,13g00,CS2,H2-406,156,82,ME4007,61
2025-12-31,13g00,CS2,H2-406,156,82,MT1009,82
2025-12-31,13g00,CS2,H6-308,144,76,MT1009,17
2025-12-31,13g00,CS2,H6-811,150,79,MT1009,79
2025-12-31,13g00,CS2,H6-GD,250,250,MT1009,250
2025-12-31,15g30,CS1,B4-505,120,63,CH2053,16
2025-12-31,15g30,CS1,B4-505,120,63,CO3029,45
2025-12-31,15g30,CS1,B5-GD,130,130,CH2053,130
2025-12-31,15g30,CS2,H2-201,156,82,CH2053,82
2025-12-31,15g30,CS2,H2-406,156,82,CH2053,62
2025-12-31,15g30,CS2,H6-GD,250,250,CH2053,25
2025-12-31,15g30,CS2,H6-GD,250,250,CO3029,225
2025-12-31,18g15,CS1,B5-GD,130,130,CH5665,8
2025-12-31,18g15,CS1,B5-GD,130,130,CO5159,42
2025-12-31,18g15,CS1,B5-GD,130,130,IM5129,14
2026-01-02,07g00,CS1,B1-208,84,44,CH2003,44
2026-01-02,07g00,CS1,B1-208,84,44,EE2081,40
2026-01-02,07g00,CS1,B1-306,84,44,CO2011,44
2026-01-02,07g00,CS1,B1-306,84,44,EE2081,40
2026-01-02,07g00,CS1,B4-305,80,42,CO2011,42
2026-01-02,07g00,CS1,B4-305,80,42,EE3089,38
2026-01-02,07g00,CS1,B4-306,80,42,CI1003,2
2026-01-02,07g00,CS1,B4-306,80,42,CO2011,23
2026-01-02,07g00,CS1,B4-306,80,42,EE2015,9
2026-01-02,07g00,CS1,B4-306,80,42,EE3089,21
2026-01-02,07g00,CS1,B4-306,80,42,EE3117,2
2026-01-02,07g00,CS1,B4-306,80,42,ME4133,9
2026-01-02,07g00,CS1,B4-306,80,42,TR3001,5
2026-01-02,07g00,CS1,B4-406,108,57,CH2003,51
2026-01-02,07g00,CS1,B4-406,108,57,CO2011,57
2026-01-02,07g00,CS1,B4-501,80,42,CO2011,42
2026-01-02,07g00,CS1,B4-501,80,42,EE2015,38
2026-01-02,07g00,CS1,B4-502,80,42,CH2003,42
2026-01-02,07g00,CS1,B4-502,80,42,CI2003,38
2026-01-02,07g00,CS1,B4-505,120,63,CO2011,63
2026-01-02,07g00,CS1,B4-505,120,63,EE2081,57
2026-01-02,07g00,CS1,B5-GD,130,130,CO2011,130
2026-01-02,07g00,CS1,B6-306,80,42,CI2003,38
2026-01-02,07g00,CS1,B6-306,80,42,TR3001,42
2026-01-02,07g00,CS1,C4-301,80,42,EE2015,38
2026-01-02,07g00,CS1,C4-301,80,42,ME4133,42
2026-01-02,07g00,CS1,C4-304,80,42,CI1003,42
2026-01-02,07g00,CS1,C4-304,80,42,TR3001,38
2026-01-02,07g00,CS1,C4-402,80,42,CH2003,35
2026-01-02,07g00,CS1,C4-402,80,42,CI2003,38
2026-01-02,07g00,CS1,C4-402,80,42,EE2081,7
2026-01-02,07g00,CS1,C4-403,80,42,CH4101,31
2026-01-02,07g00,CS1,C4-403,80,42,EE2081,27
2026-01-02,07g00,CS1,C4-403,80,42,EE3117,22
2026-01-02,07g00,CS1,C4-502,80,42,CH2003,38
2026-01-02,07g00,CS1,C4-502,80,42,EE2081,42
2026-01-02,07g00,CS1,C6-102,100,50,CO2011,50
2026-01-02,07g00,CS1,C6-102,100,50,EE2081,50
2026-01-02,07g00,CS1,C6-103,100,50,CH2003,50
2026-01-02,07g00,CS1,C6-103,100,50,CO2011,50
2026-01-02,07g00,CS2,H1-101,138,73,CI2003,45
2026-01-02,07g00,CS2,H1-101,138,73,EE2015,4
2026-01-02,07g00,CS2,H1-101,138,73,ME4133,46
2026-01-02,07g00,CS2,H1-101,138,73,TR3001,43
2026-01-02,07g00,CS2,H1-104,138,73,CH2003,8
2026-01-02,07g00,CS2,H1-104,138,73,CH4101,14
2026-01-02,07g00,CS2,H1-104,138,73,EE2015,24
2026-01-02,07g00,CS2,H1-104,138,73,EE2081,3
2026-01-02,07g00,CS2,H1-104,138,73,EE3017,27
2026-01-02,07g00,CS2,H1-104,138,73,EE3089,26
2026-01-02,07g00,CS2,H2-201,156,82,CI2003,82
2026-01-02,07g00,CS2,H2-201,156,82,CO2011,74
2026-01-02,07g00,CS2,H2-206,156,82,CO2011,74
2026-01-02,07g00,CS2,H2-206,156,82,EE2081,82
2026-01-02,07g00,CS2,H2-301,156,82,CI2003,74
2026-01-02,07g00,CS2,H2-301,156,82,CO2011,82
2026-01-02,07g00,CS2,H2-306,156,82,CI2003,82
2026-01-02,07g00,CS2,H2-306,156,82,EE2081,74
2026-01-02,07g00,CS2,H2-401,156,82,CI2003,82
2026-01-02,07g00,CS2,H2-401,156,82,CO2011,74
2026-01-02,07g00,CS2,H2-406,156,82,CI2003,82
2026-01-02,07g00,CS2,H2-406,156,82,EE2081,74
2026-01-02,07g00,CS2,H3-201,142,75,CO2011,67
2026-01-02,07g00,CS2,H3-201,142,75,EE3117,60
2026-01-02,07g00,CS2,H3-201,142,75,TR3001,15
2026-01-02,07g00,CS2,H3-301,142,75,CH2003,67
2026-01-02,07g00,CS2,H3-301,142,75,EE2081,75
2026-01-02,07g00,CS2,H3-306,142,75,CH4101,67
2026-01-02,07g00,CS2,H3-306,142,75,EE2015,75
2026-01-02,07g00,CS2,H3-401,142,75,CI2003,67
2026-01-02,07g00,CS2,H3-401,142,75,CO2011,75
2026-01-02,07g00,CS2,H3-406,142,75,CH2003,67
2026-01-02,07g00,CS2,H3-406,142,75,EE2081,75
2026-01-02,07g00,CS2,H3-501,142,75,CI2003,75
2026-01-02,07g00,CS2,H3-501,142,75,EE2015,67
2026-01-02,07g00,CS2,H3-506,142,75,CH2003,67
2026-01-02,07g00,CS2,H3-506,142,75,CO2011,75
2026-01-02,07g00,CS2,H6-308,144,76,EE2015,76
2026-01-02,07g00,CS2,H6-308,144,76,EE2081,68
2026-01-02,07g00,CS2,H6-811,150,79,CH2003,79
2026-01-02,07g00,CS2,H6-811,150,79,CI2003,71
2026-01-02,07g00,CS2,H6-GD,250,250,CI2003,250
2026-01-02,09g30,CS1,B5-GD,130,130,AS2049,3
2026-01-02,09g30,CS1,B5-GD,130,130,AS3093,13
2026-01-02,09g30,CS1,B5-GD,130,130,MA2033,15
2026-01-02,09g30,CS1,B5-GD,130,130,MA3019,21
2026-01-02,09g30,CS1,B5-GD,130,130,MA4139,10
2026-01-02,09g30,CS2,H2-201,156,82,ME2065,18
2026-01-02,09g30,CS2,H2-201,156,82,ME2113,69
2026-01-02,09g30,CS2,H2-201,156,82,ME4615,69
2026-01-02,09g30,CS2,H2-401,156,82,CO3033,13
2026-01-02,09g30,CS2,H2-401,156,82,GE2053,5
2026-01-02,09g30,CS2,H2-401,156,82,IM4001,15
2026-01-02,09g30,CS2,H2-401,156,82,MA4125,11
2026-01-02,09g30,CS2,H2-401,156,82,TR4021,22
2026-01-02,09g30,CS2,H2-406,156,82,EN3207,28
2026-01-02,09g30,CS2,H2-406,156,82,GE2065,30
2026-01-02,09g30,CS2,H2-406,156,82,GE3137,46
2026-01-02,09g30,CS2,H2-406,156,82,MA4125,15
2026-01-02,09g30,CS2,H2-406,156,82,ME2065,37
2026-01-02,09g30,CS2,H6-GD,250,250,GE2053,73
2026-01-02,09g30,CS2,H6-GD,250,250,MA2033,177
2026-01-02,13g00,CS1,B4-406,108,57,CH3341,43
2026-01-02,13g00,CS1,B4-406,108,57,EE2035,31
2026-01-02,13g00,CS1,B4-406,108,57,IM3047,34
2026-01-02,13g00,CS1,B4-505,120,63,AS1003,45
2026-01-02,13g00,CS1,B4-505,120,63,EE2035,12
2026-01-02,13g00,CS1,B4-505,120,63,IM3047,63
2026-01-02,13g00,CS1,B5-GD,130,130,ME2089,130
2026-01-02,13g00,CS1,C6-103,100,50,CH3351,32
2026-01-02,13g00,CS1,C6-103,100,50,CO3067,12
2026-01-02,13g00,CS1,C6-103,100,50,EE2035,2
2026-01-02,13g00,CS1,C6-103,100,50,ME2089,3
2026-01-02,13g00,CS2,H2-201,156,82,EE2035,74
2026-01-02,13g00,CS2,H2-201,156,82,ME2089,82
2026-01-02,13g00,CS2,H2-206,156,82,CH3341,13
2026-01-02,13g00,CS2,H2-206,156,82,CI4145,50
2026-01-02,13g00,CS2,H2-206,156,82,CO3067,49
2026-01-02,13g00,CS2,H2-206,156,82,PH2001,44
2026-01-02,13g00,CS2,H2-301,156,82,CH3351,64
2026-01-02,13g00,CS2,H2-301,156,82,IM3047,77
2026-01-02,13g00,CS2,H2-301,156,82,PH2001,15
2026-01-02,13g00,CS2,H2-306,156,82,AS1003,74
2026-01-02,13g00,CS2,H2-306,156,82,ME2089,82
2026-01-02,13g00,CS2,H2-401,156,82,EE2035,74
2026-01-02,13g00,CS2,H2-401,156,82,ME2089,82
2026-01-02,13g00,CS2,H2-406,156,82,IM3047,74
2026-01-02,13g00,CS2,H2-406,156,82,ME2089,82
2026-01-02,13g00,CS2,H6-811,150,79,AS1003,24
2026-01-02,13g00,CS2,H6-811,150,79,CH3341,29
2026-01-02,13g00,CS2,H6-811,150,79,EE2035,36
2026-01-02,13g00,CS2,H6-811,150,79,IU3067,20
2026-01-02,13g00,CS2,H6-811,150,79,ME2089,30
2026-01-02,13g00,CS2,H6-GD,250,250,IM3047,250
2026-01-02,15g30,CS1,B4-505,120,63,CO3061,6
2026-01-02,15g30,CS1,B5-GD,130,130,CO3061,130
2026-01-02,15g30,CS2,H6-GD,250,250,CO3061,160
2026-01-02,18g15,CS1,B4-505,120,63,CH5747,27
2026-01-02,18g15,CS1,B4-505,120,63,CI5777,16
2026-01-02,18g15,CS1,B4-505,120,63,MA5071,12
2026-01-02,18g15,CS1,B5-GD,130,130,CH5711,58
2026-01-02,18g15,CS1,B5-GD,130,130,CH5747,1
2026-01-02,18g15,CS1,B5-GD,130,130,CO5111,30
2026-01-02,18g15,CS1,B5-GD,130,130,CO5175,41
2026-01-03,07g00,CS1,B4-406,108,57,AS3031,13
2026-01-03,07g00,CS1,B4-406,108,57,CH3131,15
2026-01-03,07g00,CS1,B4-406,108,57,CI5239,26
2026-01-03,07g00,CS1,B4-406,108,57,EE3189,11
2026-01-03,07g00,CS1,B4-406,108,57,IM4003,23
2026-01-03,07g00,CS1,B4-406,108,57,MA2037,2
2026-01-03,07g00,CS1,B4-406,108,57,TR4057,18
2026-01-03,07g00,CS1,B4-505,120,63,CO4033,30
2026-01-03,07g00,CS1,B4-505,120,63,IM4003,4
2026-01-03,07g00,CS1,B4-505,120,63,ME3005,40
2026-01-03,07g00,CS1,B4-505,120,63,MT1013,46
2026-01-03,07g00,CS1,B5-GD,130,130,CO5097,107
2026-01-03,07g00,CS1,B5-GD,130,130,MT1013,23
2026-01-03,07g00,CS1,C6-103,100,50,EE3035,5
2026-01-03,07g00,CS1,C6-103,100,50,EN5075,5
2026-01-03,07g00,CS1,C6-103,100,50,MA2037,8
2026-01-03,07g00,CS1,C6-103,100,50,MA4065,7
2026-01-03,07g00,CS1,C6-103,100,50,ME5091,4
2026-01-03,07g00,CS2,H2-201,156,82,CH3131,74
2026-01-03,07g00,CS2,H2-201,156,82,EN2065,82
2026-01-03,07g00,CS2,H2-301,156,82,CH3131,4
2026-01-03,07g00,CS2,H2-301,156,82,CH4063,11
2026-01-03,07g00,CS2,H2-301,156,82,CH4107,9
2026-01-03,07g00,CS2,H2-301,156,82,CI4159,16
2026-01-03,07g00,CS2,H2-301,156,82,CO4033,28
2026-01-03,07g00,CS2,H2-301,156,82,EN3211,25
2026-01-03,07g00,CS2,H2-301,156,82,GE3203,1
2026-01-03,07g00,CS2,H2-301,156,82,IU2031,18
2026-01-03,07g00,CS2,H2-306,156,82,CH4107,20
2026-01-03,07g00,CS2,H2-306,156,82,EE3101,32
2026-01-03,07g00,CS2,H2-306,156,82,EN2065,37
2026-01-03,07g00,CS2,H2-306,156,82,ME3005,35
2026-01-03,07g00,CS2,H2-306,156,82,TR3039,32
2026-01-03,07g00,CS2,H2-401,156,82,AS3031,39
2026-01-03,07g00,CS2,H2-401,156,82,CH4107,9
2026-01-03,07g00,CS2,H2-401,156,82,EE3035,58
2026-01-03,07g00,CS2,H2-401,156,82,GE4091,50
2026-01-03,07g00,CS2,H2-406,156,82,CI3237,60
2026-01-03,07g00,CS2,H2-406,156,82,CO4033,32
2026-01-03,07g00,CS2,H2-406,156,82,MA4065,64
2026-01-03,07g00,CS2,H6-GD,250,250,IM4003,135
2026-01-03,07g00,CS2,H6-GD,250,250,IU2031,115
2026-01-03,09g30,CS1,B1-208,84,44,SP1035,44
2026-01-03,09g30,CS1,B1-306,84,44,SP1035,44
2026-01-03,09g30,CS1,B4-305,80,42,SP1035,42
2026-01-03,09g30,CS1,B4-406,108,57,SP1035,57
2026-01-03,09g30,CS1,B4-501,80,42,SP1035,42
2026-01-03,09g30,CS1,B4-502,80,42,SP1035,42
2026-01-03,09g30,CS1,B4-505,120,63,SP1035,63
2026-01-03,09g30,CS1,B5-GD,130,130,SP1035,130
2026-01-03,09g30,CS1,B6-306,80,42,SP1035,42
2026-01-03,09g30,CS1,C4-301,80,42,SP1035,42
2026-01-03,09g30,CS1,C4-304,80,42,SP1035,42
2026-01-03,09g30,CS1,C4-402,80,42,SP1035,42
2026-01-03,09g30,CS1,C4-403,80,42,SP1035,28
2026-01-03,09g30,CS1,C4-502,80,42,SP1035,42
2026-01-03,09g30,CS1,C6-102,100,50,SP1035,50
2026-01-03,09g30,CS1,C6-103,100,50,SP1035,50
2026-01-03,09g30,CS2,H1-101,138,73,SP1035,73
2026-01-03,09g30,CS2,H1-104,138,73,SP1035,34
2026-01-03,09g30,CS2,H2-201,156,82,SP1035,82
2026-01-03,09g30,CS2,H2-206,156,82,SP1035,82
2026-01-03,09g30,CS2,H2-301,156,82,SP1035,82
2026-01-03,09g30,CS2,H2-306,156,82,SP1035,82
2026-01-03,09g30,CS2,H2-401,156,82,SP1035,82
2026-01-03,09g30,CS2,H2-406,156,82,SP1035,82
2026-01-03,09g30,CS2,H3-201,142,75,SP1035,75
2026-01-03,09g30,CS2,H3-301,142,75,SP1035,75
2026-01-03,09g30,CS2,H3-306,142,75,SP1035,75
2026-01-03,09g30,CS2,H3-401,142,75,SP1035,75
2026-01-03,09g30,CS2,H3-406,142,75,SP1035,75
2026-01-03,09g30,CS2,H3-501,142,75,SP1035,75
2026-01-03,09g30,CS2,H3-506,142,75,SP1035,75
2026-01-03,09g30,CS2,H6-308,144,76,SP1035,76
2026-01-03,09g30,CS2,H6-811,150,79,SP1035,79
2026-01-03,09g30,CS2,H6-GD,250,250,SP1035,250
2026-01-03,13g00,CS1,B4-406,108,57,CH4087,16
2026-01-03,13g00,CS1,B4-406,108,57,CH5653,12
2026-01-03,13g00,CS1,B4-406,108,57,CI5253,20
2026-01-03,13g00,CS1,B4-406,108,57,IM1019,10
2026-01-03,13g00,CS1,B4-505,120,63,CH5607,47
2026-01-03,13g00,CS1,B4-505,120,63,CI5253,2
2026-01-03,13g00,CS1,B4-505,120,63,CO5185,29
2026-01-03,13g00,CS1,B4-505,120,63,TR2039,42
2026-01-03,13g00,CS1,B5-GD,130,130,IM1019,130
2026-01-03,13g00,CS2,H2-201,156,82,CH4087,29
2026-01-03,13g00,CS2,H2-201,156,82,EN1005,70
2026-01-03,13g00,CS2,H2-201,156,82,TR2039,57
2026-01-03,13g00,CS2,H2-406,156,82,CH4087,18
2026-01-03,13g00,CS2,H2-406,156,82,EE3171,33
2026-01-03,13g00,CS2,H2-406,156,82,IU1005,11
2026-01-03,13g00,CS2,H2-406,156,82,ME2071,23
2026-01-03,13g00,CS2,H6-GD,250,250,EN1005,10
2026-01-03,13g00,CS2,H6-GD,250,250,IM1019,240
2026-01-03,15g30,CS1,B5-GD,130,130,CO3043,71
2026-01-03,15g30,CS2,H6-GD,250,250,CO3043,130
2026-01-04,07g00,CS1,B1-208,84,44,AS3075,12
2026-01-04,07g00,CS1,B1-208,84,44,CH4111,24
2026-01-04,07g00,CS1,B1-208,84,44,IM1025,24
2026-01-04,07g00,CS1,B1-208,84,44,MA4079,24
2026-01-04,07g00,CS1,B1-306,84,44,CI2157,21
2026-01-04,07g00,CS1,B1-306,84,44,EE2419,18
2026-01-04,07g00,CS1,B1-306,84,44,MA3139,17
2026-01-04,07g00,CS1,B1-306,84,44,PH1009,18
2026-01-04,07g00,CS1,B1-306,84,44,PH2003,10
2026-01-04,07g00,CS1,B4-406,108,57,EE3411,51
2026-01-04,07g00,CS1,B4-406,108,57,IM1025,57
2026-01-04,07g00,CS1,B4-502,80,42,AS3075,9
2026-01-04,07g00,CS1,B4-502,80,42,CH2109,14
2026-01-04,07g00,CS1,B4-502,80,42,CH4115,10
2026-01-04,07g00,CS1,B4-502,80,42,CI3259,6
2026-01-04,07g00,CS1,B4-502,80,42,EE3411,10
2026-01-04,07g00,CS1,B4-502,80,42,MA3113,15
2026-01-04,07g00,CS1,B4-502,80,42,MA4181,5
2026-01-04,07g00,CS1,B4-502,80,42,PH2003,7
2026-01-04,07g00,CS1,B4-505,120,63,GK5033,57
2026-01-04,07g00,CS1,B4-505,120,63,IM1025,63
2026-01-04,07g00,CS1,B5-GD,130,130,IM1025,130
2026-01-04,07g00,CS1,C6-102,100,50,AS2013,45
2026-01-04,07g00,CS1,C6-102,100,50,IM1025,13
2026-01-04,07g00,CS1,C6-102,100,50,TR4087,42
2026-01-04,07g00,CS1,C6-103,100,50,AS2013,1
2026-01-04,07g00,CS1,C6-103,100,50,GK5033,50
2026-01-04,07g00,CS1,C6-103,100,50,IM3073,49
2026-01-04,07g00,CS2,H2-201,156,82,IM1025,82
2026-01-04,07g00,CS2,H2-201,156,82,ME4025,74
2026-01-04,07g00,CS2,H2-206,156,82,IM1025,82
2026-01-04,07g00,CS2,H2-206,156,82,ME2139,14
2026-01-04,07g00,CS2,H2-206,156,82,PH2003,60
2026-01-04,07g00,CS2,H2-301,156,82,AS2013,66
2026-01-04,07g00,CS2,H2-301,156,82,IM1025,82
2026-01-04,07g00,CS2,H2-301,156,82,ME2139,8
2026-01-04,07g00,CS2,H2-306,156,82,IM1025,82
2026-01-04,07g00,CS2,H2-306,156,82,ME4025,74
2026-01-04,07g00,CS2,H2-401,156,82,AS2069,74
2026-01-04,07g00,CS2,H2-401,156,82,IM1025,82
2026-01-04,07g00,CS2,H2-406,156,82,IM1025,82
2026-01-04,07g00,CS2,H2-406,156,82,IM3073,74
2026-01-04,07g00,CS2,H3-501,142,75,AS2069,6
2026-01-04,07g00,CS2,H3-501,142,75,CH2109,14
2026-01-04,07g00,CS2,H3-501,142,75,CI3259,19
2026-01-04,07g00,CS2,H3-501,142,75,CI4155,12
2026-01-04,07g00,CS2,H3-501,142,75,GE4033,10
2026-01-04,07g00,CS2,H3-501,142,75,IM3073,8
2026-01-04,07g00,CS2,H3-501,142,75,MA2011,7
2026-01-04,07g00,CS2,H3-501,142,75,MA3089,16
2026-01-04,07g00,CS2,H3-501,142,75,MA4025,8
2026-01-04,07g00,CS2,H3-506,142,75,CI3263,26
2026-01-04,07g00,CS2,H3-506,142,75,CI4147,22
2026-01-04,07g00,CS2,H3-506,142,75,CI4155,8
2026-01-04,07g00,CS2,H3-506,142,75,IM1025,21
2026-01-04,07g00,CS2,H3-506,142,75,IU3057,36
2026-01-04,07g00,CS2,H3-506,142,75,TR4087,29
2026-01-04,07g00,CS2,H6-308,144,76,CI4139,42
2026-01-04,07g00,CS2,H6-308,144,76,GE2069,42
2026-01-04,07g00,CS2,H6-308,144,76,IM1025,19
2026-01-04,07g00,CS2,H6-308,144,76,ME2139,41
2026-01-04,07g00,CS2,H6-811,150,79,CH2109,28
2026-01-04,07g00,CS2,H6-811,150,79,CH4115,43
2026-01-04,07g00,CS2,H6-811,150,79,IM1025,79
2026-01-04,07g00,CS2,H6-GD,250,250,IM1025,250
2026-01-04,09g30,CS1,B4-406,108,57,CH5699,1
2026-01-04,09g30,CS1,B4-406,108,57,CH5741,13
2026-01-04,09g30,CS1,B4-406,108,57,CI5143,22
2026-01-04,09g30,CS1,B4-406,108,57,CI5249,14
2026-01-04,09g30,CS1,B4-406,108,57,EE5195,3
2026-01-04,09g30,CS1,B4-406,108,57,EN5147,10
2026-01-04,09g30,CS1,B4-406,108,57,MA5067,8
2026-01-04,09g30,CS1,B4-406,108,57,ME5087,8
2026-01-04,09g30,CS1,B4-505,120,63,CI5405,37
2026-01-04,09g30,CS1,B4-505,120,63,CO5137,31
2026-01-04,09g30,CS1,B4-505,120,63,EE5195,24
2026-01-04,09g30,CS1,B4-505,120,63,IM5111,28
2026-01-04,09g30,CS1,B5-GD,130,130,CH5699,41
2026-01-04,09g30,CS1,B5-GD,130,130,IM1013,89
2026-01-04,09g30,CS2,H6-GD,250,250,IM1013,158
2026-01-04,13g00,CS1,B4-406,108,57,CH3329,51
2026-01-04,13g00,CS1,B4-406,108,57,ME3003,57
2026-01-04,13g00,CS1,B4-505,120,63,CH3329,63
2026-01-04,13g00,CS1,B4-505,120,63,EE3097,57
2026-01-04,13g00,CS1,B5-GD,130,130,CO3117,130
2026-01-04,13g00,CS1,C6-102,100,50,CH3329,5
2026-01-04,13g00,CS1,C6-102,100,50,EE2005,21
2026-01-04,13g00,CS1,C6-102,100,50,EE3097,16
2026-01-04,13g00,CS1,C6-102,100,50,EN3087,16
2026-01-04,13g00,CS1,C6-102,100,50,ME3003,1
2026-01-04,13g00,CS1,C6-102,100,50,TR3011,5
2026-01-04,13g00,CS1,C6-103,100,50,CO3117,25
2026-01-04,13g00,CS1,C6-103,100,50,EE2005,1
2026-01-04,13g00,CS1,C6-103,100,50,IM1031,24
2026-01-04,13g00,CS1,C6-103,100,50,TR3011,50
2026-01-04,13g00,CS2,H2-201,156,82,CI4131,74
2026-01-04,13g00,CS2,H2-201,156,82,CO3117,82
2026-01-04,13g00,CS2,H2-206,156,82,EE3011,63
2026-01-04,13g00,CS2,H2-206,156,82,EN3087,50
2026-01-04,13g00,CS2,H2-206,156,82,ME3003,43
2026-01-04,13g00,CS2,H2-301,156,82,EE1005,23
2026-01-04,13g00,CS2,H2-301,156,82,EE3097,67
2026-01-04,13g00,CS2,H2-301,156,82,ME2049,66
2026-01-04,13g00,CS2,H2-306,156,82,EE2005,82
2026-01-04,13g00,CS2,H2-306,156,82,IM1031,74
2026-01-04,13g00,CS2,H2-401,156,82,CI4131,82
2026-01-04,13g00,CS2,H2-401,156,82,CO3117,74
2026-01-04,13g00,CS2,H2-406,156,82,CH3329,74
2026-01-04,13g00,CS2,H2-406,156,82,EE3097,82
2026-01-04,13g00,CS2,H6-308,144,76,AS3061,4
2026-01-04,13g00,CS2,H6-308,144,76,CI4131,19
2026-01-04,13g00,CS2,H6-308,144,76,CO3117,24
2026-01-04,13g00,CS2,H6-308,144,76,EE2005,8
2026-01-04,13g00,CS2,H6-308,144,76,IM1031,3
2026-01-04,13g00,CS2,H6-308,144,76,ME3003,5
2026-01-04,13g00,CS2,H6-811,150,79,AS3061,21
2026-01-04,13g00,CS2,H6-811,150,79,CH3329,45
2026-01-04,13g00,CS2,H6-811,150,79,EE1005,41
2026-01-04,13g00,CS2,H6-811,150,79,IM3077,43
2026-01-04,13g00,CS2,H6-GD,250,250,ME3003,250
2026-01-04,15g30,CS1,B4-505,120,63,CH5647,23
2026-01-04,15g30,CS1,B4-505,120,63,TR5069,11
2026-01-04,15g30,CS1,B5-GD,130,130,CH5647,5
2026-01-04,15g30,CS1,B5-GD,130,130,CO5173,125
