DATE_ONLY,TIME,CAMPUS,TARGET ROOM,ROOM CAPACITY,TOTAL_STUDENTS,ROOM EXAM CAPACITY,COURSES MERGED,UTILIZATION
2025-12-15,07g00,CS1,B4-505,120,120,63,"MT2013(63), MT2009(57)",1.0
2025-12-15,07g00,CS1,B4-406,108,108,57,"MT2013(57), MT2009(51)",1.0
2025-12-15,07g00,CS1,C6-102,100,100,50,"EE3093(50), MT2013(50)",1.0
2025-12-15,07g00,CS1,C6-103,100,100,50,"MT2009(50), MT2013(50)",1.0
2025-12-15,07g00,CS1,B1-208,84,84,44,"MT2013(44), CO3057(40)",1.0
2025-12-15,07g00,CS1,B1-306,84,84,44,"MT2013(44), MT2009(28), EE3093(12)",1.0
2025-12-15,07g00,CS1,C4-502,80,75,42,"MT2013(42), IM3055(16), CO3057(13), EE3093(4)",0.9375
2025-12-15,07g00,CS1,B1-311,80,42,42,MT2013(42),0.525
2025-12-15,07g00,CS1,B4-305,80,42,42,MT2013(42),0.525
2025-12-15,07g00,CS1,B4-306,80,42,42,MT2013(42),0.525
2025-12-15,07g00,CS1,B4-501,80,42,42,MT2013(42),0.525
2025-12-15,07g00,CS1,B4-502,80,42,42,MT2013(42),0.525
2025-12-15,07g00,CS1,B6-306,80,42,42,MT2013(42),0.525
2025-12-15,07g00,CS1,C4-301,80,42,42,MT2013(42),0.525
2025-12-15,07g00,CS1,C4-403,80,42,42,MT2013(42),0.525
2025-12-15,07g00,CS1,C5-303,80,42,42,MT2013(42),0.525
2025-12-15,07g00,CS1,C5-401,80,42,42,MT2013(42),0.525
2025-12-15,07g00,CS1,C5-403,80,42,42,MT2013(42),0.525
2025-12-15,07g00,CS1,C5-502,80,42,42,MT2013(42),0.525
2025-12-15,07g00,CS1,C5-503,80,42,42,MT2013(42),0.525
2025-12-15,07g00,CS1,C6-403,80,42,42,MT2013(42),0.525
2025-12-15,07g00,CS1,C6-402,80,20,42,MT2013(20),0.25
2025-12-15,07g00,CS2,H2-201,156,156,82,"MT2013(82), CO3057(64), EE3093(10)",1.0
2025-12-15,07g00,CS2,H2-401,156,156,82,"MT2013(82), EE3093(44), CI4197(30)",1.0
2025-12-15,07g00,CS2,H2-406,156,156,82,"MT2013(82), EE3063(52), IM3055(22)",1.0
2025-12-15,07g00,CS2,H2-306,156,121,82,"MT2013(82), IM3055(28), CI4197(11)",0.7756410256410257
2025-12-15,07g00,CS2,H2-206,156,82,82,MT2013(82),0.5256410256410257
2025-12-15,07g00,CS2,H2-301,156,82,82,MT2013(82),0.5256410256410257
2025-12-15,07g00,CS2,H6-811,150,79,79,MT2013(79),0.5266666666666666
2025-12-15,07g00,CS2,H6-308,144,76,76,MT2013(76),0.5277777777777778
2025-12-15,07g00,CS2,H3-201,142,75,75,MT2013(75),0.528169014084507
2025-12-15,07g00,CS2,H3-301,142,75,75,MT2013(75),0.528169014084507
2025-12-15,07g00,CS2,H3-306,142,75,75,MT2013(75),0.528169014084507
2025-12-15,07g00,CS2,H3-401,142,75,75,MT2013(75),0.528169014084507
2025-12-15,07g00,CS2,H3-406,142,75,75,MT2013(75),0.528169014084507
2025-12-15,07g00,CS2,H3-501,142,75,75,MT2013(75),0.528169014084507
2025-12-15,07g00,CS2,H3-506,142,75,75,MT2013(75),0.528169014084507
2025-12-15,07g00,CS2,H1-101,138,73,73,MT2013(73),0.5289855072463768
2025-12-15,07g00,CS2,H1-104,138,73,73,MT2013(73),0.5289855072463768
2025-12-15,07g00,CS2,H1-307,135,71,71,MT2013(71),0.5259259259259259
2025-12-15,07g00,CS2,H2-207,135,71,71,MT2013(71),0.5259259259259259
2025-12-15,07g00,CS2,H6-311,135,71,71,MT2013(71),0.5259259259259259
2025-12-15,07g00,CS2,H1-204,129,68,68,MT2013(68),0.5271317829457365
2025-12-15,07g00,CS2,H6-113,129,68,68,MT2013(68),0.5271317829457365
2025-12-15,07g00,CS2,H6-305,129,68,68,MT2013(68),0.5271317829457365
2025-12-15,07g00,CS2,H1-401,126,66,66,MT2013(66),0.5238095238095238
2025-12-15,07g00,CS2,H1-404,126,66,66,MT2013(66),0.5238095238095238
2025-12-15,07g00,CS2,H6-211,126,66,66,MT2013(66),0.5238095238095238
2025-12-15,07g00,CS2,H6-412,123,65,65,MT2013(65),0.5284552845528455
2025-12-15,07g00,CS2,H1-405,120,63,63,MT2013(63),0.525
2025-12-15,07g00,CS2,H3-606,120,63,63,MT2013(63),0.525
2025-12-15,07g00,CS2,H6-201,120,63,63,MT2013(63),0.525
2025-12-15,07g00,CS2,H6-405,120,63,63,MT2013(63),0.525
2025-12-15,07g00,CS2,H6-802,120,63,63,MT2013(63),0.525
2025-12-15,07g00,CS2,H6-810,120,63,63,MT2013(63),0.525
2025-12-15,07g00,CS2,H2-202,117,62,62,MT2013(62),0.5299145299145299
2025-12-15,07g00,CS2,H6-208,117,62,62,MT2013(62),0.5299145299145299
2025-12-15,07g00,CS2,H2-205,117,35,62,MT2013(35),0.29914529914529914
2025-12-15,09g30,CS1,B4-505,120,120,63,"EE2405(63), IM1029(57)",1.0
2025-12-15,09g30,CS1,B4-406,108,108,57,"EE2405(57), IM1029(51)",1.0
2025-12-15,09g30,CS1,C6-102,100,100,50,"EE2405(50), MA3145(23), MA2035(18), AS3055(9)",1.0
2025-12-15,09g30,CS1,C6-103,100,100,50,"EE2405(50), TR4073(28), IM3101(22)",1.0
2025-12-15,09g30,CS1,B1-208,84,62,44,"CH3399(15), IM1029(12), MA3153(9), AS3055(8), MA4185(7), EE2405(6), IM3101(5)",0.7380952380952381
2025-12-15,09g30,CS2,H2-201,156,156,82,"IM1029(82), IM4035(51), GE3017(23)",1.0
2025-12-15,09g30,CS2,H2-406,156,156,82,"IM1029(82), GE3017(22), CI3245(13), IU3017(13), MA3031(13), CH3399(8), CI2043(3), EN3025(2)",1.0
2025-12-15,09g30,CS2,H2-401,156,15,82,IM1029(15),0.09615384615384616
2025-12-15,13g00,CS1,B4-505,120,120,63,"IM1021(63), CH2035(34), CI4161(23)",1.0
2025-12-15,13g00,CS1,B4-406,108,101,57,"IM1021(57), CH3347(20), ME4137(17), CI4161(7)",0.9351851851851852
2025-12-15,13g00,CS1,C6-103,100,26,50,IM1021(26),0.26
2025-12-15,13g00,CS2,H2-201,156,156,82,"IM1021(82), CI3243(74)",1.0
2025-12-15,13g00,CS2,H2-306,156,156,82,"IM1021(82), CH2035(42), ME4137(31), TR2033(1)",1.0
2025-12-15,13g00,CS2,H2-401,156,156,82,"IM1021(82), IM1017(60), CH2035(14)",1.0
2025-12-15,13g00,CS2,H2-406,156,156,82,"IM1021(82), CH3347(69), IM1017(5)",1.0
2025-12-15,13g00,CS2,H2-301,156,103,82,"IM1021(82), TR2033(12), CI3243(9)",0.6602564102564102
2025-12-15,13g00,CS2,H2-206,156,82,82,IM1021(82),0.5256410256410257
2025-12-15,13g00,CS2,H6-811,150,70,79,IM1021(70),0.4666666666666667
2025-12-15,15g30,CS1,B4-505,120,54,63,CO3011(54),0.45
2025-12-15,15g30,CS2,H2-201,156,82,82,CO3011(82),0.5256410256410257
2025-12-15,15g30,CS2,H2-406,156,37,82,CO3011(37),0.23717948717948717
2025-12-16,07g00,CS1,B4-505,120,120,63,"MT2007(63), ME2113(57)",1.0
2025-12-16,07g00,CS1,B4-406,108,108,57,"MT2007(57), CO3007(51)",1.0
2025-12-16,07g00,CS1,C6-103,100,100,50,"MT2007(50), CI2135(22), ME2113(20), TR5005(8)",1.0
2025-12-16,07g00,CS1,C6-102,100,81,50,"MT2007(39), ME5003(14), EE5013(11), TR5005(10), CO3007(7)",0.81
2025-12-16,07g00,CS2,H2-201,156,122,82,"CO3007(82), TR4051(20), MA4119(12), GE1021(8)",0.782051282051282
2025-12-16,07g00,CS2,H2-406,156,82,82,CO3007(82),0.5256410256410257
2025-12-16,07g00,CS2,H2-401,156,48,82,CO3007(48),0.3076923076923077
2025-12-16,09g30,CS1,B4-505,120,120,63,"MT1005(63), LA2017(57)",1.0
2025-12-16,09g30,CS1,B4-406,108,108,57,"MT1005(57), LA2017(40), CO3059(11)",1.0
2025-12-16,09g30,CS1,C6-103,100,28,50,"MT1005(19), CO3059(9)",0.28
2025-12-16,09g30,CS2,H2-201,156,156,82,"MT1005(82), CO3059(61), CH4139(13)",1.0
2025-12-16,09g30,CS2,H2-406,156,126,82,"MT1005(82), EE3121(27), CH4139(17)",0.8076923076923077
2025-12-16,09g30,CS2,H2-206,156,82,82,MT1005(82),0.5256410256410257
2025-12-16,09g30,CS2,H2-301,156,82,82,MT1005(82),0.5256410256410257
2025-12-16,09g30,CS2,H2-306,156,82,82,MT1005(82),0.5256410256410257
2025-12-16,09g30,CS2,H2-401,156,82,82,MT1005(82),0.5256410256410257
2025-12-16,09g30,CS2,H6-811,150,63,79,MT1005(63),0.42
2025-12-16,13g00,CS1,B4-505,120,120,63,"SP1033(63), CO3017(57)",1.0
2025-12-16,13g00,CS1,B4-406,108,72,57,"SP1033(57), CO3017(15)",0.6666666666666666
2025-12-16,13g00,CS1,C6-102,100,50,50,SP1033(50),0.5
2025-12-16,13g00,CS1,C6-103,100,50,50,SP1033(50),0.5
2025-12-16,13g00,CS1,B1-208,84,44,44,SP1033(44),0.5238095238095238
2025-12-16,13g00,CS1,B1-306,84,44,44,SP1033(44),0.5238095238095238
2025-12-16,13g00,CS1,B4-306,80,42,42,SP1033(42),0.525
2025-12-16,13g00,CS1,B4-501,80,42,42,SP1033(42),0.525
2025-12-16,13g00,CS1,C4-502,80,42,42,SP1033(42),0.525
2025-12-16,13g00,CS1,C5-303,80,42,42,SP1033(42),0.525
2025-12-16,13g00,CS1,B4-305,80,18,42,SP1033(18),0.225
2025-12-16,13g00,CS2,H2-201,156,156,82,"SP1033(82), CO3017(74)",1.0
2025-12-16,13g00,CS2,H2-306,156,156,82,"SP1033(82), EE3085(47), CO3017(27)",1.0
2025-12-16,13g00,CS2,H2-401,156,156,82,"SP1033(82), ME4533(61), EE3085(13)",1.0
2025-12-16,13g00,CS2,H2-406,156,156,82,"SP1033(82), CI2145(74)",1.0
2025-12-16,13g00,CS2,H2-301,156,113,82,"SP1033(82), CO3017(18), CI2145(13)",0.7243589743589743
2025-12-16,13g00,CS2,H2-206,156,82,82,SP1033(82),0.5256410256410257
2025-12-16,13g00,CS2,H6-811,150,79,79,SP1033(79),0.5266666666666666
2025-12-16,13g00,CS2,H6-308,144,76,76,SP1033(76),0.5277777777777778
2025-12-16,13g00,CS2,H3-306,142,75,75,SP1033(75),0.528169014084507
2025-12-16,13g00,CS2,H3-401,142,75,75,SP1033(75),0.528169014084507
2025-12-16,13g00,CS2,H3-406,142,75,75,SP1033(75),0.528169014084507
2025-12-16,13g00,CS2,H3-501,142,75,75,SP1033(75),0.528169014084507
2025-12-16,13g00,CS2,H3-506,142,75,75,SP1033(75),0.528169014084507
2025-12-16,13g00,CS2,H3-301,142,46,75,SP1033(46),0.323943661971831
2025-12-16,15g30,CS1,B4-505,120,120,63,"ME4217(63), CH3015(48), TR4085(9)",1.0
2025-12-16,15g30,CS1,B4-406,108,79,57,"ME4217(40), TR4085(33), EE3009(6)",0.7314814814814815
2025-12-16,15g30,CS2,H2-201,156,156,82,"TR4085(82), CH3015(74)",1.0
2025-12-16,15g30,CS2,H2-401,156,156,82,"TR4085(76), CH3015(51), EE3007(27), ME4217(2)",1.0
2025-12-16,15g30,CS2,H2-406,156,156,82,"ME4217(82), EE3009(74)",1.0
2025-12-16,15g30,CS2,H2-306,156,26,82,"ME4217(19), EE3009(7)",0.16666666666666666
2025-12-17,07g00,CS1,B4-505,120,120,63,"SP1007(63), PH2005(57)",1.0
2025-12-17,07g00,CS1,B4-406,108,108,57,"SP1007(57), PH2005(51)",1.0
2025-12-17,07g00,CS1,C6-102,100,100,50,"CO3037(50), SP1007(50)",1.0
2025-12-17,07g00,CS1,C6-103,100,100,50,"EE3091(50), SP1007(50)",1.0
2025-12-17,07g00,CS1,B1-208,84,84,44,"SP1007(44), PH2005(40)",1.0
2025-12-17,07g00,CS1,B1-306,84,84,44,"SP1007(44), EE3091(40)",1.0
2025-12-17,07g00,CS1,B4-305,80,80,42,"CO3037(20), EE4451(18), TR4047(17), EE3043(15), IM4019(10)",1.0
2025-12-17,07g00,CS1,B4-306,80,80,42,"SP1007(42), PH2005(22), MA2015(16)",1.0
2025-12-17,07g00,CS1,B4-501,80,80,42,"SP1007(42), TR4081(30), TR4047(8)",1.0
2025-12-17,07g00,CS1,C4-502,80,80,42,"SP1007(42), TR4089(38)",1.0
2025-12-17,07g00,CS1,C5-303,80,80,42,"SP1007(42), EE3069(30), PH2005(8)",1.0
2025-12-17,07g00,CS1,B6-306,80,72,42,"EN3209(14), ME5005(14), EE3091(11), MA4141(11), TR4089(7), IM4019(5), MA2015(5), MA4189(5)",0.9
2025-12-17,07g00,CS2,H2-201,156,156,82,"SP1007(82), TR4089(74)",1.0
2025-12-17,07g00,CS2,H2-206,156,156,82,"SP1007(82), CI3241(47), EN3209(27)",1.0
2025-12-17,07g00,CS2,H2-301,156,156,82,"SP1007(82), TR3017(57), EE3069(17)",1.0
2025-12-17,07g00,CS2,H2-306,156,156,82,"SP1007(82), EE3043(74)",1.0
2025-12-17,07g00,CS2,H2-401,156,156,82,"SP1007(82), TR4089(74)",1.0
2025-12-17,07g00,CS2,H2-406,156,156,82,"SP1007(82), CI3241(74)",1.0
2025-12-17,07g00,CS2,H6-811,150,150,79,"SP1007(79), CH3321(40), EE3069(31)",1.0
2025-12-17,07g00,CS2,H6-308,144,144,76,"SP1007(76), IU2011(36), ME3171(32)",1.0
2025-12-17,07g00,CS2,H3-501,142,142,75,"SP1007(75), IM4019(18), TR4089(17), EN3209(15), CH3429(12), MA2015(5)",1.0
2025-12-17,07g00,CS2,H3-506,142,142,75,"SP1007(75), MA4087(29), CI3067(26), MA2015(12)",1.0
2025-12-17,07g00,CS2,H3-406,142,99,75,"SP1007(75), MA3011(10), EE3069(7), MA2015(5), EE3043(1), ME3171(1)",0.6971830985915493
2025-12-17,07g00,CS2,H3-201,142,75,75,SP1007(75),0.528169014084507
2025-12-17,07g00,CS2,H3-301,142,75,75,SP1007(75),0.528169014084507
2025-12-17,07g00,CS2,H3-306,142,75,75,SP1007(75),0.528169014084507
2025-12-17,07g00,CS2,H3-401,142,75,75,SP1007(75),0.528169014084507
2025-12-17,07g00,CS2,H1-101,138,73,73,SP1007(73),0.5289855072463768
2025-12-17,07g00,CS2,H1-104,138,73,73,SP1007(73),0.5289855072463768
2025-12-17,07g00,CS2,H1-307,135,71,71,SP1007(71),0.5259259259259259
2025-12-17,07g00,CS2,H2-207,135,71,71,SP1007(71),0.5259259259259259
2025-12-17,07g00,CS2,H6-311,135,71,71,SP1007(71),0.5259259259259259
2025-12-17,07g00,CS2,H6-305,129,57,68,SP1007(57),0.4418604651162791
2025-12-17,13g00,CS1,B4-505,120,120,63,"CO2003(63), CH2013(57)",1.0
2025-12-17,13g00,CS1,B4-406,108,108,57,"CO2003(57), EE2417(51)",1.0
2025-12-17,13g00,CS1,C6-102,100,100,50,"CO1003(50), CO2003(50)",1.0
2025-12-17,13g00,CS1,C6-103,100,100,50,"CH2013(50), CO2003(50)",1.0
2025-12-17,13g00,CS1,B1-208,84,84,44,"EE2417(44), CO2003(40)",1.0
2025-12-17,13g00,CS1,B1-306,84,84,44,"CH2013(44), CO1003(40)",1.0
2025-12-17,13g00,CS1,B4-305,80,80,42,"IM3087(42), CH2013(38)",1.0
2025-12-17,13g00,CS1,B4-306,80,80,42,"ME2123(42), CO2003(38)",1.0
2025-12-17,13g00,CS1,B4-501,80,80,42,"CO1003(42), EE2417(38)",1.0
2025-12-17,13g00,CS1,B6-306,80,80,42,"CI2095(42), CO1003(38)",1.0
2025-12-17,13g00,CS1,C4-502,80,80,42,"EE2417(42), CO2003(38)",1.0
2025-12-17,13g00,CS1,C5-303,80,80,42,"CI2095(42), CH2013(38)",1.0
2025-12-17,13g00,CS1,C5-401,80,80,42,"EE2417(42), CO3027(36), CO2003(2)",1.0
2025-12-17,13g00,CS1,C5-403,80,80,42,"TR3143(29), CO2003(27), ME2123(24)",1.0
2025-12-17,13g00,CS1,C5-502,80,80,42,"CI1003(24), ME3011(21), IM3087(15), CH2013(14), CI2095(6)",1.0
2025-12-17,13g00,CS1,C5-503,80,18,42,"CO1003(8), CI2095(4), EE2417(4), ME2123(2)",0.225
2025-12-17,13g00,CS2,H2-201,156,156,82,"CI2095(82), CO2003(74)",1.0
2025-12-17,13g00,CS2,H2-206,156,156,82,"CO1003(82), CI2095(74)",1.0
2025-12-17,13g00,CS2,H2-301,156,156,82,"IM3087(82), CH2013(74)",1.0
2025-12-17,13g00,CS2,H2-306,156,156,82,"CI2095(82), CO2003(74)",1.0
2025-12-17,13g00,CS2,H2-401,156,156,82,"CO2003(82), CO1003(74)",1.0
2025-12-17,13g00,CS2,H2-406,156,156,82,"CI2095(82), CO1003(74)",1.0
2025-12-17,13g00,CS2,H6-811,150,150,79,"CO2003(79), TR3143(71)",1.0
2025-12-17,13g00,CS2,H6-308,144,144,76,"ME2123(76), CH2013(68)",1.0
2025-12-17,13g00,CS2,H3-201,142,142,75,"EE3167(61), CO1003(60), CI2095(21)",1.0
2025-12-17,13g00,CS2,H3-301,142,142,75,"IM3087(72), EE3075(69), CO1003(1)",1.0
2025-12-17,13g00,CS2,H3-306,142,142,75,"CI1003(75), ME2123(67)",1.0
2025-12-17,13g00,CS2,H3-401,142,142,75,"EE1007(75), CH2013(67)",1.0
2025-12-17,13g00,CS2,H3-406,142,142,75,"TR3143(75), CO2003(67)",1.0
2025-12-17,13g00,CS2,H3-501,142,142,75,"CO3027(75), CI2095(67)",1.0
2025-12-17,13g00,CS2,H3-506,142,142,75,"IM3087(75), CO1003(67)",1.0
2025-12-17,13g00,CS2,H1-101,138,138,73,"ME3011(53), CO3027(46), CO2003(35), TR3143(4)",1.0
2025-12-17,13g00,CS2,H1-104,138,106,73,"CI2095(32), TR3143(29), CH2013(14), ME2123(13), EE1007(12), CI1003(6)",0.7681159420289855
2025-12-17,15g30,CS1,B4-505,120,35,63,CH2045(35),0.2916666666666667
2025-12-17,15g30,CS2,H2-201,156,48,82,CH2045(48),0.3076923076923077
2025-12-18,07g00,CS1,B4-505,120,120,63,"SP1039(63), ME1021(29), MA5023(22), CI4193(6)",1.0
2025-12-18,07g00,CS1,B4-406,108,85,57,"SP1039(57), EE5015(14), CI4193(10), LA1027(4)",0.7870370370370371
2025-12-18,07g00,CS1,C6-102,100,50,50,SP1039(50),0.5
2025-12-18,07g00,CS1,C6-103,100,50,50,SP1039(50),0.5
2025-12-18,07g00,CS1,B1-208,84,44,44,SP1039(44),0.5238095238095238
2025-12-18,07g00,CS1,B1-306,84,44,44,SP1039(44),0.5238095238095238
2025-12-18,07g00,CS1,B4-306,80,42,42,SP1039(42),0.525
2025-12-18,07g00,CS1,B4-501,80,42,42,SP1039(42),0.525
2025-12-18,07g00,CS1,C4-502,80,42,42,SP1039(42),0.525
2025-12-18,07g00,CS1,C5-303,80,42,42,SP1039(42),0.525
2025-12-18,07g00,CS1,B4-305,80,24,42,SP1039(24),0.3
2025-12-18,07g00,CS2,H2-201,156,156,82,"SP1039(82), GE1027(74)",1.0
2025-12-18,07g00,CS2,H2-306,156,156,82,"SP1039(82), ME2059(32), IU4021(30), GE1027(12)",1.0
2025-12-18,07g00,CS2,H2-401,156,156,82,"SP1039(82), IM3035(61), ME2059(13)",1.0
2025-12-18,07g00,CS2,H2-406,156,156,82,"SP1039(82), CI2159(74)",1.0
2025-12-18,07g00,CS2,H2-301,156,128,82,"SP1039(82), ME4083(22), GE1027(15), CI2159(9)",0.8205128205128205
2025-12-18,07g00,CS2,H2-206,156,82,82,SP1039(82),0.5256410256410257
2025-12-18,07g00,CS2,H6-811,150,79,79,SP1039(79),0.5266666666666666
2025-12-18,07g00,CS2,H6-308,144,76,76,SP1039(76),0.5277777777777778
2025-12-18,07g00,CS2,H3-201,142,75,75,SP1039(75),0.528169014084507
2025-12-18,07g00,CS2,H3-301,142,75,75,SP1039(75),0.528169014084507
2025-12-18,07g00,CS2,H3-306,142,75,75,SP1039(75),0.528169014084507
2025-12-18,07g00,CS2,H3-401,142,75,75,SP1039(75),0.528169014084507
2025-12-18,07g00,CS2,H3-406,142,75,75,SP1039(75),0.528169014084507
2025-12-18,07g00,CS2,H3-501,142,75,75,SP1039(75),0.528169014084507
2025-12-18,07g00,CS2,H3-506,142,75,75,SP1039(75),0.528169014084507
2025-12-18,07g00,CS2,H1-101,138,73,73,SP1039(73),0.5289855072463768
2025-12-18,07g00,CS2,H1-104,138,71,73,SP1039(71),0.5144927536231884
2025-12-18,09g30,CS1,B4-505,120,64,63,"IM1033(63), LA3019(1)",0.5333333333333333
2025-12-18,09g30,CS1,B4-406,108,57,57,IM1033(57),0.5277777777777778
2025-12-18,09g30,CS1,C6-103,100,8,50,IM1033(8),0.08
2025-12-18,09g30,CS2,H2-201,156,156,82,"IM1033(82), PH1005(74)",1.0
2025-12-18,09g30,CS2,H2-406,156,103,82,"IM1033(82), PH1005(21)",0.6602564102564102
2025-12-18,09g30,CS2,H2-401,156,5,82,IM1033(5),0.03205128205128205
2025-12-18,13g00,CS1,B4-505,120,120,63,"CO2007(63), EE2033(57)",1.0
2025-12-18,13g00,CS1,B4-406,108,108,57,"CO2007(57), EE2401(51)",1.0
2025-12-18,13g00,CS1,C6-102,100,100,50,"CO2007(50), EE2401(50)",1.0
2025-12-18,13g00,CS1,C6-103,100,100,50,"CO2007(50), EE2033(50)",1.0
2025-12-18,13g00,CS1,B1-208,84,84,44,"CO2007(44), EE2033(40)",1.0
2025-12-18,13g00,CS1,B1-306,84,84,44,"CO2007(44), EE2033(40)",1.0
2025-12-18,13g00,CS1,B4-305,80,80,42,"CI1007(42), ME4021(38)",1.0
2025-12-18,13g00,CS1,B4-306,80,80,42,"TR1003(42), ME3009(38)",1.0
2025-12-18,13g00,CS1,B4-501,80,80,42,"CO2007(42), EE2401(38)",1.0
2025-12-18,13g00,CS1,B6-306,80,80,42,"EE2033(42), EE2401(38)",1.0
2025-12-18,13g00,CS1,C4-502,80,80,42,"EE2401(42), CO2007(38)",1.0
2025-12-18,13g00,CS1,C5-303,80,80,42,"EE2033(42), CI1007(38)",1.0
2025-12-18,13g00,CS1,C5-401,80,80,42,"CO2007(41), ME3009(29), TR1003(10)",1.0
2025-12-18,13g00,CS1,C5-403,80,80,42,"AS2059(22), CH3327(21), CO3137(20), TR1003(17)",1.0
2025-12-18,13g00,CS1,C5-502,80,33,42,"ME4021(11), CI1007(9), EE2033(6), EE2401(6), TR1003(1)",0.4125
2025-12-18,13g00,CS2,H2-201,156,156,82,"EE2033(82), CI1007(74)",1.0
2025-12-18,13g00,CS2,H2-206,156,156,82,"EE2033(82), CO2007(74)",1.0
2025-12-18,13g00,CS2,H2-301,156,156,82,"EE2033(82), CI1007(74)",1.0
2025-12-18,13g00,CS2,H2-306,156,156,82,"EE2033(82), CO2007(74)",1.0
2025-12-18,13g00,CS2,H2-401,156,156,82,"EE2033(82), CI1007(74)",1.0
2025-12-18,13g00,CS2,H2-406,156,156,82,"EE2033(82), CO2007(74)",1.0
2025-12-18,13g00,CS2,H6-811,150,150,79,"EE2033(79), CI1007(71)",1.0
2025-12-18,13g00,CS2,H6-308,144,144,76,"CO2007(76), EE2033(68)",1.0
2025-12-18,13g00,CS2,H3-301,142,142,75,"CI1003(38), AS2059(34), CO3137(27), EE2033(25), CO2007(18)",1.0
2025-12-18,13g00,CS2,H3-306,142,142,75,"ME3009(75), TR1003(60), AS2059(7)",1.0
2025-12-18,13g00,CS2,H3-401,142,142,75,"CI1007(75), ME4021(67)",1.0
2025-12-18,13g00,CS2,H3-406,142,142,75,"CO2007(75), EE2033(67)",1.0
2025-12-18,13g00,CS2,H3-501,142,142,75,"TR1003(75), CI1003(67)",1.0
2025-12-18,13g00,CS2,H3-506,142,142,75,"ME4021(75), CI1007(67)",1.0
2025-12-18,13g00,CS2,H3-201,142,49,75,"ME4021(15), CH3327(12), CI1007(11), CO2007(6), ME3009(5)",0.34507042253521125
2025-12-18,15g30,CS1,B4-505,120,103,63,"CO3065(57), CI4131(46)",0.8583333333333333
2025-12-18,15g30,CS2,H2-201,156,150,82,"CO3065(82), CI1003(68)",0.9615384615384616
2025-12-18,15g30,CS2,H2-406,156,37,82,CO3065(37),0.23717948717948717
2025-12-19,07g00,CS1,B4-505,120,120,63,"IM3063(63), ME2141(57)",1.0
2025-12-19,07g00,CS1,B4-406,108,108,57,"IM3063(34), MA5015(27), AS2039(22), EE3015(22), CH4113(3)",1.0
2025-12-19,07g00,CS1,C6-103,100,62,50,"CH4113(16), ME2141(16), AS3169(14), MA2039(11), GE2059(5)",0.62
2025-12-19,07g00,CS2,H2-201,156,156,82,"EE3015(82), IM3063(74)",1.0
2025-12-19,07g00,CS2,H2-206,156,156,82,"GE3105(60), EE3015(57), ME2161(39)",1.0
2025-12-19,07g00,CS2,H2-301,156,156,82,"CI3269(80), IM3063(68), EE3057(8)",1.0
2025-12-19,07g00,CS2,H2-306,156,156,82,"ME2141(82), EE3205(74)",1.0
2025-12-19,07g00,CS2,H2-401,156,156,82,"IM3063(82), EE3015(74)",1.0
2025-12-19,07g00,CS2,H2-406,156,156,82,"EE3015(82), ME2141(74)",1.0
2025-12-19,07g00,CS2,H6-811,150,150,79,"EE3057(52), AS3169(51), AS2039(42), MA4069(5)",1.0
2025-12-19,07g00,CS2,H6-308,144,144,76,"MA4069(36), IU3061(35), GE2059(32), EN3023(30), CH4113(11)",1.0
2025-12-19,07g00,CS2,H3-506,142,134,75,"TR4001(24), CI3251(22), ME2141(22), CH4113(18), MA3103(18), EE3205(16), ME2161(14)",0.9436619718309859
2025-12-19,09g30,CS1,B4-505,120,101,63,"SP1031(63), TR3137(38)",0.8416666666666667
2025-12-19,09g30,CS1,B4-406,108,57,57,SP1031(57),0.5277777777777778
2025-12-19,09g30,CS1,C6-102,100,50,50,SP1031(50),0.5
2025-12-19,09g30,CS1,C6-103,100,50,50,SP1031(50),0.5
2025-12-19,09g30,CS1,B1-208,84,44,44,SP1031(44),0.5238095238095238
2025-12-19,09g30,CS1,B1-306,84,44,44,SP1031(44),0.5238095238095238
2025-12-19,09g30,CS1,B1-311,80,42,42,SP1031(42),0.525
2025-12-19,09g30,CS1,B4-305,80,42,42,SP1031(42),0.525
2025-12-19,09g30,CS1,B4-306,80,42,42,SP1031(42),0.525
2025-12-19,09g30,CS1,B4-501,80,42,42,SP1031(42),0.525
2025-12-19,09g30,CS1,B4-502,80,42,42,SP1031(42),0.525
2025-12-19,09g30,CS1,B6-306,80,42,42,SP1031(42),0.525
2025-12-19,09g30,CS1,C4-301,80,42,42,SP1031(42),0.525
2025-12-19,09g30,CS1,C4-304,80,42,42,SP1031(42),0.525
2025-12-19,09g30,CS1,C4-402,80,42,42,SP1031(42),0.525
2025-12-19,09g30,CS1,C4-403,80,42,42,SP1031(42),0.525
2025-12-19,09g30,CS1,C4-502,80,42,42,SP1031(42),0.525
2025-12-19,09g30,CS1,C5-303,80,42,42,SP1031(42),0.525
2025-12-19,09g30,CS1,C5-401,80,42,42,SP1031(42),0.525
2025-12-19,09g30,CS1,C5-403,80,42,42,SP1031(42),0.525
2025-12-19,09g30,CS1,C5-502,80,42,42,SP1031(42),0.525
2025-12-19,09g30,CS1,C5-503,80,42,42,SP1031(42),0.525
2025-12-19,09g30,CS1,C6-401,80,42,42,SP1031(42),0.525
2025-12-19,09g30,CS1,C6-402,80,42,42,SP1031(42),0.525
2025-12-19,09g30,CS1,C6-403,80,42,42,SP1031(42),0.525
2025-12-19,09g30,CS1,B1-305,72,38,38,SP1031(38),0.5277777777777778
2025-12-19,09g30,CS1,B1-212,72,27,38,SP1031(27),0.375
2025-12-19,09g30,CS2,H2-201,156,156,82,"SP1031(82), TR3137(49), EE3099(25)",1.0
2025-12-19,09g30,CS2,H2-406,156,105,82,"SP1031(82), EE3099(23)",0.6730769230769231
2025-12-19,09g30,CS2,H2-206,156,82,82,SP1031(82),0.5256410256410257
2025-12-19,09g30,CS2,H2-301,156,82,82,SP1031(82),0.5256410256410257
2025-12-19,09g30,CS2,H2-306,156,82,82,SP1031(82),0.5256410256410257
2025-12-19,09g30,CS2,H2-401,156,82,82,SP1031(82),0.5256410256410257
2025-12-19,09g30,CS2,H6-811,150,79,79,SP1031(79),0.5266666666666666
2025-12-19,09g30,CS2,H6-308,144,76,76,SP1031(76),0.5277777777777778
2025-12-19,09g30,CS2,H3-201,142,75,75,SP1031(75),0.528169014084507
2025-12-19,09g30,CS2,H3-301,142,75,75,SP1031(75),0.528169014084507
2025-12-19,09g30,CS2,H3-306,142,75,75,SP1031(75),0.528169014084507
2025-12-19,09g30,CS2,H3-401,142,75,75,SP1031(75),0.528169014084507
2025-12-19,09g30,CS2,H3-406,142,75,75,SP1031(75),0.528169014084507
2025-12-19,09g30,CS2,H3-501,142,75,75,SP1031(75),0.528169014084507
2025-12-19,09g30,CS2,H3-506,142,75,75,SP1031(75),0.528169014084507
2025-12-19,09g30,CS2,H1-101,138,73,73,SP1031(73),0.5289855072463768
2025-12-19,09g30,CS2,H1-104,138,73,73,SP1031(73),0.5289855072463768
2025-12-19,09g30,CS2,H1-307,135,71,71,SP1031(71),0.5259259259259259
2025-12-19,09g30,CS2,H2-207,135,71,71,SP1031(71),0.5259259259259259
2025-12-19,09g30,CS2,H6-311,135,71,71,SP1031(71),0.5259259259259259
2025-12-19,09g30,CS2,H1-204,129,68,68,SP1031(68),0.5271317829457365
2025-12-19,09g30,CS2,H6-113,129,68,68,SP1031(68),0.5271317829457365
2025-12-19,09g30,CS2,H6-305,129,68,68,SP1031(68),0.5271317829457365
2025-12-19,09g30,CS2,H1-401,126,66,66,SP1031(66),0.5238095238095238
2025-12-19,09g30,CS2,H6-211,126,1,66,SP1031(1),0.007936507936507936
2025-12-19,13g00,CS1,B4-505,120,120,63,"CH2051(63), ME2009(57)",1.0
2025-12-19,13g00,CS1,B4-406,108,108,57,"EE2021(57), ME2009(51)",1.0
2025-12-19,13g00,CS1,C6-102,100,100,50,"EE2021(50), ME2009(50)",1.0
2025-12-19,13g00,CS1,C6-103,100,100,50,"CH2051(50), IM2017(50)",1.0
2025-12-19,13g00,CS1,B1-208,84,84,44,"CH2051(44), IM2017(40)",1.0
2025-12-19,13g00,CS1,B1-306,84,84,44,"CO3053(44), EE2021(40)",1.0
2025-12-19,13g00,CS1,C4-502,80,80,42,"CI2133(32), TR3145(31), CH2051(17)",1.0
2025-12-19,13g00,CS1,C5-303,80,80,42,"IM2017(23), ME2009(23), CI1033(18), CO3053(14), CH2051(2)",1.0
2025-12-19,13g00,CS1,B4-501,80,10,42,"CH2051(6), EE2021(4)",0.125
2025-12-19,13g00,CS2,H2-201,156,156,82,"EE2021(82), ME2009(74)",1.0
2025-12-19,13g00,CS2,H2-206,156,156,82,"TR3145(82), EE2021(74)",1.0
2025-12-19,13g00,CS2,H2-301,156,156,82,"CI2133(82), ME2009(74)",1.0
2025-12-19,13g00,CS2,H2-306,156,156,82,"CH2051(82), CO3053(74)",1.0
2025-12-19,13g00,CS2,H2-401,156,156,82,"ME2009(82), EE2021(74)",1.0
2025-12-19,13g00,CS2,H2-406,156,156,82,"EE2021(82), CI2133(74)",1.0
2025-12-19,13g00,CS2,H6-811,150,150,79,"IM2017(79), CH2051(71)",1.0
2025-12-19,13g00,CS2,H6-308,144,144,76,"CO3053(76), CI2133(68)",1.0
2025-12-19,13g00,CS2,H3-306,142,142,75,"ME2009(54), EE3041(43), EE2021(38), TR3145(7)",1.0
2025-12-19,13g00,CS2,H3-401,142,142,75,"CO3053(66), CI2133(61), EE3041(15)",1.0
2025-12-19,13g00,CS2,H3-406,142,142,75,"IM2017(75), CH2051(67)",1.0
2025-12-19,13g00,CS2,H3-501,142,142,75,"TR3145(75), CI1033(67)",1.0
2025-12-19,13g00,CS2,H3-506,142,142,75,"ME2009(75), EE2021(67)",1.0
2025-12-19,13g00,CS2,H3-301,142,44,75,"TR3145(19), CI1033(14), CH2051(7), IM2017(4)",0.30985915492957744
2025-12-19,15g30,CS1,B4-505,120,62,63,CO3015(62),0.5166666666666667
2025-12-19,15g30,CS2,H2-201,156,82,82,CO3015(82),0.5256410256410257
2025-12-19,15g30,CS2,H2-406,156,75,82,CO3015(75),0.4807692307692308
2025-12-20,07g00,CS2,H2-201,156,66,82,"LA1057(38), LA1041(28)",0.4230769230769231
2025-12-20,09g30,CS1,B4-505,120,19,63,LA1043(19),0.15833333333333333
2025-12-20,09g30,CS2,H2-201,156,50,82,LA1043(50),0.32051282051282054
2025-12-22,07g00,CS1,B4-505,120,120,63,"PH1003(63), PH1011(57)",1.0
2025-12-22,07g00,CS1,B4-406,108,108,57,"PH1003(57), PH1011(51)",1.0
2025-12-22,07g00,CS1,C6-102,100,100,50,"PH1003(50), CI2139(36), IM3021(14)",1.0
2025-12-22,07g00,CS1,C6-103,100,100,50,"PH1003(50), PH1011(50)",1.0
2025-12-22,07g00,CS1,B1-208,84,84,44,"PH1003(44), PH1011(27), IM3021(13)",1.0
2025-12-22,07g00,CS1,B1-306,84,47,44,"PH1003(44), IM3021(3)",0.5595238095238095
2025-12-22,07g00,CS1,B1-311,80,42,42,PH1003(42),0.525
2025-12-22,07g00,CS1,B4-305,80,42,42,PH1003(42),0.525
2025-12-22,07g00,CS1,B4-306,80,42,42,PH1003(42),0.525
2025-12-22,07g00,CS1,B4-501,80,42,42,PH1003(42),0.525
2025-12-22,07g00,CS1,B4-502,80,42,42,PH1003(42),0.525
2025-12-22,07g00,CS1,B6-306,80,42,42,PH1003(42),0.525
2025-12-22,07g00,CS1,C4-301,80,42,42,PH1003(42),0.525
2025-12-22,07g00,CS1,C4-304,80,42,42,PH1003(42),0.525
2025-12-22,07g00,CS1,C4-402,80,42,42,PH1003(42),0.525
2025-12-22,07g00,CS1,C4-403,80,42,42,PH1003(42),0.525
2025-12-22,07g00,CS1,C4-502,80,42,42,PH1003(42),0.525
2025-12-22,07g00,CS1,C5-303,80,42,42,PH1003(42),0.525
2025-12-22,07g00,CS1,C5-401,80,42,42,PH1003(42),0.525
2025-12-22,07g00,CS1,C5-403,80,42,42,PH1003(42),0.525
2025-12-22,07g00,CS1,C5-502,80,42,42,PH1003(42),0.525
2025-12-22,07g00,CS1,C5-503,80,42,42,PH1003(42),0.525
2025-12-22,07g00,CS1,C6-401,80,42,42,PH1003(42),0.525
2025-12-22,07g00,CS1,C6-402,80,42,42,PH1003(42),0.525
2025-12-22,07g00,CS1,C6-403,80,42,42,PH1003(42),0.525
2025-12-22,07g00,CS1,B1-212,72,38,38,PH1003(38),0.5277777777777778
2025-12-22,07g00,CS1,B1-213,72,38,38,PH1003(38),0.5277777777777778
2025-12-22,07g00,CS1,B1-305,72,38,38,PH1003(38),0.5277777777777778
2025-12-22,07g00,CS1,B1-308,72,38,38,PH1003(38),0.5277777777777778
2025-12-22,07g00,CS1,B10-203,70,37,37,PH1003(37),0.5285714285714286
2025-12-22,07g00,CS1,B8-301,66,35,35,PH1003(35),0.5303030303030303
2025-12-22,07g00,CS1,B8-303,62,33,33,PH1003(33),0.532258064516129
2025-12-22,07g00,CS1,B8-304,62,33,33,PH1003(33),0.532258064516129
2025-12-22,07g00,CS1,B6-303,60,32,32,PH1003(32),0.5333333333333333
2025-12-22,07g00,CS1,B6-304,60,32,32,PH1003(32),0.5333333333333333
2025-12-22,07g00,CS1,B6-305,60,32,32,PH1003(32),0.5333333333333333
2025-12-22,07g00,CS1,B6-302,60,30,32,PH1003(30),0.5
2025-12-22,07g00,CS2,H2-201,156,156,82,"PH1003(82), CI2139(74)",1.0
2025-12-22,07g00,CS2,H2-301,156,156,82,"PH1003(82), IM3021(71), CI2139(3)",1.0
2025-12-22,07g00,CS2,H2-306,156,156,82,"PH1003(82), CI2139(74)",1.0
2025-12-22,07g00,CS2,H2-401,156,156,82,"PH1003(82), IM3021(74)",1.0
2025-12-22,07g00,CS2,H2-406,156,156,82,"PH1003(82), CI2139(74)",1.0
2025-12-22,07g00,CS2,H2-206,156,116,82,"PH1003(82), CI2139(34)",0.7435897435897436
2025-12-22,07g00,CS2,H6-811,150,79,79,PH1003(79),0.5266666666666666
2025-12-22,07g00,CS2,H6-308,144,76,76,PH1003(76),0.5277777777777778
2025-12-22,07g00,CS2,H3-201,142,75,75,PH1003(75),0.528169014084507
2025-12-22,07g00,CS2,H3-301,142,75,75,PH1003(75),0.528169014084507
2025-12-22,07g00,CS2,H3-306,142,75,75,PH1003(75),0.528169014084507
2025-12-22,07g00,CS2,H3-401,142,75,75,PH1003(75),0.528169014084507
2025-12-22,07g00,CS2,H3-406,142,75,75,PH1003(75),0.528169014084507
2025-12-22,07g00,CS2,H3-501,142,75,75,PH1003(75),0.528169014084507
2025-12-22,07g00,CS2,H3-506,142,75,75,PH1003(75),0.528169014084507
2025-12-22,07g00,CS2,H1-101,138,73,73,PH1003(73),0.5289855072463768
2025-12-22,07g00,CS2,H1-104,138,73,73,PH1003(73),0.5289855072463768
2025-12-22,07g00,CS2,H1-307,135,71,71,PH1003(71),0.5259259259259259
2025-12-22,07g00,CS2,H2-207,135,71,71,PH1003(71),0.5259259259259259
2025-12-22,07g00,CS2,H6-311,135,71,71,PH1003(71),0.5259259259259259
2025-12-22,07g00,CS2,H1-204,129,68,68,PH1003(68),0.5271317829457365
2025-12-22,07g00,CS2,H6-113,129,68,68,PH1003(68),0.5271317829457365
2025-12-22,07g00,CS2,H6-305,129,68,68,PH1003(68),0.5271317829457365
2025-12-22,07g00,CS2,H1-401,126,66,66,PH1003(66),0.5238095238095238
2025-12-22,07g00,CS2,H1-404,126,66,66,PH1003(66),0.5238095238095238
2025-12-22,07g00,CS2,H6-211,126,66,66,PH1003(66),0.5238095238095238
2025-12-22,07g00,CS2,H6-412,123,40,65,PH1003(40),0.3252032520325203
2025-12-22,09g30,CS1,B4-505,120,120,63,"PH1003(63), IM1003(57)",1.0
2025-12-22,09g30,CS1,B4-406,108,108,57,"PH1003(57), IM1003(51)",1.0
2025-12-22,09g30,CS1,C6-103,100,92,50,"PH1003(50), IM1003(42)",0.92
2025-12-22,09g30,CS1,C6-102,100,8,50,PH1003(8),0.08
2025-12-22,09g30,CS2,H2-201,156,156,82,"PH1003(82), IM1003(74)",1.0
2025-12-22,09g30,CS2,H2-406,156,156,82,"PH1003(82), IM1003(67), CI1003(7)",1.0
2025-12-22,09g30,CS2,H2-401,156,122,82,"PH1003(82), CI1003(40)",0.782051282051282
2025-12-22,09g30,CS2,H2-206,156,82,82,PH1003(82),0.5256410256410257
2025-12-22,09g30,CS2,H2-301,156,82,82,PH1003(82),0.5256410256410257
2025-12-22,09g30,CS2,H2-306,156,82,82,PH1003(82),0.5256410256410257
2025-12-22,09g30,CS2,H6-811,150,79,79,PH1003(79),0.5266666666666666
2025-12-22,09g30,CS2,H6-308,144,76,76,PH1003(76),0.5277777777777778
2025-12-22,09g30,CS2,H3-201,142,75,75,PH1003(75),0.528169014084507
2025-12-22,09g30,CS2,H3-301,142,75,75,PH1003(75),0.528169014084507
2025-12-22,09g30,CS2,H3-306,142,75,75,PH1003(75),0.528169014084507
2025-12-22,09g30,CS2,H3-401,142,75,75,PH1003(75),0.528169014084507
2025-12-22,09g30,CS2,H3-406,142,75,75,PH1003(75),0.528169014084507
2025-12-22,09g30,CS2,H3-501,142,75,75,PH1003(75),0.528169014084507
2025-12-22,09g30,CS2,H3-506,142,75,75,PH1003(75),0.528169014084507
2025-12-22,09g30,CS2,H1-101,138,73,73,PH1003(73),0.5289855072463768
2025-12-22,09g30,CS2,H1-104,138,73,73,PH1003(73),0.5289855072463768
2025-12-22,09g30,CS2,H1-307,135,71,71,PH1003(71),0.5259259259259259
2025-12-22,09g30,CS2,H2-207,135,71,71,PH1003(71),0.5259259259259259
2025-12-22,09g30,CS2,H6-311,135,71,71,PH1003(71),0.5259259259259259
2025-12-22,09g30,CS2,H1-204,129,68,68,PH1003(68),0.5271317829457365
2025-12-22,09g30,CS2,H6-113,129,68,68,PH1003(68),0.5271317829457365
2025-12-22,09g30,CS2,H6-305,129,68,68,PH1003(68),0.5271317829457365
2025-12-22,09g30,CS2,H1-401,126,58,66,PH1003(58),0.4603174603174603
2025-12-22,13g00,CS1,B4-505,120,120,63,"AS2071(63), CH4051(57)",1.0
2025-12-22,13g00,CS1,B4-406,108,108,57,"AS2071(57), CH4051(51)",1.0
2025-12-22,13g00,CS1,C6-102,100,100,50,"AS2071(45), CO3045(40), ME4631(15)",1.0
2025-12-22,13g00,CS1,C6-103,100,100,50,"EE3413(50), ME3015(50)",1.0
2025-12-22,13g00,CS1,B1-208,84,84,44,"CH4051(34), EE4441(34), EE3413(16)",1.0
2025-12-22,13g00,CS1,B1-306,84,84,44,"ME4631(24), TR3003(24), CH3021(15), MA3111(15), MA4169(6)",1.0
2025-12-22,13g00,CS1,C4-502,80,27,42,"EE3413(9), MA4169(9), ME3015(9)",0.3375
2025-12-22,13g00,CS2,H2-201,156,156,82,"CH4051(82), EE3071(74)",1.0
2025-12-22,13g00,CS2,H2-206,156,156,82,"CI1069(55), ME3015(52), EE3071(46), EE3027(3)",1.0
2025-12-22,13g00,CS2,H2-301,156,156,82,"ME3299(76), MA4091(59), IM3029(21)",1.0
2025-12-22,13g00,CS2,H2-306,156,156,82,"CO3045(80), EE3203(76)",1.0
2025-12-22,13g00,CS2,H2-401,156,156,82,"CH3021(82), CH4051(74)",1.0
2025-12-22,13g00,CS2,H2-406,156,156,82,"CH4051(82), AS2071(74)",1.0
2025-12-22,13g00,CS2,H6-811,150,150,79,"IM3029(37), EE3027(34), GE3219(34), AS2071(32), ME3215(13)",1.0
2025-12-22,13g00,CS2,H6-308,144,144,76,"TR3061(29), IU4025(27), MA2013(26), IM2031(24), ME3215(16), CI3301(15), CH4051(7)",1.0
2025-12-22,13g00,CS2,H3-506,142,15,75,"ME3031(8), EE3203(4), CH3021(2), CH4051(1)",0.1056338028169014
2025-12-22,15g30,CS1,B4-505,120,63,63,LA1007(63),0.525
2025-12-22,15g30,CS1,B4-406,108,30,57,LA1007(30),0.2777777777777778
2025-12-22,15g30,CS2,H2-201,156,82,82,LA1007(82),0.5256410256410257
2025-12-22,15g30,CS2,H2-206,156,82,82,LA1007(82),0.5256410256410257
2025-12-22,15g30,CS2,H2-301,156,82,82,LA1007(82),0.5256410256410257
2025-12-22,15g30,CS2,H2-306,156,82,82,LA1007(82),0.5256410256410257
2025-12-22,15g30,CS2,H2-401,156,82,82,LA1007(82),0.5256410256410257
2025-12-22,15g30,CS2,H2-406,156,82,82,LA1007(82),0.5256410256410257
2025-12-22,15g30,CS2,H6-811,150,79,79,LA1007(79),0.5266666666666666
2025-12-22,15g30,CS2,H6-308,144,76,76,LA1007(76),0.5277777777777778
2025-12-22,15g30,CS2,H3-406,142,75,75,LA1007(75),0.528169014084507
2025-12-22,15g30,CS2,H3-501,142,75,75,LA1007(75),0.528169014084507
2025-12-22,15g30,CS2,H3-506,142,75,75,LA1007(75),0.528169014084507
2025-12-22,15g30,CS2,H3-401,142,41,75,LA1007(41),0.2887323943661972
2025-12-22,18g15,CS1,B4-505,120,120,63,"CH5703(57), CO5087(41), EE5191(22)",1.0
2025-12-22,18g15,CS1,B4-406,108,108,57,"CI5403(30), IM5127(28), ME5269(24), CI5251(21), CH5407(5)",1.0
2025-12-22,18g15,CS1,C6-103,100,45,50,"EE5191(10), CH5407(9), CO5161(9), TR5063(9), MA5097(8)",0.45
2025-12-23,07g00,CS1,B4-505,120,120,63,"MT1003(63), MT1019(57)",1.0
2025-12-23,07g00,CS1,B4-406,108,108,57,"MT1003(57), MT1019(51)",1.0
2025-12-23,07g00,CS1,C6-103,100,100,50,"MT1003(50), MT1019(50)",1.0
2025-12-23,07g00,CS1,C6-102,100,96,50,"MT1003(50), MT1019(25), IM3109(21)",0.96
2025-12-23,07g00,CS1,B1-208,84,44,44,MT1003(44),0.5238095238095238
2025-12-23,07g00,CS1,B1-306,84,44,44,MT1003(44),0.5238095238095238
2025-12-23,07g00,CS1,B1-311,80,42,42,MT1003(42),0.525
2025-12-23,07g00,CS1,B4-305,80,42,42,MT1003(42),0.525
2025-12-23,07g00,CS1,B4-306,80,42,42,MT1003(42),0.525
2025-12-23,07g00,CS1,B4-501,80,42,42,MT1003(42),0.525
2025-12-23,07g00,CS1,B4-502,80,42,42,MT1003(42),0.525
2025-12-23,07g00,CS1,B6-306,80,42,42,MT1003(42),0.525
2025-12-23,07g00,CS1,C4-301,80,42,42,MT1003(42),0.525
2025-12-23,07g00,CS1,C4-304,80,42,42,MT1003(42),0.525
2025-12-23,07g00,CS1,C4-402,80,42,42,MT1003(42),0.525
2025-12-23,07g00,CS1,C4-403,80,42,42,MT1003(42),0.525
2025-12-23,07g00,CS1,C4-502,80,42,42,MT1003(42),0.525
2025-12-23,07g00,CS1,C5-303,80,42,42,MT1003(42),0.525
2025-12-23,07g00,CS1,C5-401,80,42,42,MT1003(42),0.525
2025-12-23,07g00,CS1,C5-403,80,42,42,MT1003(42),0.525
2025-12-23,07g00,CS1,C5-502,80,42,42,MT1003(42),0.525
2025-12-23,07g00,CS1,C5-503,80,42,42,MT1003(42),0.525
2025-12-23,07g00,CS1,C6-401,80,42,42,MT1003(42),0.525
2025-12-23,07g00,CS1,C6-402,80,42,42,MT1003(42),0.525
2025-12-23,07g00,CS1,C6-403,80,42,42,MT1003(42),0.525
2025-12-23,07g00,CS1,B1-212,72,38,38,MT1003(38),0.5277777777777778
2025-12-23,07g00,CS1,B1-213,72,38,38,MT1003(38),0.5277777777777778
2025-12-23,07g00,CS1,B1-305,72,38,38,MT1003(38),0.5277777777777778
2025-12-23,07g00,CS1,B1-308,72,38,38,MT1003(38),0.5277777777777778
2025-12-23,07g00,CS1,B10-203,70,37,37,MT1003(37),0.5285714285714286
2025-12-23,07g00,CS1,B8-301,66,35,35,MT1003(35),0.5303030303030303
2025-12-23,07g00,CS1,B8-303,62,33,33,MT1003(33),0.532258064516129
2025-12-23,07g00,CS1,B8-304,62,33,33,MT1003(33),0.532258064516129
2025-12-23,07g00,CS1,B6-302,60,32,32,MT1003(32),0.5333333333333333
2025-12-23,07g00,CS1,B6-303,60,32,32,MT1003(32),0.5333333333333333
2025-12-23,07g00,CS1,B6-304,60,32,32,MT1003(32),0.5333333333333333
2025-12-23,07g00,CS1,B6-305,60,32,32,MT1003(32),0.5333333333333333
2025-12-23,07g00,CS1,B9-201,60,32,32,MT1003(32),0.5333333333333333
2025-12-23,07g00,CS1,B4-504,60,3,32,MT1003(3),0.05
2025-12-23,07g00,CS2,H2-201,156,156,82,"MT1003(82), EE3025(74)",1.0
2025-12-23,07g00,CS2,H2-306,156,156,82,"MT1003(82), CH2019(61), EE3025(13)",1.0
2025-12-23,07g00,CS2,H2-401,156,156,82,"MT1003(82), EE3025(74)",1.0
2025-12-23,07g00,CS2,H2-406,156,156,82,"MT1003(82), EE3025(74)",1.0
2025-12-23,07g00,CS2,H2-301,156,126,82,"MT1003(82), IM3109(26), EE3025(18)",0.8076923076923077
2025-12-23,07g00,CS2,H2-206,156,82,82,MT1003(82),0.5256410256410257
2025-12-23,07g00,CS2,H6-811,150,79,79,MT1003(79),0.5266666666666666
2025-12-23,07g00,CS2,H6-308,144,76,76,MT1003(76),0.5277777777777778
2025-12-23,07g00,CS2,H3-201,142,75,75,MT1003(75),0.528169014084507
2025-12-23,07g00,CS2,H3-301,142,75,75,MT1003(75),0.528169014084507
2025-12-23,07g00,CS2,H3-306,142,75,75,MT1003(75),0.528169014084507
2025-12-23,07g00,CS2,H3-401,142,75,75,MT1003(75),0.528169014084507
2025-12-23,07g00,CS2,H3-406,142,75,75,MT1003(75),0.528169014084507
2025-12-23,07g00,CS2,H3-501,142,75,75,MT1003(75),0.528169014084507
2025-12-23,07g00,CS2,H3-506,142,75,75,MT1003(75),0.528169014084507
2025-12-23,07g00,CS2,H1-101,138,73,73,MT1003(73),0.5289855072463768
2025-12-23,07g00,CS2,H1-104,138,73,73,MT1003(73),0.5289855072463768
2025-12-23,07g00,CS2,H1-307,135,71,71,MT1003(71),0.5259259259259259
2025-12-23,07g00,CS2,H2-207,135,71,71,MT1003(71),0.5259259259259259
2025-12-23,07g00,CS2,H6-311,135,71,71,MT1003(71),0.5259259259259259
2025-12-23,07g00,CS2,H1-204,129,68,68,MT1003(68),0.5271317829457365
2025-12-23,07g00,CS2,H6-113,129,68,68,MT1003(68),0.5271317829457365
2025-12-23,07g00,CS2,H6-305,129,68,68,MT1003(68),0.5271317829457365
2025-12-23,07g00,CS2,H1-401,126,66,66,MT1003(66),0.5238095238095238
2025-12-23,07g00,CS2,H6-211,126,66,66,MT1003(66),0.5238095238095238
2025-12-23,07g00,CS2,H1-404,126,33,66,MT1003(33),0.2619047619047619
2025-12-23,09g30,CS1,B4-505,120,120,63,"MT1015(63), MT1003(57)",1.0
2025-12-23,09g30,CS1,B4-406,108,108,57,"MT1017(57), MT1015(51)",1.0
2025-12-23,09g30,CS1,C6-102,100,100,50,"MT1003(50), MT1015(50)",1.0
2025-12-23,09g30,CS1,C6-103,100,100,50,"MT1003(50), MT1017(50)",1.0
2025-12-23,09g30,CS1,B1-208,84,84,44,"ME4645(44), MT1017(40)",1.0
2025-12-23,09g30,CS1,B1-306,84,84,44,"TR3055(32), ME4645(16), CO3071(15), MT1015(13), MT1003(8)",1.0
2025-12-23,09g30,CS1,C4-502,80,9,42,"MT1017(5), MT1003(4)",0.1125
2025-12-23,09g30,CS2,H2-201,156,156,82,"MT1003(82), MT1017(74)",1.0
2025-12-23,09g30,CS2,H2-306,156,156,82,"MT1003(82), MT1017(72), ME4645(2)",1.0
2025-12-23,09g30,CS2,H2-401,156,156,82,"MT1003(82), CO3071(74)",1.0
2025-12-23,09g30,CS2,H2-406,156,156,82,"MT1003(82), ME4645(74)",1.0
2025-12-23,09g30,CS2,H2-301,156,94,82,"MT1003(82), ME4645(9), CO3071(3)",0.6025641025641025
2025-12-23,09g30,CS2,H2-206,156,82,82,MT1003(82),0.5256410256410257
2025-12-23,09g30,CS2,H6-811,150,79,79,MT1003(79),0.5266666666666666
2025-12-23,09g30,CS2,H6-308,144,76,76,MT1003(76),0.5277777777777778
2025-12-23,09g30,CS2,H3-201,142,75,75,MT1003(75),0.528169014084507
2025-12-23,09g30,CS2,H3-301,142,75,75,MT1003(75),0.528169014084507
2025-12-23,09g30,CS2,H3-306,142,75,75,MT1003(75),0.528169014084507
2025-12-23,09g30,CS2,H3-401,142,75,75,MT1003(75),0.528169014084507
2025-12-23,09g30,CS2,H3-406,142,75,75,MT1003(75),0.528169014084507
2025-12-23,09g30,CS2,H3-501,142,75,75,MT1003(75),0.528169014084507
2025-12-23,09g30,CS2,H3-506,142,75,75,MT1003(75),0.528169014084507
2025-12-23,09g30,CS2,H1-101,138,73,73,MT1003(73),0.5289855072463768
2025-12-23,09g30,CS2,H1-104,138,73,73,MT1003(73),0.5289855072463768
2025-12-23,09g30,CS2,H1-307,135,71,71,MT1003(71),0.5259259259259259
2025-12-23,09g30,CS2,H2-207,135,71,71,MT1003(71),0.5259259259259259
2025-12-23,09g30,CS2,H6-311,135,71,71,MT1003(71),0.5259259259259259
2025-12-23,09g30,CS2,H1-204,129,68,68,MT1003(68),0.5271317829457365
2025-12-23,09g30,CS2,H6-113,129,68,68,MT1003(68),0.5271317829457365
2025-12-23,09g30,CS2,H6-305,129,68,68,MT1003(68),0.5271317829457365
2025-12-23,09g30,CS2,H1-401,126,66,66,MT1003(66),0.5238095238095238
2025-12-23,09g30,CS2,H6-211,126,66,66,MT1003(66),0.5238095238095238
2025-12-23,09g30,CS2,H1-404,126,57,66,MT1003(57),0.4523809523809524
2025-12-23,13g00,CS1,B4-505,120,120,63,"CO3143(63), ME4201(51), EE3403(6)",1.0
2025-12-23,13g00,CS1,B4-406,108,108,57,"LA1009(48), EE3403(43), TR3135(17)",1.0
2025-12-23,13g00,CS1,C6-103,100,100,50,"CH4085(37), CH3049(31), CI1003(28), TR3135(4)",1.0
2025-12-23,13g00,CS1,C6-102,100,56,50,"TR3135(21), AS3105(17), EE4053(17), CO3143(1)",0.56
2025-12-23,13g00,CS2,H2-201,156,156,82,"LA1009(82), CH4085(74)",1.0
2025-12-23,13g00,CS2,H2-206,156,156,82,"LA1009(82), ME4201(25), ME3207(23), CH3049(21), CH3403(5)",1.0
2025-12-23,13g00,CS2,H2-301,156,156,82,"LA1009(82), AS3105(37), AS3015(28), EE3133(9)",1.0
2025-12-23,13g00,CS2,H2-306,156,156,82,"LA1009(82), TR3135(43), CH4085(31)",1.0
2025-12-23,13g00,CS2,H2-401,156,156,82,"LA1009(82), CI4165(54), ME4201(20)",1.0
2025-12-23,13g00,CS2,H2-406,156,156,82,"LA1009(82), EE3077(56), AS3105(18)",1.0
2025-12-23,13g00,CS2,H6-811,150,136,79,"LA1009(79), EE3133(17), IM1015(16), CH3403(15), CH4085(9)",0.9066666666666666
2025-12-23,13g00,CS2,H6-308,144,76,76,LA1009(76),0.5277777777777778
2025-12-23,13g00,CS2,H3-506,142,34,75,LA1009(34),0.23943661971830985
2025-12-23,15g30,CS1,B4-505,120,63,63,ME2151(63),0.525
2025-12-23,15g30,CS1,B4-406,108,12,57,ME2151(12),0.1111111111111111
2025-12-23,15g30,CS2,H2-201,156,82,82,EE2017(82),0.5256410256410257
2025-12-23,15g30,CS2,H2-406,156,54,82,EE2017(54),0.34615384615384615
2025-12-23,18g15,CS1,B4-505,120,120,63,"GK5025(63), CH5603(46), CI5407(11)",1.0
2025-12-23,18g15,CS1,B4-406,108,108,57,"GK5025(57), IM5067(27), EE5193(24)",1.0
2025-12-23,18g15,CS1,C6-103,100,59,50,"CI5407(20), CI5137(14), GK5025(10), TR5067(8), TR5089(6), EE5193(1)",0.59
2025-12-24,07g00,CS1,B4-505,120,120,63,"CO1005(63), CH2113(57)",1.0
2025-12-24,07g00,CS1,B4-406,108,108,57,"CO1005(57), EE1009(51)",1.0
2025-12-24,07g00,CS1,C6-102,100,100,50,"CO1005(50), EE1009(50)",1.0
2025-12-24,07g00,CS1,C6-103,100,100,50,"CH2113(50), CO1005(50)",1.0
2025-12-24,07g00,CS1,B1-208,84,84,44,"CO1005(44), CH2113(40)",1.0
2025-12-24,07g00,CS1,B1-306,84,84,44,"EE1009(44), CO1005(40)",1.0
2025-12-24,07g00,CS1,B1-311,80,80,42,"IM2019(30), ME2179(23), CO1005(21), CO3049(6)",1.0
2025-12-24,07g00,CS1,B4-305,80,80,42,"CO1005(42), EE1009(38)",1.0
2025-12-24,07g00,CS1,B4-306,80,80,42,"IM2019(42), ME2179(38)",1.0
2025-12-24,07g00,CS1,B4-501,80,80,42,"CH2113(42), EE1009(38)",1.0
2025-12-24,07g00,CS1,B6-306,80,80,42,"CH2113(42), IM2019(38)",1.0
2025-12-24,07g00,CS1,C4-502,80,80,42,"CH2113(42), EE1009(38)",1.0
2025-12-24,07g00,CS1,C5-303,80,80,42,"ME2179(42), CO1005(38)",1.0
2025-12-24,07g00,CS1,C5-401,80,80,42,"ME2179(42), CO1005(38)",1.0
2025-12-24,07g00,CS1,C5-403,80,80,42,"EE1009(42), CO3049(38)",1.0
2025-12-24,07g00,CS1,C5-502,80,80,42,"CI2135(42), CH2113(38)",1.0
2025-12-24,07g00,CS1,C5-503,80,80,42,"ME3281(42), EE2409(38)",1.0
2025-12-24,07g00,CS1,B4-502,80,36,42,"EE1009(12), CH2113(10), CI2135(7), CO3049(6), EE2409(1)",0.45
2025-12-24,07g00,CS2,H2-201,156,156,82,"EE1009(82), CO1005(74)",1.0
2025-12-24,07g00,CS2,H2-206,156,156,82,"EE1009(82), CI2135(74)",1.0
2025-12-24,07g00,CS2,H2-301,156,156,82,"EE1009(82), CO1005(74)",1.0
2025-12-24,07g00,CS2,H2-306,156,156,82,"EE1009(82), CH2113(74)",1.0
2025-12-24,07g00,CS2,H2-401,156,156,82,"EE1009(82), CO1005(74)",1.0
2025-12-24,07g00,CS2,H2-406,156,156,82,"EE1009(82), CH2113(74)",1.0
2025-12-24,07g00,CS2,H6-811,150,150,79,"EE1009(79), ME3281(71)",1.0
2025-12-24,07g00,CS2,H6-308,144,144,76,"EE1009(76), CH2113(68)",1.0
2025-12-24,07g00,CS2,H3-201,142,142,75,"CI2135(75), CO3049(67)",1.0
2025-12-24,07g00,CS2,H3-301,142,142,75,"ME2179(75), EE1009(67)",1.0
2025-12-24,07g00,CS2,H3-306,142,142,75,"CO1005(75), ME2103(67)",1.0
2025-12-24,07g00,CS2,H3-401,142,142,75,"IM2019(75), CH2113(67)",1.0
2025-12-24,07g00,CS2,H3-406,142,142,75,"ME3281(75), CO3049(67)",1.0
2025-12-24,07g00,CS2,H3-501,142,142,75,"CI2135(75), EE1009(67)",1.0
2025-12-24,07g00,CS2,H3-506,142,142,75,"EE1009(75), CO1005(67)",1.0
2025-12-24,07g00,CS2,H1-101,138,138,73,"CH2113(73), ME3281(65)",1.0
2025-12-24,07g00,CS2,H1-104,138,138,73,"IM2019(69), IM3095(65), CO1005(4)",1.0
2025-12-24,07g00,CS2,H1-307,135,135,71,"CO1005(38), ME2103(31), CO3083(28), ME2015(26), EE1009(12)",1.0
2025-12-24,07g00,CS2,H2-207,135,94,71,"ME2179(19), CH3421(18), CO3049(16), CI2135(15), EE1009(12), ME3281(11), CH2113(3)",0.6962962962962963
2025-12-24,09g30,CS1,B4-505,120,120,63,"MT1011(63), TR1005(57)",1.0
2025-12-24,09g30,CS1,B4-406,108,108,57,"MT1011(57), EE4455(35), CH3371(16)",1.0
2025-12-24,09g30,CS1,C6-103,100,88,50,"MT1011(50), CH3371(15), TR1005(12), EN3005(7), MA3163(4)",0.88
2025-12-24,09g30,CS1,C6-102,100,7,50,MT1011(7),0.07
2025-12-24,09g30,CS2,H2-201,156,156,82,"TR1005(69), CH3371(60), ME2159(27)",1.0
2025-12-24,09g30,CS2,H2-406,156,156,82,"ME3105(51), EN3005(43), GE2035(43), MA4081(19)",1.0
2025-12-24,09g30,CS2,H2-401,156,136,82,"ME2159(24), AS2001(23), IU4019(21), EN3069(20), MA3021(20), CI3013(15), MA4081(13)",0.8717948717948718
2025-12-24,13g00,CS1,B4-505,120,120,63,"MT1007(63), ME4625(57)",1.0
2025-12-24,13g00,CS1,B4-406,108,81,57,"MT1007(57), EE3031(22), ME4625(2)",0.75
2025-12-24,13g00,CS1,C6-102,100,50,50,MT1007(50),0.5
2025-12-24,13g00,CS1,C6-103,100,50,50,MT1007(50),0.5
2025-12-24,13g00,CS1,B1-208,84,44,44,MT1007(44),0.5238095238095238
2025-12-24,13g00,CS1,B1-306,84,44,44,MT1007(44),0.5238095238095238
2025-12-24,13g00,CS1,B1-311,80,42,42,MT1007(42),0.525
2025-12-24,13g00,CS1,B4-305,80,42,42,MT1007(42),0.525
2025-12-24,13g00,CS1,B4-306,80,42,42,MT1007(42),0.525
2025-12-24,13g00,CS1,B4-501,80,42,42,MT1007(42),0.525
2025-12-24,13g00,CS1,B4-502,80,42,42,MT1007(42),0.525
2025-12-24,13g00,CS1,B6-306,80,42,42,MT1007(42),0.525
2025-12-24,13g00,CS1,C4-301,80,42,42,MT1007(42),0.525
2025-12-24,13g00,CS1,C4-502,80,42,42,MT1007(42),0.525
2025-12-24,13g00,CS1,C5-303,80,42,42,MT1007(42),0.525
2025-12-24,13g00,CS1,C5-401,80,42,42,MT1007(42),0.525
2025-12-24,13g00,CS1,C5-403,80,42,42,MT1007(42),0.525
2025-12-24,13g00,CS1,C5-502,80,42,42,MT1007(42),0.525
2025-12-24,13g00,CS1,C5-503,80,42,42,MT1007(42),0.525
2025-12-24,13g00,CS1,C4-403,80,23,42,MT1007(23),0.2875
2025-12-24,13g00,CS2,H2-201,156,156,82,"MT1007(82), ME4625(74)",1.0
2025-12-24,13g00,CS2,H2-306,156,156,82,"MT1007(82), EE3107(43), EE3131(31)",1.0
2025-12-24,13g00,CS2,H2-401,156,156,82,"MT1007(82), EE3031(59), EE3131(15)",1.0
2025-12-24,13g00,CS2,H2-406,156,156,82,"MT1007(82), ME4625(74)",1.0
2025-12-24,13g00,CS2,H2-301,156,125,82,"MT1007(82), ME4625(32), EE3131(11)",0.8012820512820513
2025-12-24,13g00,CS2,H2-206,156,82,82,MT1007(82),0.5256410256410257
2025-12-24,13g00,CS2,H6-811,150,79,79,MT1007(79),0.5266666666666666
2025-12-24,13g00,CS2,H6-308,144,76,76,MT1007(76),0.5277777777777778
2025-12-24,13g00,CS2,H3-201,142,75,75,MT1007(75),0.528169014084507
2025-12-24,13g00,CS2,H3-301,142,75,75,MT1007(75),0.528169014084507
2025-12-24,13g00,CS2,H3-306,142,75,75,MT1007(75),0.528169014084507
2025-12-24,13g00,CS2,H3-401,142,75,75,MT1007(75),0.528169014084507
2025-12-24,13g00,CS2,H3-406,142,75,75,MT1007(75),0.528169014084507
2025-12-24,13g00,CS2,H3-501,142,75,75,MT1007(75),0.528169014084507
2025-12-24,13g00,CS2,H3-506,142,75,75,MT1007(75),0.528169014084507
2025-12-24,13g00,CS2,H1-101,138,73,73,MT1007(73),0.5289855072463768
2025-12-24,13g00,CS2,H1-104,138,73,73,MT1007(73),0.5289855072463768
2025-12-24,13g00,CS2,H1-307,135,71,71,MT1007(71),0.5259259259259259
2025-12-24,13g00,CS2,H2-207,135,71,71,MT1007(71),0.5259259259259259
2025-12-24,13g00,CS2,H6-311,135,71,71,MT1007(71),0.5259259259259259
2025-12-24,13g00,CS2,H1-204,129,68,68,MT1007(68),0.5271317829457365
2025-12-24,13g00,CS2,H6-113,129,68,68,MT1007(68),0.5271317829457365
2025-12-24,13g00,CS2,H6-305,129,68,68,MT1007(68),0.5271317829457365
2025-12-24,13g00,CS2,H1-401,126,66,66,MT1007(66),0.5238095238095238
2025-12-24,13g00,CS2,H1-404,126,66,66,MT1007(66),0.5238095238095238
2025-12-24,13g00,CS2,H6-211,126,66,66,MT1007(66),0.5238095238095238
2025-12-24,13g00,CS2,H6-412,123,65,65,MT1007(65),0.5284552845528455
2025-12-24,13g00,CS2,H6-405,120,63,63,MT1007(63),0.525
2025-12-24,13g00,CS2,H6-802,120,63,63,MT1007(63),0.525
2025-12-24,13g00,CS2,H6-810,120,63,63,MT1007(63),0.525
2025-12-24,15g30,CS1,B4-505,120,120,63,"CO2017(63), LA1049(57)",1.0
2025-12-24,15g30,CS1,B4-406,108,108,57,"CO2017(57), ME2013(51)",1.0
2025-12-24,15g30,CS1,C6-103,100,84,50,"CO2017(42), LA1049(41), ME2013(1)",0.84
2025-12-24,15g30,CS2,H2-201,156,151,82,"CO2017(82), ME2013(69)",0.967948717948718
2025-12-24,15g30,CS2,H2-406,156,75,82,CO2017(75),0.4807692307692308
2025-12-24,18g15,CS1,B4-505,120,120,63,"CO5115(63), CO5177(57)",1.0
2025-12-24,18g15,CS1,B4-406,108,108,57,"CH5311(57), CO5135(51)",1.0
2025-12-24,18g15,CS1,C6-102,100,100,50,"CI5139(19), CO5177(17), IM5093(17), CH5373(15), IM5121(15), ME5029(11), CH5311(6)",1.0
2025-12-24,18g15,CS1,C6-103,100,100,50,"EE5209(48), CO5115(25), ME5267(24), CO5177(3)",1.0
2025-12-24,18g15,CS1,B1-208,84,2,44,CO5135(2),0.023809523809523808
2025-12-25,07g00,CS1,B4-505,120,120,63,"CO1023(63), CH2021(57)",1.0
2025-12-25,07g00,CS1,B4-406,108,108,57,"CO1023(57), CH2021(51)",1.0
2025-12-25,07g00,CS1,C6-102,100,100,50,"CO1023(50), ME2091(50)",1.0
2025-12-25,07g00,CS1,C6-103,100,100,50,"CH2021(50), CO1023(50)",1.0
2025-12-25,07g00,CS1,B1-208,84,84,44,"CO1023(44), CH2021(40)",1.0
2025-12-25,07g00,CS1,B1-306,84,84,44,"ME2091(44), CH2021(40)",1.0
2025-12-25,07g00,CS1,B4-305,80,80,42,"EE2011(42), CO1023(38)",1.0
2025-12-25,07g00,CS1,B4-306,80,80,42,"ME2091(42), CH2021(38)",1.0
2025-12-25,07g00,CS1,B4-501,80,80,42,"CO1023(42), IM1007(38)",1.0
2025-12-25,07g00,CS1,B6-306,80,80,42,"IM1007(42), ME2091(38)",1.0
2025-12-25,07g00,CS1,C4-502,80,80,42,"CO1023(42), IM1007(38)",1.0
2025-12-25,07g00,CS1,C5-303,80,80,42,"ME2091(42), CH2021(38)",1.0
2025-12-25,07g00,CS1,C5-401,80,80,42,"CH2021(42), EE4407(38)",1.0
2025-12-25,07g00,CS1,C5-403,80,80,42,"CO1023(42), EE2011(38)",1.0
2025-12-25,07g00,CS1,C5-502,80,80,42,"TR2005(34), IM1007(31), EE2031(15)",1.0
2025-12-25,07g00,CS1,C5-503,80,80,42,"EE3065(20), TR3025(19), ME2091(17), ME4073(17), EE2031(7)",1.0
2025-12-25,07g00,CS1,B1-311,80,49,42,"CH2021(11), EN1001(11), EE4407(9), EE2031(8), EE2011(4), GE2049(4), CO1023(2)",0.6125
2025-12-25,07g00,CS2,H2-201,156,156,82,"ME2091(82), CH2021(74)",1.0
2025-12-25,07g00,CS2,H2-206,156,156,82,"EE2011(82), CH2021(74)",1.0
2025-12-25,07g00,CS2,H2-301,156,156,82,"CO1023(82), ME2091(74)",1.0
2025-12-25,07g00,CS2,H2-306,156,156,82,"ME2091(82), CH2021(74)",1.0
2025-12-25,07g00,CS2,H2-401,156,156,82,"CH2021(82), CO1023(74)",1.0
2025-12-25,07g00,CS2,H2-406,156,156,82,"CO1023(82), ME2091(74)",1.0
2025-12-25,07g00,CS2,H6-811,150,150,79,"EE3065(79), CO1023(71)",1.0
2025-12-25,07g00,CS2,H6-308,144,144,76,"ME2091(76), IM1007(68)",1.0
2025-12-25,07g00,CS2,H3-201,142,142,75,"TR3025(32), EN3039(31), CH2021(30), GE2049(28), ME4605(21)",1.0
2025-12-25,07g00,CS2,H3-301,142,142,75,"EN1001(47), CI4141(43), EE2011(41), IU3059(11)",1.0
2025-12-25,07g00,CS2,H3-306,142,142,75,"ME4073(62), CI4163(57), GE2049(23)",1.0
2025-12-25,07g00,CS2,H3-401,142,142,75,"ME4063(68), ME2091(66), CI4163(8)",1.0
2025-12-25,07g00,CS2,H3-406,142,142,75,"CO1023(75), IM1007(67)",1.0
2025-12-25,07g00,CS2,H3-501,142,142,75,"CH2021(75), EE3065(67)",1.0
2025-12-25,07g00,CS2,H3-506,142,142,75,"EN1001(75), EE2011(67)",1.0
2025-12-25,07g00,CS2,H1-101,138,117,73,"CI4143(25), IU3059(24), CH3425(20), CI2045(18), EE3065(17), ME4605(7), IM1007(4), CO1023(2)",0.8478260869565217
2025-12-25,09g30,CS1,B4-505,120,120,63,"EE2003(63), MA1001(57)",1.0
2025-12-25,09g30,CS1,B4-406,108,59,57,"EE2003(38), MA1001(21)",0.5462962962962963
2025-12-25,09g30,CS2,H2-201,156,156,82,"EE2003(82), MA1001(74)",1.0
2025-12-25,09g30,CS2,H2-406,156,156,82,"EE2003(82), MA1001(74)",1.0
2025-12-25,09g30,CS2,H2-401,156,109,82,"EE2003(76), MA1001(33)",0.6987179487179487
2025-12-25,13g00,CS1,B4-505,120,120,63,"ME2051(63), ME2131(50), ME4025(7)",1.0
2025-12-25,13g00,CS1,B4-406,108,108,57,"CO3069(49), ME4025(43), CH3331(16)",1.0
2025-12-25,13g00,CS1,C6-103,100,100,50,"CH1005(39), CH3331(26), MT1023(23), IM2033(12)",1.0
2025-12-25,13g00,CS1,C6-102,100,18,50,"ME2051(13), IM2033(5)",0.18
2025-12-25,13g00,CS2,H2-201,156,156,82,"ME1015(82), ME2051(74)",1.0
2025-12-25,13g00,CS2,H2-306,156,156,82,"ME2051(66), CH1005(52), IM2033(38)",1.0
2025-12-25,13g00,CS2,H2-401,156,156,82,"CO3069(82), ME1015(74)",1.0
2025-12-25,13g00,CS2,H2-406,156,156,82,"CH3331(82), ME2131(74)",1.0
2025-12-25,13g00,CS2,H2-301,156,124,82,"CI3043(34), CH3331(30), EE3213(24), ME2131(22), IM2033(10), ME1015(4)",0.7948717948717948
2025-12-25,15g30,CS1,B4-505,120,120,63,"LA1011(63), LA1051(57)",1.0
2025-12-25,15g30,CS1,B4-406,108,98,57,"LA1011(57), LA1051(41)",0.9074074074074074
2025-12-25,15g30,CS1,C6-103,100,50,50,LA1011(50),0.5
2025-12-25,15g30,CS1,C6-102,100,4,50,LA1011(4),0.04
2025-12-25,15g30,CS2,H2-201,156,73,82,EE3001(73),0.46794871794871795
2025-12-25,18g15,CS1,B4-505,120,120,63,"CO5119(63), CO5085(53), CH5601(4)",1.0
2025-12-25,18g15,CS1,B4-406,108,108,57,"CH5601(30), CI5451(29), IM5109(22), CH5685(21), CO5119(6)",1.0
2025-12-25,18g15,CS1,C6-103,100,58,50,"IM5113(17), CI5245(14), CO5119(14), CH5719(13)",0.58
2025-12-26,07g00,CS1,B4-505,120,120,63,"CH1003(63), EE3003(24), CI3061(21), CO3021(12)",1.0
2025-12-26,07g00,CS1,B4-406,108,89,57,"CH1003(57), CH3389(19), CO3021(9), MA3101(4)",0.8240740740740741
2025-12-26,07g00,CS1,C6-102,100,50,50,CH1003(50),0.5
2025-12-26,07g00,CS1,C6-103,100,50,50,CH1003(50),0.5
2025-12-26,07g00,CS1,B1-208,84,44,44,CH1003(44),0.5238095238095238
2025-12-26,07g00,CS1,B1-306,84,44,44,CH1003(44),0.5238095238095238
2025-12-26,07g00,CS1,B1-311,80,42,42,CH1003(42),0.525
2025-12-26,07g00,CS1,B4-305,80,42,42,CH1003(42),0.525
2025-12-26,07g00,CS1,B4-306,80,42,42,CH1003(42),0.525
2025-12-26,07g00,CS1,B4-501,80,42,42,CH1003(42),0.525
2025-12-26,07g00,CS1,B4-502,80,42,42,CH1003(42),0.525
2025-12-26,07g00,CS1,B6-306,80,42,42,CH1003(42),0.525
2025-12-26,07g00,CS1,C4-301,80,42,42,CH1003(42),0.525
2025-12-26,07g00,CS1,C4-304,80,42,42,CH1003(42),0.525
2025-12-26,07g00,CS1,C4-402,80,42,42,CH1003(42),0.525
2025-12-26,07g00,CS1,C4-403,80,42,42,CH1003(42),0.525
2025-12-26,07g00,CS1,C4-502,80,42,42,CH1003(42),0.525
2025-12-26,07g00,CS1,C5-303,80,42,42,CH1003(42),0.525
2025-12-26,07g00,CS1,C5-401,80,42,42,CH1003(42),0.525
2025-12-26,07g00,CS1,C5-403,80,42,42,CH1003(42),0.525
2025-12-26,07g00,CS1,C5-502,80,42,42,CH1003(42),0.525
2025-12-26,07g00,CS1,C5-503,80,42,42,CH1003(42),0.525
2025-12-26,07g00,CS1,C6-401,80,42,42,CH1003(42),0.525
2025-12-26,07g00,CS1,C6-402,80,42,42,CH1003(42),0.525
2025-12-26,07g00,CS1,C6-403,80,42,42,CH1003(42),0.525
2025-12-26,07g00,CS1,B1-212,72,38,38,CH1003(38),0.5277777777777778
2025-12-26,07g00,CS1,B1-305,72,38,38,CH1003(38),0.5277777777777778
2025-12-26,07g00,CS1,B1-308,72,38,38,CH1003(38),0.5277777777777778
2025-12-26,07g00,CS1,B1-213,72,7,38,CH1003(7),0.09722222222222222
2025-12-26,07g00,CS2,H2-201,156,156,82,"CH1003(82), EE3003(74)",1.0
2025-12-26,07g00,CS2,H2-206,156,156,82,"CH1003(82), CO3021(74)",1.0
2025-12-26,07g00,CS2,H2-301,156,156,82,"CH1003(82), CH3389(74)",1.0
2025-12-26,07g00,CS2,H2-306,156,156,82,"CH1003(82), CI3061(74)",1.0
2025-12-26,07g00,CS2,H2-401,156,156,82,"CH1003(82), EE3003(74)",1.0
2025-12-26,07g00,CS2,H2-406,156,156,82,"CH1003(82), EE3003(74)",1.0
2025-12-26,07g00,CS2,H6-811,150,150,79,"CH1003(79), MA3101(65), ME3229(6)",1.0
2025-12-26,07g00,CS2,H6-308,144,144,76,"CH1003(76), ME3229(53), EE3003(15)",1.0
2025-12-26,07g00,CS2,H3-506,142,142,75,"CH1003(75), EE3003(29), CI3061(21), CH3389(13), CO3021(4)",1.0
2025-12-26,07g00,CS2,H3-501,142,78,75,"CH1003(75), CO3021(3)",0.5492957746478874
2025-12-26,07g00,CS2,H3-201,142,75,75,CH1003(75),0.528169014084507
2025-12-26,07g00,CS2,H3-301,142,75,75,CH1003(75),0.528169014084507
2025-12-26,07g00,CS2,H3-306,142,75,75,CH1003(75),0.528169014084507
2025-12-26,07g00,CS2,H3-401,142,75,75,CH1003(75),0.528169014084507
2025-12-26,07g00,CS2,H3-406,142,75,75,CH1003(75),0.528169014084507
2025-12-26,07g00,CS2,H1-101,138,73,73,CH1003(73),0.5289855072463768
2025-12-26,07g00,CS2,H1-104,138,73,73,CH1003(73),0.5289855072463768
2025-12-26,07g00,CS2,H1-307,135,71,71,CH1003(71),0.5259259259259259
2025-12-26,07g00,CS2,H2-207,135,71,71,CH1003(71),0.5259259259259259
2025-12-26,07g00,CS2,H6-311,135,71,71,CH1003(71),0.5259259259259259
2025-12-26,07g00,CS2,H1-204,129,68,68,CH1003(68),0.5271317829457365
2025-12-26,07g00,CS2,H6-113,129,68,68,CH1003(68),0.5271317829457365
2025-12-26,07g00,CS2,H6-305,129,68,68,CH1003(68),0.5271317829457365
2025-12-26,07g00,CS2,H1-401,126,66,66,CH1003(66),0.5238095238095238
2025-12-26,07g00,CS2,H6-211,126,66,66,CH1003(66),0.5238095238095238
2025-12-26,07g00,CS2,H1-404,126,10,66,CH1003(10),0.07936507936507936
2025-12-26,09g30,CS1,B4-505,120,120,63,"EE2407(63), IM1001(57)",1.0
2025-12-26,09g30,CS1,B4-406,108,108,57,"EE2407(57), IM1001(51)",1.0
2025-12-26,09g30,CS1,C6-102,100,100,50,"EE2407(50), IM3083(35), EE3405(15)",1.0
2025-12-26,09g30,CS1,C6-103,100,100,50,"EE2407(50), EE3095(50)",1.0
2025-12-26,09g30,CS1,B1-208,84,84,44,"EE2407(44), IM1001(31), EE3029(9)",1.0
2025-12-26,09g30,CS1,B1-306,84,84,44,"EE3029(21), CH4149(19), EE3405(19), EE5019(14), AS2063(11)",1.0
2025-12-26,09g30,CS1,C4-502,80,19,42,"EE2407(10), EE3095(7), AS2063(2)",0.2375
2025-12-26,09g30,CS2,H2-201,156,156,82,"EE3029(82), IM1001(74)",1.0
2025-12-26,09g30,CS2,H2-306,156,156,82,"IM3083(49), EE3029(43), ME4307(36), CI4153(28)",1.0
2025-12-26,09g30,CS2,H2-401,156,156,82,"IM1001(64), AS2063(52), EN3013(40)",1.0
2025-12-26,09g30,CS2,H2-406,156,156,82,"EE3029(82), CI3261(74)",1.0
2025-12-26,09g30,CS2,H2-301,156,80,82,"EE3095(28), IU2003(25), EN3013(11), CI3261(9), CI4153(7)",0.5128205128205128
2025-12-26,13g00,CS1,B4-505,120,120,63,"CO3009(63), LA1005(57)",1.0
2025-12-26,13g00,CS1,B4-406,108,108,57,"CO3009(57), ME3001(51)",1.0
2025-12-26,13g00,CS1,C6-103,100,100,50,"CI4189(50), CH3369(34), CO3009(16)",1.0
2025-12-26,13g00,CS1,C6-102,100,89,50,"LA1005(21), CH3337(20), ME3001(20), LA0019(16), CO3009(8), CI4189(4)",0.89
2025-12-26,13g00,CS2,H2-201,156,156,82,"LA1005(82), LA0019(74)",1.0
2025-12-26,13g00,CS2,H2-206,156,156,82,"LA1005(82), ME3001(74)",1.0
2025-12-26,13g00,CS2,H2-301,156,156,82,"LA1005(82), LA0019(74)",1.0
2025-12-26,13g00,CS2,H2-306,156,156,82,"LA1005(82), LA0019(74)",1.0
2025-12-26,13g00,CS2,H2-401,156,156,82,"LA1005(82), LA0019(74)",1.0
2025-12-26,13g00,CS2,H2-406,156,156,82,"LA1005(82), LA0019(74)",1.0
2025-12-26,13g00,CS2,H6-811,150,150,79,"LA1005(79), LA0019(71)",1.0
2025-12-26,13g00,CS2,H6-308,144,144,76,"LA1005(76), ME3001(68)",1.0
2025-12-26,13g00,CS2,H3-201,142,142,75,"CH3337(75), ME3001(67)",1.0
2025-12-26,13g00,CS2,H3-301,142,142,75,"CI4189(75), CO3009(67)",1.0
2025-12-26,13g00,CS2,H3-306,142,142,75,"LA0019(75), LA1005(67)",1.0
2025-12-26,13g00,CS2,H3-401,142,142,75,"ME3001(75), EE3145(67)",1.0
2025-12-26,13g00,CS2,H3-406,142,142,75,"LA1005(75), CO3009(67)",1.0
2025-12-26,13g00,CS2,H3-501,142,142,75,"LA1005(75), CI4189(67)",1.0
2025-12-26,13g00,CS2,H3-506,142,142,75,"LA1005(75), LA0019(67)",1.0
2025-12-26,13g00,CS2,H1-101,138,138,73,"CH3369(64), TR2017(62), EE3145(12)",1.0
2025-12-26,13g00,CS2,H1-104,138,138,73,"LA1005(41), EE3145(38), LA0019(36), CI3265(23)",1.0
2025-12-26,13g00,CS2,H1-307,135,71,71,"CO3009(27), CI4189(25), CI3265(10), CH3337(6), ME3001(3)",0.5259259259259259
2025-12-26,15g30,CS1,B4-505,120,106,63,"LA3021(63), CO4031(43)",0.8833333333333333
2025-12-26,15g30,CS1,B4-406,108,57,57,LA3021(57),0.5277777777777778
2025-12-26,15g30,CS1,C6-103,100,50,50,LA3021(50),0.5
2025-12-26,15g30,CS1,C6-102,100,3,50,LA3021(3),0.03
2025-12-26,15g30,CS2,H2-201,156,82,82,CO4031(82),0.5256410256410257
2025-12-26,15g30,CS2,H2-406,156,42,82,CO4031(42),0.2692307692307692
2025-12-26,18g15,CS1,B4-505,120,93,63,"CO5125(41), CI5149(18), ME5103(15), CI5147(14), TR5023(5)",0.775
2025-12-27,07g00,CS1,B4-505,120,78,63,"LA1003(60), MA3083(18)",0.65
2025-12-27,07g00,CS2,H2-201,156,82,82,LA1003(82),0.5256410256410257
2025-12-27,07g00,CS2,H2-206,156,82,82,LA1003(82),0.5256410256410257
2025-12-27,07g00,CS2,H2-301,156,82,82,LA1003(82),0.5256410256410257
2025-12-27,07g00,CS2,H2-306,156,82,82,LA1003(82),0.5256410256410257
2025-12-27,07g00,CS2,H2-401,156,82,82,LA1003(82),0.5256410256410257
2025-12-27,07g00,CS2,H2-406,156,82,82,LA1003(82),0.5256410256410257
2025-12-27,07g00,CS2,H6-811,150,79,79,LA1003(79),0.5266666666666666
2025-12-27,07g00,CS2,H6-308,144,76,76,LA1003(76),0.5277777777777778
2025-12-27,07g00,CS2,H3-301,142,75,75,LA1003(75),0.528169014084507
2025-12-27,07g00,CS2,H3-306,142,75,75,LA1003(75),0.528169014084507
2025-12-27,07g00,CS2,H3-401,142,75,75,LA1003(75),0.528169014084507
2025-12-27,07g00,CS2,H3-406,142,75,75,LA1003(75),0.528169014084507
2025-12-27,07g00,CS2,H3-501,142,75,75,LA1003(75),0.528169014084507
2025-12-27,07g00,CS2,H3-506,142,75,75,LA1003(75),0.528169014084507
2025-12-27,07g00,CS2,H3-201,142,16,75,LA1003(16),0.11267605633802817
2025-12-27,09g30,CS1,B4-505,120,120,63,"CH4079(63), GK5035(57)",1.0
2025-12-27,09g30,CS1,B4-406,108,108,57,"CH4079(57), GK5035(51)",1.0
2025-12-27,09g30,CS1,C6-103,100,100,50,"CH4079(50), GK5035(50)",1.0
2025-12-27,09g30,CS1,C6-102,100,27,50,"CH4079(21), GK5035(6)",0.27
2025-12-27,09g30,CS2,H2-201,156,153,82,"CH4079(82), EN2033(71)",0.9807692307692307
2025-12-27,09g30,CS2,H2-301,156,82,82,CH4079(82),0.5256410256410257
2025-12-27,09g30,CS2,H2-306,156,82,82,CH4079(82),0.5256410256410257
2025-12-27,09g30,CS2,H2-401,156,82,82,CH4079(82),0.5256410256410257
2025-12-27,09g30,CS2,H2-406,156,82,82,CH4079(82),0.5256410256410257
2025-12-27,09g30,CS2,H2-206,156,16,82,CH4079(16),0.10256410256410256
2025-12-27,13g00,CS1,B4-505,120,120,63,"CO3005(63), CH2027(53), IM5065(4)",1.0
2025-12-27,13g00,CS1,B4-406,108,108,57,"ME5259(20), CH5767(19), CI5779(19), CO5083(18), IM5065(18), CI5141(14)",1.0
2025-12-27,13g00,CS1,C6-103,100,43,50,"CO3005(14), ME5079(10), CI5273(8), TR5065(8), CI5141(3)",0.43
2025-12-27,13g00,CS2,H2-201,156,156,82,"CO3005(82), CH2027(74)",1.0
2025-12-27,13g00,CS2,H2-406,156,156,82,"CO3005(82), CH2027(74)",1.0
2025-12-27,13g00,CS2,H2-401,156,132,82,"CO3005(82), EE3169(47), CH2027(3)",0.8461538461538461
2025-12-27,13g00,CS2,H2-306,156,9,82,CO3005(9),0.057692307692307696
2025-12-27,15g30,CS1,B4-505,120,120,63,"GE1013(63), GK5933(57)",1.0
2025-12-27,15g30,CS1,B4-406,108,49,57,"GE1013(41), GK5933(8)",0.4537037037037037
2025-12-27,15g30,CS2,H2-201,156,82,82,GE1013(82),0.5256410256410257
2025-12-27,15g30,CS2,H2-401,156,82,82,GE1013(82),0.5256410256410257
2025-12-27,15g30,CS2,H2-406,156,82,82,GE1013(82),0.5256410256410257
2025-12-27,15g30,CS2,H2-306,156,36,82,GE1013(36),0.23076923076923078
2025-12-28,07g00,CS1,B4-505,120,63,63,IM1023(63),0.525
2025-12-28,07g00,CS1,B4-406,108,57,57,IM1023(57),0.5277777777777778
2025-12-28,07g00,CS1,C6-103,100,7,50,IM1023(7),0.07
2025-12-28,07g00,CS2,H2-201,156,82,82,IM1023(82),0.5256410256410257
2025-12-28,07g00,CS2,H2-406,156,77,82,IM1023(77),0.4935897435897436
2025-12-28,09g30,CS1,B4-505,120,63,63,AS5113(63),0.525
2025-12-28,09g30,CS1,B4-406,108,57,57,AS5113(57),0.5277777777777778
2025-12-28,09g30,CS1,C6-102,100,50,50,AS5113(50),0.5
2025-12-28,09g30,CS1,C6-103,100,50,50,AS5113(50),0.5
2025-12-28,09g30,CS1,B1-208,84,44,44,AS5113(44),0.5238095238095238
2025-12-28,09g30,CS1,B1-306,84,44,44,AS5113(44),0.5238095238095238
2025-12-28,09g30,CS1,B4-501,80,42,42,AS5113(42),0.525
2025-12-28,09g30,CS1,C4-502,80,42,42,AS5113(42),0.525
2025-12-28,09g30,CS1,C5-303,80,42,42,AS5113(42),0.525
2025-12-28,09g30,CS1,B4-306,80,28,42,AS5113(28),0.35
2025-12-28,13g00,CS1,B4-505,120,120,63,"CO3093(63), ME2019(57)",1.0
2025-12-28,13g00,CS1,B4-406,108,94,57,"CO3093(57), EE2009(23), ME2019(14)",0.8703703703703703
2025-12-28,13g00,CS1,C6-102,100,50,50,CO3093(50),0.5
2025-12-28,13g00,CS1,C6-103,100,50,50,CO3093(50),0.5
2025-12-28,13g00,CS1,B1-208,84,44,44,CO3093(44),0.5238095238095238
2025-12-28,13g00,CS1,B1-306,84,44,44,CO3093(44),0.5238095238095238
2025-12-28,13g00,CS1,B4-501,80,42,42,CO3093(42),0.525
2025-12-28,13g00,CS1,C4-502,80,42,42,CO3093(42),0.525
2025-12-28,13g00,CS1,C5-303,80,42,42,CO3093(42),0.525
2025-12-28,13g00,CS1,B4-306,80,38,42,CO3093(38),0.475
2025-12-28,13g00,CS2,H2-201,156,156,82,"CO3093(82), EE2009(74)",1.0
2025-12-28,13g00,CS2,H2-401,156,156,82,"CO3093(82), ME2019(74)",1.0
2025-12-28,13g00,CS2,H2-406,156,156,82,"CO3093(82), EE2009(74)",1.0
2025-12-28,13g00,CS2,H2-306,156,135,82,"CO3093(82), EE2009(28), ME2019(25)",0.8653846153846154
2025-12-28,13g00,CS2,H2-301,156,82,82,CO3093(82),0.5256410256410257
2025-12-28,13g00,CS2,H2-206,156,70,82,CO3093(70),0.44871794871794873
2025-12-28,15g30,CS1,B4-505,120,115,63,"GK5011(63), CI5259(19), CO5317(16), EN5083(11), MA5079(6)",0.9583333333333334
2025-12-28,15g30,CS1,B4-406,108,57,57,GK5011(57),0.5277777777777778
2025-12-28,15g30,CS1,C6-103,100,11,50,GK5011(11),0.11
2025-12-29,07g00,CS1,B4-505,120,120,63,"CH2043(63), ME2005(57)",1.0
2025-12-29,07g00,CS1,B4-406,108,108,57,"EN1003(57), CH2043(51)",1.0
2025-12-29,07g00,CS1,C6-102,100,100,50,"CH2043(50), CO3115(50)",1.0
2025-12-29,07g00,CS1,C6-103,100,100,50,"EN1003(50), ME2005(50)",1.0
2025-12-29,07g00,CS1,B1-208,84,84,44,"CH2007(44), ME4607(40)",1.0
2025-12-29,07g00,CS1,B1-306,84,84,44,"ME2005(34), CH4091(29), EN1003(21)",1.0
2025-12-29,07g00,CS1,C4-502,80,80,42,"AS3103(17), CH2009(17), CH4143(15), CH2043(14), AS3097(11), ME4607(6)",1.0
2025-12-29,07g00,CS1,C5-303,80,26,42,"CH2007(9), CO3115(6), EN1003(6), ME4607(5)",0.325
2025-12-29,07g00,CS2,H2-201,156,156,82,"EN1003(82), ME2005(74)",1.0
2025-12-29,07g00,CS2,H2-206,156,156,82,"CH2043(82), ME2005(74)",1.0
2025-12-29,07g00,CS2,H2-301,156,156,82,"ME4607(82), CH2009(74)",1.0
2025-12-29,07g00,CS2,H2-306,156,156,82,"EN1003(82), ME2005(74)",1.0
2025-12-29,07g00,CS2,H2-401,156,156,82,"EN1003(82), ME2005(74)",1.0
2025-12-29,07g00,CS2,H2-406,156,156,82,"EN1003(82), ME2005(74)",1.0
2025-12-29,07g00,CS2,H6-811,150,150,79,"EN1003(79), CH2009(71)",1.0
2025-12-29,07g00,CS2,H6-308,144,144,76,"ME4607(76), CH2043(68)",1.0
2025-12-29,07g00,CS2,H3-306,142,142,75,"CH2043(29), CH4143(28), ME4607(28), MA3007(22), TR2011(22), CH4091(13)",1.0
2025-12-29,07g00,CS2,H3-401,142,142,75,"AS3103(39), CH2009(39), CI3233(38), ME3027(26)",1.0
2025-12-29,07g00,CS2,H3-406,142,142,75,"GE3015(51), IU4015(45), EN3205(44), AS3103(2)",1.0
2025-12-29,07g00,CS2,H3-501,142,142,75,"EN1003(65), CH2007(63), IU4015(14)",1.0
2025-12-29,07g00,CS2,H3-506,142,142,75,"CO3115(75), ME2005(67)",1.0
2025-12-29,07g00,CS2,H3-301,142,34,75,"CI3057(15), ME3027(8), ME2005(6), CO3115(3), CH4091(2)",0.23943661971830985
2025-12-29,09g30,CS1,B4-505,120,63,63,LA3025(63),0.525
2025-12-29,09g30,CS1,B4-406,108,45,57,LA3025(45),0.4166666666666667
2025-12-29,13g00,CS1,B4-505,120,120,63,"CO1007(63), ME2007(57)",1.0
2025-12-29,13g00,CS1,B4-406,108,108,57,"CO1007(57), ME2007(51)",1.0
2025-12-29,13g00,CS1,C6-102,100,100,50,"CO1007(50), ME2007(48), EE3013(2)",1.0
2025-12-29,13g00,CS1,C6-103,100,100,50,"EE3013(50), IM3051(50)",1.0
2025-12-29,13g00,CS1,B1-208,84,84,44,"EE3013(44), CI2037(30), EE2415(10)",1.0
2025-12-29,13g00,CS1,B1-306,84,41,44,"IM3051(17), EE2415(14), CO1007(9), EE3013(1)",0.4880952380952381
2025-12-29,13g00,CS2,H2-201,156,156,82,"ME2007(82), CO1007(74)",1.0
2025-12-29,13g00,CS2,H2-206,156,156,82,"ME2007(79), IM3051(75), CI2037(2)",1.0
2025-12-29,13g00,CS2,H2-301,156,156,82,"EE3013(82), CO1007(74)",1.0
2025-12-29,13g00,CS2,H2-306,156,156,82,"IM3051(82), ME2007(74)",1.0
2025-12-29,13g00,CS2,H2-401,156,156,82,"ME2007(82), CO1007(74)",1.0
2025-12-29,13g00,CS2,H2-406,156,156,82,"ME2007(82), IM3051(74)",1.0
2025-12-29,13g00,CS2,H6-811,150,150,79,"CI2037(68), EE3013(66), ME4313(16)",1.0
2025-12-29,13g00,CS2,H6-308,144,144,76,"EE3019(60), EE3111(53), ME4313(31)",1.0
2025-12-29,13g00,CS2,H3-506,142,67,75,"CH3349(30), CO1007(23), ME4313(14)",0.47183098591549294
2025-12-29,18g15,CS1,B4-505,120,120,63,"GK5009(63), GK5037(57)",1.0
2025-12-29,18g15,CS1,B4-406,108,108,57,"GK5007(57), GK5009(51)",1.0
2025-12-29,18g15,CS1,C6-103,100,58,50,"CO5157(38), GK5037(17), GK5009(3)",0.58
2025-12-30,07g00,CS1,B4-505,120,120,63,"CO2013(63), CI2001(57)",1.0
2025-12-30,07g00,CS1,B4-406,108,108,57,"CO2013(57), LA1015(51)",1.0
2025-12-30,07g00,CS1,C6-102,100,100,50,"CO2013(50), EE2019(50)",1.0
2025-12-30,07g00,CS1,C6-103,100,100,50,"CI2001(50), CO2013(50)",1.0
2025-12-30,07g00,CS1,B1-208,84,84,44,"CO2013(44), LA1015(40)",1.0
2025-12-30,07g00,CS1,B1-306,84,84,44,"CO2013(44), CI2001(40)",1.0
2025-12-30,07g00,CS1,B4-305,80,80,42,"EE4443(36), CI2001(26), ME3033(18)",1.0
2025-12-30,07g00,CS1,B4-306,80,80,42,"CO2013(42), LA1015(38)",1.0
2025-12-30,07g00,CS1,B4-501,80,80,42,"EE2019(42), CI2001(38)",1.0
2025-12-30,07g00,CS1,B6-306,80,80,42,"EE2019(23), AS2009(22), AS3147(17), LA1015(14), CO2013(4)",1.0
2025-12-30,07g00,CS1,C4-502,80,80,42,"CO2013(42), EE2019(38)",1.0
2025-12-30,07g00,CS1,C5-303,80,80,42,"CO2013(42), LA1015(38)",1.0
2025-12-30,07g00,CS1,C5-401,80,23,42,"GE2051(9), ME3033(8), CO2013(6)",0.2875
2025-12-30,07g00,CS2,H2-201,156,156,82,"CI2001(82), CO2013(74)",1.0
2025-12-30,07g00,CS2,H2-206,156,156,82,"CO2013(82), EE2019(74)",1.0
2025-12-30,07g00,CS2,H2-301,156,156,82,"EE2019(82), CI2001(74)",1.0
2025-12-30,07g00,CS2,H2-306,156,156,82,"CI2001(82), CO2013(74)",1.0
2025-12-30,07g00,CS2,H2-401,156,156,82,"CO2013(82), EE2019(74)",1.0
2025-12-30,07g00,CS2,H2-406,156,156,82,"CI2001(82), EE2019(74)",1.0
2025-12-30,07g00,CS2,H6-811,150,150,79,"CI2007(79), CI2001(71)",1.0
2025-12-30,07g00,CS2,H6-308,144,144,76,"IU2001(76), ME2151(68)",1.0
2025-12-30,07g00,CS2,H3-201,142,142,75,"CO2013(37), GE3215(35), CI3163(33), MA2007(31), EE2019(6)",1.0
2025-12-30,07g00,CS2,H3-301,142,142,75,"AS3147(50), ME2151(49), ME3033(43)",1.0
2025-12-30,07g00,CS2,H3-306,142,142,75,"CI3231(62), TR2037(58), CI3163(22)",1.0
2025-12-30,07g00,CS2,H3-401,142,142,75,"IU2001(72), AS2009(64), TR2037(6)",1.0
2025-12-30,07g00,CS2,H3-406,142,142,75,"EE3201(75), GE2051(67)",1.0
2025-12-30,07g00,CS2,H3-501,142,142,75,"CI2001(75), CI2007(67)",1.0
2025-12-30,07g00,CS2,H3-506,142,142,75,"CO2013(75), EE2019(67)",1.0
2025-12-30,07g00,CS2,H1-101,138,138,73,"GE2067(30), AS3035(29), MA3085(26), MA3107(25), EE2019(24), CI2007(4)",1.0
2025-12-30,07g00,CS2,H1-104,138,53,73,"CI2001(18), CI2007(18), GE2051(7), EE3201(5), ME3033(5)",0.38405797101449274
2025-12-30,09g30,CS1,B4-505,120,63,63,SP1037(63),0.525
2025-12-30,09g30,CS1,B4-406,108,57,57,SP1037(57),0.5277777777777778
2025-12-30,09g30,CS1,C6-102,100,50,50,SP1037(50),0.5
2025-12-30,09g30,CS1,C6-103,100,50,50,SP1037(50),0.5
2025-12-30,09g30,CS1,B1-208,84,44,44,SP1037(44),0.5238095238095238
2025-12-30,09g30,CS1,B1-306,84,44,44,SP1037(44),0.5238095238095238
2025-12-30,09g30,CS1,B4-305,80,42,42,SP1037(42),0.525
2025-12-30,09g30,CS1,B4-306,80,42,42,SP1037(42),0.525
2025-12-30,09g30,CS1,B4-501,80,42,42,SP1037(42),0.525
2025-12-30,09g30,CS1,B6-306,80,42,42,SP1037(42),0.525
2025-12-30,09g30,CS1,C4-502,80,42,42,SP1037(42),0.525
2025-12-30,09g30,CS1,C5-303,80,42,42,SP1037(42),0.525
2025-12-30,09g30,CS1,C5-401,80,42,42,SP1037(42),0.525
2025-12-30,09g30,CS1,C5-403,80,41,42,SP1037(41),0.5125
2025-12-30,09g30,CS2,H2-201,156,82,82,SP1037(82),0.5256410256410257
2025-12-30,09g30,CS2,H2-206,156,82,82,SP1037(82),0.5256410256410257
2025-12-30,09g30,CS2,H2-301,156,82,82,SP1037(82),0.5256410256410257
2025-12-30,09g30,CS2,H2-306,156,82,82,SP1037(82),0.5256410256410257
2025-12-30,09g30,CS2,H2-401,156,82,82,SP1037(82),0.5256410256410257
2025-12-30,09g30,CS2,H2-406,156,82,82,SP1037(82),0.5256410256410257
2025-12-30,09g30,CS2,H6-811,150,79,79,SP1037(79),0.5266666666666666
2025-12-30,09g30,CS2,H6-308,144,76,76,SP1037(76),0.5277777777777778
2025-12-30,09g30,CS2,H3-201,142,75,75,SP1037(75),0.528169014084507
2025-12-30,09g30,CS2,H3-301,142,75,75,SP1037(75),0.528169014084507
2025-12-30,09g30,CS2,H3-306,142,75,75,SP1037(75),0.528169014084507
2025-12-30,09g30,CS2,H3-401,142,75,75,SP1037(75),0.528169014084507
2025-12-30,09g30,CS2,H3-406,142,75,75,SP1037(75),0.528169014084507
2025-12-30,09g30,CS2,H3-501,142,75,75,SP1037(75),0.528169014084507
2025-12-30,09g30,CS2,H3-506,142,75,75,SP1037(75),0.528169014084507
2025-12-30,09g30,CS2,H1-101,138,73,73,SP1037(73),0.5289855072463768
2025-12-30,09g30,CS2,H1-104,138,73,73,SP1037(73),0.5289855072463768
2025-12-30,09g30,CS2,H1-307,135,71,71,SP1037(71),0.5259259259259259
2025-12-30,09g30,CS2,H2-207,135,71,71,SP1037(71),0.5259259259259259
2025-12-30,09g30,CS2,H6-311,135,71,71,SP1037(71),0.5259259259259259
2025-12-30,09g30,CS2,H1-204,129,68,68,SP1037(68),0.5271317829457365
2025-12-30,09g30,CS2,H6-113,129,68,68,SP1037(68),0.5271317829457365
2025-12-30,09g30,CS2,H6-305,129,68,68,SP1037(68),0.5271317829457365
2025-12-30,09g30,CS2,H1-401,126,66,66,SP1037(66),0.5238095238095238
2025-12-30,09g30,CS2,H6-211,126,66,66,SP1037(66),0.5238095238095238
2025-12-30,09g30,CS2,H1-404,126,36,66,SP1037(36),0.2857142857142857
2025-12-30,13g00,CS1,B4-505,120,120,63,"CO2103(63), CH4125(57)",1.0
2025-12-30,13g00,CS1,B4-406,108,108,57,"CO2103(57), CH4125(51)",1.0
2025-12-30,13g00,CS1,C6-103,100,100,50,"AS2003(44), EE4423(44), CH2111(12)",1.0
2025-12-30,13g00,CS1,C6-102,100,85,50,"IM3093(35), CH2111(25), CO2103(19), CH4125(6)",0.85
2025-12-30,13g00,CS2,H2-201,156,156,82,"CH4125(82), CO2103(74)",1.0
2025-12-30,13g00,CS2,H2-401,156,156,82,"AS2003(63), CH4125(60), CH2111(33)",1.0
2025-12-30,13g00,CS2,H2-406,156,156,82,"CH4125(82), IM3093(74)",1.0
2025-12-30,13g00,CS2,H2-306,156,65,82,"CO2103(37), IM3093(18), CH2111(10)",0.4166666666666667
2025-12-30,15g30,CS1,B4-505,120,21,63,CO3085(21),0.175
2025-12-30,15g30,CS2,H2-201,156,144,82,"EE3129(82), CO3085(62)",0.9230769230769231
2025-12-30,15g30,CS2,H2-406,156,7,82,EE3129(7),0.04487179487179487
2025-12-30,18g15,CS1,B4-505,120,63,63,GK5041(63),0.525
2025-12-30,18g15,CS1,B4-406,108,24,57,GK5041(24),0.2222222222222222
2025-12-31,07g00,CS1,B4-505,120,120,63,"CO3001(63), MT2015(57)",1.0
2025-12-31,07g00,CS1,B4-406,108,108,57,"CO3001(57), CH3133(51)",1.0
2025-12-31,07g00,CS1,C6-102,100,100,50,"CH3133(50), CO3001(50)",1.0
2025-12-31,07g00,CS1,C6-103,100,100,50,"CO3001(50), MT2015(50)",1.0
2025-12-31,07g00,CS1,B1-208,84,84,44,"CO3001(44), MT2015(40)",1.0
2025-12-31,07g00,CS1,B1-306,84,84,44,"CO3001(44), CI2137(40)",1.0
2025-12-31,07g00,CS1,B4-305,80,80,42,"CO3001(42), ME4135(38)",1.0
2025-12-31,07g00,CS1,B4-306,80,80,42,"CO3001(42), MT2015(38)",1.0
2025-12-31,07g00,CS1,B4-501,80,80,42,"CO3001(42), IM3105(38)",1.0
2025-12-31,07g00,CS1,B6-306,80,80,42,"CH3003(34), CI2137(33), EE2039(13)",1.0
2025-12-31,07g00,CS1,C4-502,80,80,42,"CO3001(42), CH2017(38)",1.0
2025-12-31,07g00,CS1,C5-303,80,80,42,"CO3001(42), CH3133(38)",1.0
2025-12-31,07g00,CS1,C5-401,80,80,42,"CH2017(19), EE2039(16), AS3029(15), CH3133(15), EN3073(14), MA1003(1)",1.0
2025-12-31,07g00,CS1,C5-403,80,38,42,"MA1003(13), IM3105(12), MT2015(10), ME4135(2), CO3001(1)",0.475
2025-12-31,07g00,CS2,H2-201,156,156,82,"CO3001(82), EE2039(74)",1.0
2025-12-31,07g00,CS2,H2-206,156,156,82,"MA1003(82), CI2137(74)",1.0
2025-12-31,07g00,CS2,H2-301,156,156,82,"EE2039(82), CO3001(74)",1.0
2025-12-31,07g00,CS2,H2-306,156,156,82,"CO3001(82), CH3133(74)",1.0
2025-12-31,07g00,CS2,H2-401,156,156,82,"CO3001(82), IM3105(74)",1.0
2025-12-31,07g00,CS2,H2-406,156,156,82,"CO3001(82), CI2137(74)",1.0
2025-12-31,07g00,CS2,H6-811,150,150,79,"IM3105(79), CH3133(71)",1.0
2025-12-31,07g00,CS2,H6-308,144,144,76,"IU2035(76), CO3001(68)",1.0
2025-12-31,07g00,CS2,H3-201,142,142,75,"ME3225(39), ME4311(39), IU3011(37), AS3029(27)",1.0
2025-12-31,07g00,CS2,H3-301,142,142,75,"EN3073(44), EE2039(42), MA1003(41), MA4067(15)",1.0
2025-12-31,07g00,CS2,H3-306,142,142,75,"IU2035(52), CO3001(50), EE3067(40)",1.0
2025-12-31,07g00,CS2,H3-401,142,142,75,"CH3003(67), CH2017(58), ME3225(17)",1.0
2025-12-31,07g00,CS2,H3-406,142,142,75,"GE2001(75), IM3105(67)",1.0
2025-12-31,07g00,CS2,H3-501,142,142,75,"CI2137(75), CH3133(67)",1.0
2025-12-31,07g00,CS2,H3-506,142,142,75,"EE2039(75), MA1003(67)",1.0
2025-12-31,07g00,CS2,H1-101,138,138,73,"CI2137(30), TR3059(28), ME4135(25), MA4067(24), TR3133(24), CH3133(7)",1.0
2025-12-31,07g00,CS2,H1-104,138,43,73,"CH3133(12), IM3105(12), AS3029(7), EE3067(7), GE2001(5)",0.3115942028985507
2025-12-31,09g30,CS1,B4-505,120,120,63,"ME2003(63), LA4007(57)",1.0
2025-12-31,09g30,CS1,B4-406,108,65,57,"ME2003(57), LA4007(8)",0.6018518518518519
2025-12-31,09g30,CS1,C6-103,100,50,50,ME2003(50),0.5
2025-12-31,09g30,CS2,H2-201,156,99,82,"ME2003(82), EE3127(17)",0.6346153846153846
2025-12-31,09g30,CS2,H2-301,156,82,82,ME2003(82),0.5256410256410257
2025-12-31,09g30,CS2,H2-306,156,82,82,ME2003(82),0.5256410256410257
2025-12-31,09g30,CS2,H2-401,156,82,82,ME2003(82),0.5256410256410257
2025-12-31,09g30,CS2,H2-406,156,82,82,ME2003(82),0.5256410256410257
2025-12-31,09g30,CS2,H2-206,156,15,82,ME2003(15),0.09615384615384616
2025-12-31,13g00,CS1,B4-505,120,120,63,"MT1009(63), SP1043(57)",1.0
2025-12-31,13g00,CS1,B4-406,108,108,57,"MT1009(57), EE3401(45), SP1043(6)",1.0
2025-12-31,13g00,CS1,C6-103,100,100,50,"MT1009(50), SP1043(32), ME3013(18)",1.0
2025-12-31,13g00,CS1,C6-102,100,81,50,"MT1009(50), ME4007(23), ME3013(8)",0.81
2025-12-31,13g00,CS1,B1-208,84,44,44,MT1009(44),0.5238095238095238
2025-12-31,13g00,CS2,H2-201,156,156,82,"MT1009(82), ME3013(74)",1.0
2025-12-31,13g00,CS2,H2-401,156,156,82,"MT1009(82), ME3013(48), EE3087(26)",1.0
2025-12-31,13g00,CS2,H2-406,156,156,82,"MT1009(82), ME4007(61), EE3087(13)",1.0
2025-12-31,13g00,CS2,H2-306,156,116,82,"MT1009(82), ME3007(24), EE3087(10)",0.7435897435897436
2025-12-31,13g00,CS2,H2-206,156,82,82,MT1009(82),0.5256410256410257
2025-12-31,13g00,CS2,H2-301,156,82,82,MT1009(82),0.5256410256410257
2025-12-31,13g00,CS2,H6-811,150,79,79,MT1009(79),0.5266666666666666
2025-12-31,13g00,CS2,H6-308,144,76,76,MT1009(76),0.5277777777777778
2025-12-31,13g00,CS2,H3-501,142,75,75,MT1009(75),0.528169014084507
2025-12-31,13g00,CS2,H3-506,142,75,75,MT1009(75),0.528169014084507
2025-12-31,13g00,CS2,H3-406,142,41,75,MT1009(41),0.2887323943661972
2025-12-31,15g30,CS1,B4-505,120,108,63,"CH2053(63), CO3029(45)",0.9
2025-12-31,15g30,CS1,B4-406,108,57,57,CH2053(57),0.5277777777777778
2025-12-31,15g30,CS1,C6-103,100,26,50,CH2053(26),0.26
2025-12-31,15g30,CS2,H2-201,156,156,82,"CO3029(82), CH2053(74)",1.0
2025-12-31,15g30,CS2,H2-406,156,156,82,"CO3029(82), CH2053(74)",1.0
2025-12-31,15g30,CS2,H2-401,156,82,82,"CO3029(61), CH2053(21)",0.5256410256410257
2025-12-31,18g15,CS1,B4-505,120,64,63,"CO5159(42), IM5129(14), CH5665(8)",0.5333333333333333
2026-01-02,07g00,CS1,B4-505,120,120,63,"CO2011(63), EE2081(57)",1.0
2026-01-02,07g00,CS1,B4-406,108,108,57,"CO2011(57), CH2003(51)",1.0
2026-01-02,07g00,CS1,C6-102,100,100,50,"CO2011(50), EE2081(50)",1.0
2026-01-02,07g00,CS1,C6-103,100,100,50,"CH2003(50), CO2011(50)",1.0
2026-01-02,07g00,CS1,B1-208,84,84,44,"CO2011(44), CH2003(40)",1.0
2026-01-02,07g00,CS1,B1-306,84,84,44,"CO2011(44), EE2081(40)",1.0
2026-01-02,07g00,CS1,B1-311,80,80,42,"CI2003(30), EE3117(24), CH4101(23), EE3089(3)",1.0
2026-01-02,07g00,CS1,B4-305,80,80,42,"CH2003(42), EE2081(38)",1.0
2026-01-02,07g00,CS1,B4-306,80,80,42,"EE2015(42), TR3001(38)",1.0
2026-01-02,07g00,CS1,B4-501,80,80,42,"CI2003(42), CO2011(38)",1.0
2026-01-02,07g00,CS1,B6-306,80,80,42,"CI2003(42), CO2011(38)",1.0
2026-01-02,07g00,CS1,C4-502,80,80,42,"CO2011(42), CH2003(38)",1.0
2026-01-02,07g00,CS1,C5-303,80,80,42,"CO2011(42), EE2081(38)",1.0
2026-01-02,07g00,CS1,C5-401,80,80,42,"EE3089(42), ME4133(38)",1.0
2026-01-02,07g00,CS1,C5-403,80,80,42,"TR3001(42), CI1003(38)",1.0
2026-01-02,07g00,CS1,C5-502,80,80,42,"EE2015(42), EE2081(38)",1.0
2026-01-02,07g00,CS1,C5-503,80,80,42,"CH2003(39), CO2011(33), CH4101(8)",1.0
2026-01-02,07g00,CS1,B4-502,80,41,42,"EE3089(14), ME4133(13), CI1003(6), TR3001(5), EE2081(2), EE2015(1)",0.5125
2026-01-02,07g00,CS2,H2-201,156,156,82,"CI2003(82), CO2011(74)",1.0
2026-01-02,07g00,CS2,H2-206,156,156,82,"CI2003(82), EE2081(74)",1.0
2026-01-02,07g00,CS2,H2-301,156,156,82,"CI2003(82), CO2011(74)",1.0
2026-01-02,07g00,CS2,H2-306,156,156,82,"CI2003(82), EE2081(74)",1.0
2026-01-02,07g00,CS2,H2-401,156,156,82,"CI2003(82), CO2011(74)",1.0
2026-01-02,07g00,CS2,H2-406,156,156,82,"CI2003(82), EE2081(74)",1.0
2026-01-02,07g00,CS2,H6-811,150,150,79,"CI2003(79), CO2011(71)",1.0
2026-01-02,07g00,CS2,H6-308,144,144,76,"CI2003(76), CH2003(68)",1.0
2026-01-02,07g00,CS2,H3-201,142,142,75,"CO2011(75), CH4101(67)",1.0
2026-01-02,07g00,CS2,H3-301,142,142,75,"CI2003(75), EE2015(67)",1.0
2026-01-02,07g00,CS2,H3-306,142,142,75,"EE2081(75), CH2003(67)",1.0
2026-01-02,07g00,CS2,H3-401,142,142,75,"EE2015(75), CO2011(67)",1.0
2026-01-02,07g00,CS2,H3-406,142,142,75,"CH2003(75), CI2003(67)",1.0
2026-01-02,07g00,CS2,H3-501,142,142,75,"EE2081(75), CO2011(67)",1.0
2026-01-02,07g00,CS2,H3-506,142,142,75,"CI2003(75), EE2015(67)",1.0
2026-01-02,07g00,CS2,H1-101,138,138,73,"EE2081(73), CH2003(65)",1.0
2026-01-02,07g00,CS2,H1-104,138,138,73,"EE3117(60), TR3001(58), CI2003(20)",1.0
2026-01-02,07g00,CS2,H1-307,135,135,71,"ME4133(46), EE2015(37), EE3017(27), CI2003(25)",1.0
2026-01-02,07g00,CS2,H2-207,135,79,71,"EE3089(26), CO2011(19), CH4101(14), CH2003(13), EE2081(6), CI2003(1)",0.5851851851851851
2026-01-02,09g30,CS1,B4-505,120,62,63,"MA3019(21), MA2033(15), AS3093(13), MA4139(10), AS2049(3)",0.5166666666666667
2026-01-02,09g30,CS2,H2-201,156,156,82,"MA2033(82), GE2053(74)",1.0
2026-01-02,09g30,CS2,H2-306,156,156,82,"GE2065(30), EN3207(28), MA4125(26), TR4021(22), IM4001(15), CO3033(13), MA2033(13), GE3137(9)",1.0
2026-01-02,09g30,CS2,H2-401,156,156,82,"ME4615(64), ME2065(55), GE3137(37)",1.0
2026-01-02,09g30,CS2,H2-406,156,156,82,"MA2033(82), ME2113(69), ME4615(5)",1.0
2026-01-02,09g30,CS2,H2-301,156,4,82,GE2053(4),0.02564102564102564
2026-01-02,13g00,CS1,B4-505,120,120,63,"ME2089(63), IM3047(57)",1.0
2026-01-02,13g00,CS1,B4-406,108,108,57,"ME2089(57), AS1003(45), EE2035(6)",1.0
2026-01-02,13g00,CS1,C6-103,100,100,50,"CH3341(43), IM3047(40), EE2035(17)",1.0
2026-01-02,13g00,CS1,C6-102,100,79,50,"CH3351(32), EE2035(22), ME2089(13), CO3067(12)",0.79
2026-01-02,13g00,CS2,H2-201,156,156,82,"IM3047(82), ME2089(74)",1.0
2026-01-02,13g00,CS2,H2-206,156,156,82,"AS1003(82), IM3047(74)",1.0
2026-01-02,13g00,CS2,H2-301,156,156,82,"ME2089(82), EE2035(74)",1.0
2026-01-02,13g00,CS2,H2-306,156,156,82,"EE2035(82), IM3047(74)",1.0
2026-01-02,13g00,CS2,H2-401,156,156,82,"IM3047(82), ME2089(74)",1.0
2026-01-02,13g00,CS2,H2-406,156,156,82,"IM3047(82), ME2089(74)",1.0
2026-01-02,13g00,CS2,H6-811,150,150,79,"CH3351(64), PH2001(59), ME2089(27)",1.0
2026-01-02,13g00,CS2,H6-308,144,144,76,"CI4145(50), CO3067(49), CH3341(42), EE2035(3)",1.0
2026-01-02,13g00,CS2,H3-506,142,95,75,"ME2089(27), EE2035(25), IU3067(20), AS1003(16), IM3047(7)",0.6690140845070423
2026-01-02,15g30,CS1,B4-505,120,63,63,CO3061(63),0.525
2026-01-02,15g30,CS1,B4-406,108,57,57,CO3061(57),0.5277777777777778
2026-01-02,15g30,CS1,C6-103,100,16,50,CO3061(16),0.16
2026-01-02,15g30,CS2,H2-201,156,82,82,CO3061(82),0.5256410256410257
2026-01-02,15g30,CS2,H2-406,156,78,82,CO3061(78),0.5
2026-01-02,18g15,CS1,B4-505,120,120,63,"CH5711(58), CO5175(41), CO5111(21)",1.0
2026-01-02,18g15,CS1,B4-406,108,65,57,"CH5747(28), CI5777(16), MA5071(12), CO5111(9)",0.6018518518518519
2026-01-03,07g00,CS1,B4-505,120,120,63,"CO5097(63), MT1013(57)",1.0
2026-01-03,07g00,CS1,B4-406,108,108,57,"CO5097(44), ME3005(40), CO4033(24)",1.0
2026-01-03,07g00,CS1,C6-103,100,100,50,"IM4003(27), CI5239(26), TR4057(18), CH3131(15), AS3031(13), MT1013(1)",1.0
2026-01-03,07g00,CS1,C6-102,100,59,50,"EE3189(11), MT1013(11), MA2037(10), MA4065(7), CO4033(6), EE3035(5), EN5075(5), ME5091(4)",0.59
2026-01-03,07g00,CS2,H2-201,156,156,82,"IM4003(82), IU2031(74)",1.0
2026-01-03,07g00,CS2,H2-206,156,156,82,"ME3005(35), EE3101(32), TR3039(32), CO4033(28), EN3211(25), CI4159(4)",1.0
2026-01-03,07g00,CS2,H2-301,156,156,82,"GE4091(50), AS3031(39), CH4107(38), EN2065(29)",1.0
2026-01-03,07g00,CS2,H2-306,156,156,82,"IU2031(59), EE3035(58), IM4003(39)",1.0
2026-01-03,07g00,CS2,H2-401,156,156,82,"MA4065(64), CI3237(60), CO4033(32)",1.0
2026-01-03,07g00,CS2,H2-406,156,156,82,"EN2065(82), CH3131(74)",1.0
2026-01-03,07g00,CS2,H6-811,150,50,79,"IM4003(14), CI4159(12), CH4063(11), EN2065(8), CH3131(4), GE3203(1)",0.3333333333333333
2026-01-03,09g30,CS1,B4-505,120,63,63,SP1035(63),0.525
2026-01-03,09g30,CS1,B4-406,108,57,57,SP1035(57),0.5277777777777778
2026-01-03,09g30,CS1,C6-102,100,50,50,SP1035(50),0.5
2026-01-03,09g30,CS1,C6-103,100,50,50,SP1035(50),0.5
2026-01-03,09g30,CS1,B1-208,84,44,44,SP1035(44),0.5238095238095238
2026-01-03,09g30,CS1,B1-306,84,44,44,SP1035(44),0.5238095238095238
2026-01-03,09g30,CS1,B1-311,80,42,42,SP1035(42),0.525
2026-01-03,09g30,CS1,B4-305,80,42,42,SP1035(42),0.525
2026-01-03,09g30,CS1,B4-306,80,42,42,SP1035(42),0.525
2026-01-03,09g30,CS1,B4-501,80,42,42,SP1035(42),0.525
2026-01-03,09g30,CS1,B6-306,80,42,42,SP1035(42),0.525
2026-01-03,09g30,CS1,C4-502,80,42,42,SP1035(42),0.525
2026-01-03,09g30,CS1,C5-303,80,42,42,SP1035(42),0.525
2026-01-03,09g30,CS1,C5-401,80,42,42,SP1035(42),0.525
2026-01-03,09g30,CS1,C5-403,80,42,42,SP1035(42),0.525
2026-01-03,09g30,CS1,C5-502,80,42,42,SP1035(42),0.525
2026-01-03,09g30,CS1,C5-503,80,42,42,SP1035(42),0.525
2026-01-03,09g30,CS1,B4-502,80,32,42,SP1035(32),0.4
2026-01-03,09g30,CS2,H2-201,156,82,82,SP1035(82),0.5256410256410257
2026-01-03,09g30,CS2,H2-206,156,82,82,SP1035(82),0.5256410256410257
2026-01-03,09g30,CS2,H2-301,156,82,82,SP1035(82),0.5256410256410257
2026-01-03,09g30,CS2,H2-306,156,82,82,SP1035(82),0.5256410256410257
2026-01-03,09g30,CS2,H2-401,156,82,82,SP1035(82),0.5256410256410257
2026-01-03,09g30,CS2,H2-406,156,82,82,SP1035(82),0.5256410256410257
2026-01-03,09g30,CS2,H6-811,150,79,79,SP1035(79),0.5266666666666666
2026-01-03,09g30,CS2,H6-308,144,76,76,SP1035(76),0.5277777777777778
2026-01-03,09g30,CS2,H3-201,142,75,75,SP1035(75),0.528169014084507
2026-01-03,09g30,CS2,H3-301,142,75,75,SP1035(75),0.528169014084507
2026-01-03,09g30,CS2,H3-306,142,75,75,SP1035(75),0.528169014084507
2026-01-03,09g30,CS2,H3-401,142,75,75,SP1035(75),0.528169014084507
2026-01-03,09g30,CS2,H3-406,142,75,75,SP1035(75),0.528169014084507
2026-01-03,09g30,CS2,H3-501,142,75,75,SP1035(75),0.528169014084507
2026-01-03,09g30,CS2,H3-506,142,75,75,SP1035(75),0.528169014084507
2026-01-03,09g30,CS2,H1-101,138,73,73,SP1035(73),0.5289855072463768
2026-01-03,09g30,CS2,H1-104,138,73,73,SP1035(73),0.5289855072463768
2026-01-03,09g30,CS2,H1-307,135,71,71,SP1035(71),0.5259259259259259
2026-01-03,09g30,CS2,H2-207,135,71,71,SP1035(71),0.5259259259259259
2026-01-03,09g30,CS2,H6-311,135,69,71,SP1035(69),0.5111111111111111
2026-01-03,13g00,CS1,B4-505,120,120,63,"IM1019(63), CH5607(47), TR2039(10)",1.0
2026-01-03,13g00,CS1,B4-406,108,108,57,"IM1019(57), TR2039(32), CO5185(19)",1.0
2026-01-03,13g00,CS1,C6-103,100,80,50,"CI5253(22), IM1019(20), CH4087(16), CH5653(12), CO5185(10)",0.8
2026-01-03,13g00,CS2,H2-201,156,156,82,"IM1019(82), EN1005(74)",1.0
2026-01-03,13g00,CS2,H2-401,156,156,82,"IM1019(76), EE3171(33), CH4087(30), ME2071(17)",1.0
2026-01-03,13g00,CS2,H2-406,156,156,82,"IM1019(82), TR2039(57), CH4087(17)",1.0
2026-01-03,13g00,CS2,H2-306,156,23,82,"IU1005(11), EN1005(6), ME2071(6)",0.14743589743589744
2026-01-03,15g30,CS1,B4-505,120,63,63,CO3043(63),0.525
2026-01-03,15g30,CS1,B4-406,108,8,57,CO3043(8),0.07407407407407407
2026-01-03,15g30,CS2,H2-201,156,82,82,CO3043(82),0.5256410256410257
2026-01-03,15g30,CS2,H2-406,156,48,82,CO3043(48),0.3076923076923077
2026-01-04,07g00,CS1,B4-505,120,120,63,"IM1025(63), GK5033(57)",1.0
2026-01-04,07g00,CS1,B4-406,108,108,57,"IM1025(57), EE3411(51)",1.0
2026-01-04,07g00,CS1,C6-102,100,100,50,"IM1025(50), IM3073(49), AS2013(1)",1.0
2026-01-04,07g00,CS1,C6-103,100,100,50,"GK5033(50), IM1025(50)",1.0
2026-01-04,07g00,CS1,B1-208,84,84,44,"IM1025(44), AS2013(40)",1.0
2026-01-04,07g00,CS1,B1-306,84,84,44,"TR4087(42), CH4111(24), MA4079(18)",1.0
2026-01-04,07g00,CS1,C4-502,80,80,42,"IM1025(23), AS3075(21), CI2157(21), EE2419(15)",1.0
2026-01-04,07g00,CS1,C5-303,80,80,42,"PH1009(18), MA3139(17), PH2003(17), MA3113(15), CH2109(13)",1.0
2026-01-04,07g00,CS1,B4-501,80,46,42,"CH4115(10), EE3411(10), CI3259(6), MA4079(6), AS2013(5), MA4181(5), EE2419(3), CH2109(1)",0.575
2026-01-04,07g00,CS2,H2-201,156,156,82,"IM1025(82), ME4025(74)",1.0
2026-01-04,07g00,CS2,H2-206,156,156,82,"IM1025(82), PH2003(60), ME2139(14)",1.0
2026-01-04,07g00,CS2,H2-301,156,156,82,"IM1025(82), AS2013(66), ME2139(8)",1.0
2026-01-04,07g00,CS2,H2-306,156,156,82,"IM1025(82), ME4025(74)",1.0
2026-01-04,07g00,CS2,H2-401,156,156,82,"IM1025(82), AS2069(74)",1.0
2026-01-04,07g00,CS2,H2-406,156,156,82,"IM1025(82), IM3073(74)",1.0
2026-01-04,07g00,CS2,H6-811,150,150,79,"IM1025(79), CH4115(43), CH2109(28)",1.0
2026-01-04,07g00,CS2,H6-308,144,144,76,"IM1025(76), CI4139(42), GE2069(26)",1.0
2026-01-04,07g00,CS2,H3-406,142,142,75,"IM1025(64), CI4155(20), CI3259(19), GE2069(16), MA3089(16), CH2109(7)",1.0
2026-01-04,07g00,CS2,H3-501,142,142,75,"IM1025(75), TR4087(29), CI3263(26), CI4147(12)",1.0
2026-01-04,07g00,CS2,H3-506,142,142,75,"IM1025(75), ME2139(41), IU3057(26)",1.0
2026-01-04,07g00,CS2,H3-401,142,66,75,"CI4147(10), GE4033(10), IU3057(10), IM3073(8), MA4025(8), CH2109(7), MA2011(7), AS2069(6)",0.4647887323943662
2026-01-04,09g30,CS1,B4-505,120,120,63,"IM1013(63), CH5699(42), CI5405(15)",1.0
2026-01-04,09g30,CS1,B4-406,108,108,57,"CO5137(31), IM5111(28), EE5195(27), IM1013(22)",1.0
2026-01-04,09g30,CS1,C6-103,100,100,50,"CI5143(22), CI5405(22), CI5249(14), CH5741(13), EN5147(10), MA5067(8), ME5087(8), IM1013(3)",1.0
2026-01-04,09g30,CS1,C6-102,100,1,50,IM1013(1),0.01
2026-01-04,09g30,CS2,H2-201,156,82,82,IM1013(82),0.5256410256410257
2026-01-04,09g30,CS2,H2-406,156,76,82,IM1013(76),0.48717948717948717
2026-01-04,13g00,CS1,B4-505,120,120,63,"CO3117(63), CH3329(57)",1.0
2026-01-04,13g00,CS1,B4-406,108,108,57,"CO3117(57), EE3097(51)",1.0
2026-01-04,13g00,CS1,C6-102,100,100,50,"TR3011(50), CO3117(35), IM1031(15)",1.0
2026-01-04,13g00,CS1,C6-103,100,100,50,"CH3329(50), ME3003(50)",1.0
2026-01-04,13g00,CS1,B1-208,84,84,44,"EE2005(22), EE3097(22), EN3087(16), CH3329(12), IM1031(9), ME3003(3)",1.0
2026-01-04,13g00,CS1,B1-306,84,10,44,"ME3003(5), TR3011(5)",0.11904761904761904
2026-01-04,13g00,CS2,H2-201,156,156,82,"ME3003(82), CO3117(74)",1.0
2026-01-04,13g00,CS2,H2-206,156,156,82,"IM1031(77), EE3097(67), ME2049(12)",1.0
2026-01-04,13g00,CS2,H2-301,156,156,82,"CI4131(82), EE2005(74)",1.0
2026-01-04,13g00,CS2,H2-306,156,156,82,"CH3329(82), CO3117(74)",1.0
2026-01-04,13g00,CS2,H2-401,156,156,82,"EE3097(82), ME3003(74)",1.0
2026-01-04,13g00,CS2,H2-406,156,156,82,"ME3003(82), CI4131(74)",1.0
2026-01-04,13g00,CS2,H6-811,150,150,79,"EE1005(64), EE3011(63), ME3003(23)",1.0
2026-01-04,13g00,CS2,H6-308,144,144,76,"ME2049(54), EN3087(50), IM3077(40)",1.0
2026-01-04,13g00,CS2,H3-506,142,142,75,"CH3329(37), ME3003(37), CO3117(32), AS3061(25), CI4131(11)",1.0
2026-01-04,13g00,CS2,H3-501,142,27,75,"EE2005(16), CI4131(8), IM3077(3)",0.19014084507042253
2026-01-04,15g30,CS1,B4-505,120,102,63,"CO5173(63), CH5647(28), TR5069(11)",0.85
2026-01-04,15g30,CS1,B4-406,108,57,57,CO5173(57),0.5277777777777778
2026-01-04,15g30,CS1,C6-103,100,5,50,CO5173(5),0.05
