DATE_ONLY,TIME,CAMPUS,ROOM ID,ROOM_EXAM_CAPACITY,TOTAL_STUDENTS,NUM_MODULES,UTILIZATION
2025-12-15,07g00,CS1,B1-208,44,44,1,1.0
2025-12-15,07g00,CS1,B1-212,38,38,1,1.0
2025-12-15,07g00,CS1,B1-213,38,38,3,1.0
2025-12-15,07g00,CS1,B1-305,38,38,1,1.0
2025-12-15,07g00,CS1,B1-306,44,44,1,1.0
2025-12-15,07g00,CS1,B1-308,38,38,2,1.0
2025-12-15,07g00,CS1,B1-311,42,42,1,1.0
2025-12-15,07g00,CS1,B4-305,42,42,1,1.0
2025-12-15,07g00,CS1,B4-306,42,42,1,1.0
2025-12-15,07g00,CS1,B4-406,57,57,1,1.0
2025-12-15,07g00,CS1,B4-501,42,42,1,1.0
2025-12-15,07g00,CS1,B4-502,42,42,1,1.0
2025-12-15,07g00,CS1,B4-505,63,63,1,1.0
2025-12-15,07g00,CS1,B6-306,42,42,1,1.0
2025-12-15,07g00,CS1,C4-301,42,42,1,1.0
2025-12-15,07g00,CS1,C4-304,42,42,1,1.0
2025-12-15,07g00,CS1,C4-402,42,42,1,1.0
2025-12-15,07g00,CS1,C4-403,42,42,1,1.0
2025-12-15,07g00,CS1,C4-502,42,42,1,1.0
2025-12-15,07g00,CS1,C5-303,42,42,1,1.0
2025-12-15,07g00,CS1,C5-401,42,42,1,1.0
2025-12-15,07g00,CS1,C5-403,42,42,1,1.0
2025-12-15,07g00,CS1,C5-502,42,42,1,1.0
2025-12-15,07g00,CS1,C5-503,42,42,1,1.0
2025-12-15,07g00,CS1,C6-102,50,50,1,1.0
2025-12-15,07g00,CS1,C6-103,50,50,1,1.0
2025-12-15,07g00,CS1,C6-401,42,42,1,1.0
2025-12-15,07g00,CS1,C6-402,42,42,1,1.0
2025-12-15,07g00,CS1,C6-403,42,42,1,1.0
2025-12-15,07g00,CS1,B10-203,37,21,2,0.5675675675675675
2025-12-15,07g00,CS2,H1-101,73,73,1,1.0
2025-12-15,07g00,CS2,H1-104,73,73,1,1.0
2025-12-15,07g00,CS2,H1-204,68,68,1,1.0
2025-12-15,07g00,CS2,H1-307,71,71,1,1.0
2025-12-15,07g00,CS2,H1-401,66,66,1,1.0
2025-12-15,07g00,CS2,H1-404,66,66,1,1.0
2025-12-15,07g00,CS2,H1-405,63,63,1,1.0
2025-12-15,07g00,CS2,H2-201,82,82,1,1.0
2025-12-15,07g00,CS2,H2-202,62,62,1,1.0
2025-12-15,07g00,CS2,H2-205,62,62,1,1.0
2025-12-15,07g00,CS2,H2-206,82,82,1,1.0
2025-12-15,07g00,CS2,H2-207,71,71,1,1.0
2025-12-15,07g00,CS2,H2-301,82,82,1,1.0
2025-12-15,07g00,CS2,H2-302,62,62,2,1.0
2025-12-15,07g00,CS2,H2-306,82,82,1,1.0
2025-12-15,07g00,CS2,H2-307,62,62,2,1.0
2025-12-15,07g00,CS2,H2-401,82,82,1,1.0
2025-12-15,07g00,CS2,H2-406,82,82,1,1.0
2025-12-15,07g00,CS2,H3-201,75,75,1,1.0
2025-12-15,07g00,CS2,H3-301,75,75,1,1.0
2025-12-15,07g00,CS2,H3-306,75,75,1,1.0
2025-12-15,07g00,CS2,H3-401,75,75,1,1.0
2025-12-15,07g00,CS2,H3-406,75,75,1,1.0
2025-12-15,07g00,CS2,H3-501,75,75,1,1.0
2025-12-15,07g00,CS2,H3-506,75,75,1,1.0
2025-12-15,07g00,CS2,H3-606,63,63,1,1.0
2025-12-15,07g00,CS2,H6-113,68,68,1,1.0
2025-12-15,07g00,CS2,H6-201,63,63,1,1.0
2025-12-15,07g00,CS2,H6-205,62,62,2,1.0
2025-12-15,07g00,CS2,H6-208,62,62,1,1.0
2025-12-15,07g00,CS2,H6-211,66,66,1,1.0
2025-12-15,07g00,CS2,H6-305,68,68,1,1.0
2025-12-15,07g00,CS2,H6-308,76,76,1,1.0
2025-12-15,07g00,CS2,H6-311,71,71,1,1.0
2025-12-15,07g00,CS2,H6-405,63,63,1,1.0
2025-12-15,07g00,CS2,H6-412,65,65,1,1.0
2025-12-15,07g00,CS2,H6-802,63,63,1,1.0
2025-12-15,07g00,CS2,H6-810,63,63,1,1.0
2025-12-15,07g00,CS2,H6-811,79,79,1,1.0
2025-12-15,07g00,CS2,H6-516,60,48,3,0.8
2025-12-15,09g30,CS1,B1-208,44,44,1,1.0
2025-12-15,09g30,CS1,B1-306,44,44,1,1.0
2025-12-15,09g30,CS1,B4-306,42,42,4,1.0
2025-12-15,09g30,CS1,B4-406,57,57,1,1.0
2025-12-15,09g30,CS1,B4-501,42,42,3,1.0
2025-12-15,09g30,CS1,B4-505,63,63,1,1.0
2025-12-15,09g30,CS1,C4-502,42,42,2,1.0
2025-12-15,09g30,CS1,C5-303,42,42,2,1.0
2025-12-15,09g30,CS1,C6-102,50,50,1,1.0
2025-12-15,09g30,CS1,C6-103,50,50,1,1.0
2025-12-15,09g30,CS1,B4-305,42,14,2,0.3333333333333333
2025-12-15,09g30,CS2,H2-201,82,82,1,1.0
2025-12-15,09g30,CS2,H2-401,82,82,2,1.0
2025-12-15,09g30,CS2,H2-406,82,82,1,1.0
2025-12-15,09g30,CS2,H2-306,82,81,8,0.9878048780487805
2025-12-15,13g00,CS1,B4-406,57,57,1,1.0
2025-12-15,13g00,CS1,B4-505,63,63,1,1.0
2025-12-15,13g00,CS1,C6-102,50,50,3,1.0
2025-12-15,13g00,CS1,C6-103,50,50,2,1.0
2025-12-15,13g00,CS1,B1-208,44,27,2,0.6136363636363636
2025-12-15,13g00,CS2,H2-201,82,82,1,1.0
2025-12-15,13g00,CS2,H2-206,82,82,1,1.0
2025-12-15,13g00,CS2,H2-301,82,82,1,1.0
2025-12-15,13g00,CS2,H2-306,82,82,1,1.0
2025-12-15,13g00,CS2,H2-401,82,82,1,1.0
2025-12-15,13g00,CS2,H2-406,82,82,1,1.0
2025-12-15,13g00,CS2,H3-406,75,75,3,1.0
2025-12-15,13g00,CS2,H3-501,75,75,2,1.0
2025-12-15,13g00,CS2,H3-506,75,75,2,1.0
2025-12-15,13g00,CS2,H6-308,76,76,2,1.0
2025-12-15,13g00,CS2,H6-811,79,79,1,1.0
2025-12-15,13g00,CS2,H3-401,75,7,2,0.09333333333333334
2025-12-15,15g30,CS1,B4-505,63,54,1,0.8571428571428571
2025-12-15,15g30,CS2,H2-201,82,82,1,1.0
2025-12-15,15g30,CS2,H2-406,82,37,1,0.45121951219512196
2025-12-16,07g00,CS1,B1-208,44,44,1,1.0
2025-12-16,07g00,CS1,B1-306,44,44,2,1.0
2025-12-16,07g00,CS1,B4-406,57,57,1,1.0
2025-12-16,07g00,CS1,B4-505,63,63,1,1.0
2025-12-16,07g00,CS1,C4-502,42,42,2,1.0
2025-12-16,07g00,CS1,C5-303,42,42,3,1.0
2025-12-16,07g00,CS1,C6-102,50,50,1,1.0
2025-12-16,07g00,CS1,C6-103,50,50,1,1.0
2025-12-16,07g00,CS1,B4-501,42,17,3,0.40476190476190477
2025-12-16,07g00,CS2,H2-201,82,82,1,1.0
2025-12-16,07g00,CS2,H2-401,82,82,4,1.0
2025-12-16,07g00,CS2,H2-406,82,82,1,1.0
2025-12-16,07g00,CS2,H2-306,82,6,1,0.07317073170731707
2025-12-16,09g30,CS1,B4-406,57,57,1,1.0
2025-12-16,09g30,CS1,B4-505,63,63,1,1.0
2025-12-16,09g30,CS1,C6-102,50,50,2,1.0
2025-12-16,09g30,CS1,C6-103,50,50,1,1.0
2025-12-16,09g30,CS1,B1-208,44,36,2,0.8181818181818182
2025-12-16,09g30,CS2,H2-201,82,82,1,1.0
2025-12-16,09g30,CS2,H2-206,82,82,1,1.0
2025-12-16,09g30,CS2,H2-301,82,82,1,1.0
2025-12-16,09g30,CS2,H2-306,82,82,1,1.0
2025-12-16,09g30,CS2,H2-401,82,82,1,1.0
2025-12-16,09g30,CS2,H2-406,82,82,1,1.0
2025-12-16,09g30,CS2,H6-308,76,76,3,1.0
2025-12-16,09g30,CS2,H6-811,79,79,2,1.0
2025-12-16,09g30,CS2,H3-506,75,26,1,0.3466666666666667
2025-12-16,13g00,CS1,B1-208,44,44,1,1.0
2025-12-16,13g00,CS1,B1-306,44,44,1,1.0
2025-12-16,13g00,CS1,B4-305,42,42,1,1.0
2025-12-16,13g00,CS1,B4-306,42,42,1,1.0
2025-12-16,13g00,CS1,B4-406,57,57,1,1.0
2025-12-16,13g00,CS1,B4-501,42,42,1,1.0
2025-12-16,13g00,CS1,B4-505,63,63,1,1.0
2025-12-16,13g00,CS1,B6-306,42,42,2,1.0
2025-12-16,13g00,CS1,C4-502,42,42,1,1.0
2025-12-16,13g00,CS1,C5-303,42,42,1,1.0
2025-12-16,13g00,CS1,C6-102,50,50,1,1.0
2025-12-16,13g00,CS1,C6-103,50,50,1,1.0
2025-12-16,13g00,CS1,C5-401,42,6,1,0.14285714285714285
2025-12-16,13g00,CS2,H1-101,73,73,2,1.0
2025-12-16,13g00,CS2,H1-104,73,73,2,1.0
2025-12-16,13g00,CS2,H1-307,71,71,3,1.0
2025-12-16,13g00,CS2,H2-201,82,82,1,1.0
2025-12-16,13g00,CS2,H2-206,82,82,1,1.0
2025-12-16,13g00,CS2,H2-301,82,82,1,1.0
2025-12-16,13g00,CS2,H2-306,82,82,1,1.0
2025-12-16,13g00,CS2,H2-401,82,82,1,1.0
2025-12-16,13g00,CS2,H2-406,82,82,1,1.0
2025-12-16,13g00,CS2,H3-201,75,75,1,1.0
2025-12-16,13g00,CS2,H3-301,75,75,1,1.0
2025-12-16,13g00,CS2,H3-306,75,75,1,1.0
2025-12-16,13g00,CS2,H3-401,75,75,1,1.0
2025-12-16,13g00,CS2,H3-406,75,75,1,1.0
2025-12-16,13g00,CS2,H3-501,75,75,1,1.0
2025-12-16,13g00,CS2,H3-506,75,75,1,1.0
2025-12-16,13g00,CS2,H6-308,76,76,1,1.0
2025-12-16,13g00,CS2,H6-811,79,79,1,1.0
2025-12-16,13g00,CS2,H2-207,71,6,1,0.08450704225352113
2025-12-16,15g30,CS1,B4-406,57,57,2,1.0
2025-12-16,15g30,CS1,B4-505,63,63,1,1.0
2025-12-16,15g30,CS1,C6-103,50,50,2,1.0
2025-12-16,15g30,CS1,C6-102,50,29,2,0.58
2025-12-16,15g30,CS2,H2-201,82,82,1,1.0
2025-12-16,15g30,CS2,H2-206,82,82,3,1.0
2025-12-16,15g30,CS2,H2-301,82,82,2,1.0
2025-12-16,15g30,CS2,H2-306,82,82,2,1.0
2025-12-16,15g30,CS2,H2-401,82,82,1,1.0
2025-12-16,15g30,CS2,H2-406,82,82,1,1.0
2025-12-16,15g30,CS2,H6-811,79,2,1,0.02531645569620253
2025-12-17,07g00,CS1,B1-208,44,44,1,1.0
2025-12-17,07g00,CS1,B1-306,44,44,1,1.0
2025-12-17,07g00,CS1,B1-311,42,42,1,1.0
2025-12-17,07g00,CS1,B4-305,42,42,1,1.0
2025-12-17,07g00,CS1,B4-306,42,42,1,1.0
2025-12-17,07g00,CS1,B4-406,57,57,1,1.0
2025-12-17,07g00,CS1,B4-501,42,42,1,1.0
2025-12-17,07g00,CS1,B4-502,42,42,1,1.0
2025-12-17,07g00,CS1,B4-505,63,63,1,1.0
2025-12-17,07g00,CS1,B6-306,42,42,1,1.0
2025-12-17,07g00,CS1,C4-301,42,42,2,1.0
2025-12-17,07g00,CS1,C4-304,42,42,5,1.0
2025-12-17,07g00,CS1,C4-403,42,42,2,1.0
2025-12-17,07g00,CS1,C4-502,42,42,1,1.0
2025-12-17,07g00,CS1,C5-303,42,42,1,1.0
2025-12-17,07g00,CS1,C5-401,42,42,1,1.0
2025-12-17,07g00,CS1,C5-403,42,42,1,1.0
2025-12-17,07g00,CS1,C5-502,42,42,1,1.0
2025-12-17,07g00,CS1,C5-503,42,42,1,1.0
2025-12-17,07g00,CS1,C6-102,50,50,1,1.0
2025-12-17,07g00,CS1,C6-103,50,50,1,1.0
2025-12-17,07g00,CS1,C6-401,42,42,3,1.0
2025-12-17,07g00,CS1,C6-402,42,42,3,1.0
2025-12-17,07g00,CS1,C6-403,42,42,3,1.0
2025-12-17,07g00,CS1,C4-402,42,4,2,0.09523809523809523
2025-12-17,07g00,CS2,H1-101,73,73,1,1.0
2025-12-17,07g00,CS2,H1-104,73,73,1,1.0
2025-12-17,07g00,CS2,H1-204,68,68,1,1.0
2025-12-17,07g00,CS2,H1-307,71,71,1,1.0
2025-12-17,07g00,CS2,H1-401,66,66,1,1.0
2025-12-17,07g00,CS2,H1-404,66,66,2,1.0
2025-12-17,07g00,CS2,H2-201,82,82,1,1.0
2025-12-17,07g00,CS2,H2-206,82,82,1,1.0
2025-12-17,07g00,CS2,H2-207,71,71,1,1.0
2025-12-17,07g00,CS2,H2-301,82,82,1,1.0
2025-12-17,07g00,CS2,H2-306,82,82,1,1.0
2025-12-17,07g00,CS2,H2-401,82,82,1,1.0
2025-12-17,07g00,CS2,H2-406,82,82,1,1.0
2025-12-17,07g00,CS2,H3-201,75,75,1,1.0
2025-12-17,07g00,CS2,H3-301,75,75,1,1.0
2025-12-17,07g00,CS2,H3-306,75,75,1,1.0
2025-12-17,07g00,CS2,H3-401,75,75,1,1.0
2025-12-17,07g00,CS2,H3-406,75,75,1,1.0
2025-12-17,07g00,CS2,H3-501,75,75,1,1.0
2025-12-17,07g00,CS2,H3-506,75,75,1,1.0
2025-12-17,07g00,CS2,H3-606,63,63,5,1.0
2025-12-17,07g00,CS2,H6-113,68,68,1,1.0
2025-12-17,07g00,CS2,H6-201,63,63,3,1.0
2025-12-17,07g00,CS2,H6-211,66,66,2,1.0
2025-12-17,07g00,CS2,H6-305,68,68,1,1.0
2025-12-17,07g00,CS2,H6-308,76,76,1,1.0
2025-12-17,07g00,CS2,H6-311,71,71,1,1.0
2025-12-17,07g00,CS2,H6-405,63,63,3,1.0
2025-12-17,07g00,CS2,H6-412,65,65,2,1.0
2025-12-17,07g00,CS2,H6-802,63,63,2,1.0
2025-12-17,07g00,CS2,H6-810,63,63,2,1.0
2025-12-17,07g00,CS2,H6-811,79,79,1,1.0
2025-12-17,07g00,CS2,H1-405,63,16,3,0.25396825396825395
2025-12-17,13g00,CS1,B1-208,44,44,1,1.0
2025-12-17,13g00,CS1,B1-212,38,38,2,1.0
2025-12-17,13g00,CS1,B1-213,38,38,2,1.0
2025-12-17,13g00,CS1,B1-305,38,38,2,1.0
2025-12-17,13g00,CS1,B1-306,44,44,1,1.0
2025-12-17,13g00,CS1,B1-308,38,38,2,1.0
2025-12-17,13g00,CS1,B1-311,42,42,1,1.0
2025-12-17,13g00,CS1,B10-203,37,37,3,1.0
2025-12-17,13g00,CS1,B4-305,42,42,1,1.0
2025-12-17,13g00,CS1,B4-306,42,42,1,1.0
2025-12-17,13g00,CS1,B4-406,57,57,1,1.0
2025-12-17,13g00,CS1,B4-501,42,42,1,1.0
2025-12-17,13g00,CS1,B4-502,42,42,1,1.0
2025-12-17,13g00,CS1,B4-505,63,63,1,1.0
2025-12-17,13g00,CS1,B6-306,42,42,1,1.0
2025-12-17,13g00,CS1,B8-301,35,35,4,1.0
2025-12-17,13g00,CS1,C4-301,42,42,1,1.0
2025-12-17,13g00,CS1,C4-304,42,42,1,1.0
2025-12-17,13g00,CS1,C4-402,42,42,1,1.0
2025-12-17,13g00,CS1,C4-403,42,42,1,1.0
2025-12-17,13g00,CS1,C4-502,42,42,1,1.0
2025-12-17,13g00,CS1,C5-303,42,42,1,1.0
2025-12-17,13g00,CS1,C5-401,42,42,1,1.0
2025-12-17,13g00,CS1,C5-403,42,42,1,1.0
2025-12-17,13g00,CS1,C5-502,42,42,1,1.0
2025-12-17,13g00,CS1,C5-503,42,42,1,1.0
2025-12-17,13g00,CS1,C6-102,50,50,1,1.0
2025-12-17,13g00,CS1,C6-103,50,50,1,1.0
2025-12-17,13g00,CS1,C6-401,42,42,1,1.0
2025-12-17,13g00,CS1,C6-402,42,42,1,1.0
2025-12-17,13g00,CS1,C6-403,42,42,1,1.0
2025-12-17,13g00,CS1,B8-303,33,4,1,0.12121212121212122
2025-12-17,13g00,CS2,H1-101,73,73,1,1.0
2025-12-17,13g00,CS2,H1-104,73,73,1,1.0
2025-12-17,13g00,CS2,H1-204,68,68,1,1.0
2025-12-17,13g00,CS2,H1-307,71,71,1,1.0
2025-12-17,13g00,CS2,H1-401,66,66,1,1.0
2025-12-17,13g00,CS2,H1-404,66,66,1,1.0
2025-12-17,13g00,CS2,H1-405,63,63,2,1.0
2025-12-17,13g00,CS2,H2-201,82,82,1,1.0
2025-12-17,13g00,CS2,H2-206,82,82,1,1.0
2025-12-17,13g00,CS2,H2-207,71,71,1,1.0
2025-12-17,13g00,CS2,H2-301,82,82,1,1.0
2025-12-17,13g00,CS2,H2-306,82,82,1,1.0
2025-12-17,13g00,CS2,H2-401,82,82,1,1.0
2025-12-17,13g00,CS2,H2-406,82,82,1,1.0
2025-12-17,13g00,CS2,H3-201,75,75,1,1.0
2025-12-17,13g00,CS2,H3-301,75,75,1,1.0
2025-12-17,13g00,CS2,H3-306,75,75,1,1.0
2025-12-17,13g00,CS2,H3-401,75,75,1,1.0
2025-12-17,13g00,CS2,H3-406,75,75,1,1.0
2025-12-17,13g00,CS2,H3-501,75,75,1,1.0
2025-12-17,13g00,CS2,H3-506,75,75,1,1.0
2025-12-17,13g00,CS2,H3-606,63,63,2,1.0
2025-12-17,13g00,CS2,H6-113,68,68,1,1.0
2025-12-17,13g00,CS2,H6-201,63,63,2,1.0
2025-12-17,13g00,CS2,H6-208,62,62,4,1.0
2025-12-17,13g00,CS2,H6-211,66,66,1,1.0
2025-12-17,13g00,CS2,H6-305,68,68,1,1.0
2025-12-17,13g00,CS2,H6-308,76,76,1,1.0
2025-12-17,13g00,CS2,H6-311,71,71,1,1.0
2025-12-17,13g00,CS2,H6-405,63,63,2,1.0
2025-12-17,13g00,CS2,H6-412,65,65,1,1.0
2025-12-17,13g00,CS2,H6-802,63,63,2,1.0
2025-12-17,13g00,CS2,H6-810,63,63,1,1.0
2025-12-17,13g00,CS2,H6-811,79,79,1,1.0
2025-12-17,13g00,CS2,H2-202,62,30,4,0.4838709677419355
2025-12-17,15g30,CS1,B4-505,63,35,1,0.5555555555555556
2025-12-17,15g30,CS2,H2-201,82,48,1,0.5853658536585366
2025-12-18,07g00,CS1,B1-208,44,44,1,1.0
2025-12-18,07g00,CS1,B1-306,44,44,1,1.0
2025-12-18,07g00,CS1,B4-305,42,42,2,1.0
2025-12-18,07g00,CS1,B4-306,42,42,1,1.0
2025-12-18,07g00,CS1,B4-406,57,57,1,1.0
2025-12-18,07g00,CS1,B4-501,42,42,1,1.0
2025-12-18,07g00,CS1,B4-505,63,63,1,1.0
2025-12-18,07g00,CS1,B6-306,42,42,3,1.0
2025-12-18,07g00,CS1,C4-502,42,42,1,1.0
2025-12-18,07g00,CS1,C5-303,42,42,1,1.0
2025-12-18,07g00,CS1,C6-102,50,50,1,1.0
2025-12-18,07g00,CS1,C6-103,50,50,1,1.0
2025-12-18,07g00,CS1,C5-401,42,25,3,0.5952380952380952
2025-12-18,07g00,CS2,H1-101,73,73,1,1.0
2025-12-18,07g00,CS2,H1-104,73,73,1,1.0
2025-12-18,07g00,CS2,H1-307,71,71,1,1.0
2025-12-18,07g00,CS2,H2-201,82,82,1,1.0
2025-12-18,07g00,CS2,H2-206,82,82,1,1.0
2025-12-18,07g00,CS2,H2-207,71,71,1,1.0
2025-12-18,07g00,CS2,H2-301,82,82,1,1.0
2025-12-18,07g00,CS2,H2-306,82,82,1,1.0
2025-12-18,07g00,CS2,H2-401,82,82,1,1.0
2025-12-18,07g00,CS2,H2-406,82,82,1,1.0
2025-12-18,07g00,CS2,H3-201,75,75,1,1.0
2025-12-18,07g00,CS2,H3-301,75,75,1,1.0
2025-12-18,07g00,CS2,H3-306,75,75,1,1.0
2025-12-18,07g00,CS2,H3-401,75,75,1,1.0
2025-12-18,07g00,CS2,H3-406,75,75,1,1.0
2025-12-18,07g00,CS2,H3-501,75,75,1,1.0
2025-12-18,07g00,CS2,H3-506,75,75,1,1.0
2025-12-18,07g00,CS2,H6-305,68,68,3,1.0
2025-12-18,07g00,CS2,H6-308,76,76,1,1.0
2025-12-18,07g00,CS2,H6-311,71,71,2,1.0
2025-12-18,07g00,CS2,H6-811,79,79,1,1.0
2025-12-18,07g00,CS2,H6-113,68,59,3,0.8676470588235294
2025-12-18,09g30,CS1,B4-406,57,57,1,1.0
2025-12-18,09g30,CS1,B4-505,63,63,1,1.0
2025-12-18,09g30,CS1,C6-103,50,9,2,0.18
2025-12-18,09g30,CS2,H2-201,82,82,1,1.0
2025-12-18,09g30,CS2,H2-401,82,82,1,1.0
2025-12-18,09g30,CS2,H2-406,82,82,1,1.0
2025-12-18,09g30,CS2,H2-306,82,18,2,0.21951219512195122
2025-12-18,13g00,CS1,B1-208,44,44,1,1.0
2025-12-18,13g00,CS1,B1-212,38,38,2,1.0
2025-12-18,13g00,CS1,B1-213,38,38,4,1.0
2025-12-18,13g00,CS1,B1-305,38,38,2,1.0
2025-12-18,13g00,CS1,B1-306,44,44,1,1.0
2025-12-18,13g00,CS1,B1-308,38,38,3,1.0
2025-12-18,13g00,CS1,B1-311,42,42,1,1.0
2025-12-18,13g00,CS1,B4-305,42,42,1,1.0
2025-12-18,13g00,CS1,B4-306,42,42,1,1.0
2025-12-18,13g00,CS1,B4-406,57,57,1,1.0
2025-12-18,13g00,CS1,B4-501,42,42,1,1.0
2025-12-18,13g00,CS1,B4-502,42,42,1,1.0
2025-12-18,13g00,CS1,B4-505,63,63,1,1.0
2025-12-18,13g00,CS1,B6-306,42,42,1,1.0
2025-12-18,13g00,CS1,C4-301,42,42,1,1.0
2025-12-18,13g00,CS1,C4-304,42,42,1,1.0
2025-12-18,13g00,CS1,C4-402,42,42,1,1.0
2025-12-18,13g00,CS1,C4-403,42,42,1,1.0
2025-12-18,13g00,CS1,C4-502,42,42,1,1.0
2025-12-18,13g00,CS1,C5-303,42,42,1,1.0
2025-12-18,13g00,CS1,C5-401,42,42,1,1.0
2025-12-18,13g00,CS1,C5-403,42,42,1,1.0
2025-12-18,13g00,CS1,C5-502,42,42,1,1.0
2025-12-18,13g00,CS1,C5-503,42,42,1,1.0
2025-12-18,13g00,CS1,C6-102,50,50,1,1.0
2025-12-18,13g00,CS1,C6-103,50,50,1,1.0
2025-12-18,13g00,CS1,C6-401,42,42,1,1.0
2025-12-18,13g00,CS1,C6-402,42,42,1,1.0
2025-12-18,13g00,CS1,C6-403,42,42,1,1.0
2025-12-18,13g00,CS1,B10-203,37,11,3,0.2972972972972973
2025-12-18,13g00,CS2,H1-101,73,73,1,1.0
2025-12-18,13g00,CS2,H1-104,73,73,1,1.0
2025-12-18,13g00,CS2,H1-204,68,68,1,1.0
2025-12-18,13g00,CS2,H1-307,71,71,1,1.0
2025-12-18,13g00,CS2,H1-401,66,66,1,1.0
2025-12-18,13g00,CS2,H1-404,66,66,2,1.0
2025-12-18,13g00,CS2,H2-201,82,82,1,1.0
2025-12-18,13g00,CS2,H2-206,82,82,1,1.0
2025-12-18,13g00,CS2,H2-207,71,71,1,1.0
2025-12-18,13g00,CS2,H2-301,82,82,1,1.0
2025-12-18,13g00,CS2,H2-306,82,82,1,1.0
2025-12-18,13g00,CS2,H2-401,82,82,1,1.0
2025-12-18,13g00,CS2,H2-406,82,82,1,1.0
2025-12-18,13g00,CS2,H3-201,75,75,1,1.0
2025-12-18,13g00,CS2,H3-301,75,75,1,1.0
2025-12-18,13g00,CS2,H3-306,75,75,1,1.0
2025-12-18,13g00,CS2,H3-401,75,75,1,1.0
2025-12-18,13g00,CS2,H3-406,75,75,1,1.0
2025-12-18,13g00,CS2,H3-501,75,75,1,1.0
2025-12-18,13g00,CS2,H3-506,75,75,1,1.0
2025-12-18,13g00,CS2,H6-113,68,68,1,1.0
2025-12-18,13g00,CS2,H6-211,66,66,1,1.0
2025-12-18,13g00,CS2,H6-305,68,68,1,1.0
2025-12-18,13g00,CS2,H6-308,76,76,1,1.0
2025-12-18,13g00,CS2,H6-311,71,71,1,1.0
2025-12-18,13g00,CS2,H6-412,65,65,2,1.0
2025-12-18,13g00,CS2,H6-802,63,63,5,1.0
2025-12-18,13g00,CS2,H6-810,63,63,3,1.0
2025-12-18,13g00,CS2,H6-811,79,79,1,1.0
2025-12-18,13g00,CS2,H6-405,63,7,2,0.1111111111111111
2025-12-18,15g30,CS1,B4-505,63,63,2,1.0
2025-12-18,15g30,CS1,B4-406,57,40,1,0.7017543859649122
2025-12-18,15g30,CS2,H2-201,82,82,1,1.0
2025-12-18,15g30,CS2,H2-406,82,82,2,1.0
2025-12-18,15g30,CS2,H2-401,82,23,1,0.2804878048780488
2025-12-19,07g00,CS1,B1-208,44,44,4,1.0
2025-12-19,07g00,CS1,B4-406,57,57,1,1.0
2025-12-19,07g00,CS1,B4-505,63,63,1,1.0
2025-12-19,07g00,CS1,C6-102,50,50,3,1.0
2025-12-19,07g00,CS1,C6-103,50,50,2,1.0
2025-12-19,07g00,CS1,B1-306,44,26,3,0.5909090909090909
2025-12-19,07g00,CS2,H1-101,73,73,3,1.0
2025-12-19,07g00,CS2,H1-104,73,73,4,1.0
2025-12-19,07g00,CS2,H2-201,82,82,1,1.0
2025-12-19,07g00,CS2,H2-206,82,82,1,1.0
2025-12-19,07g00,CS2,H2-301,82,82,1,1.0
2025-12-19,07g00,CS2,H2-306,82,82,1,1.0
2025-12-19,07g00,CS2,H2-401,82,82,1,1.0
2025-12-19,07g00,CS2,H2-406,82,82,1,1.0
2025-12-19,07g00,CS2,H3-201,75,75,3,1.0
2025-12-19,07g00,CS2,H3-301,75,75,2,1.0
2025-12-19,07g00,CS2,H3-306,75,75,2,1.0
2025-12-19,07g00,CS2,H3-401,75,75,2,1.0
2025-12-19,07g00,CS2,H3-406,75,75,2,1.0
2025-12-19,07g00,CS2,H3-501,75,75,2,1.0
2025-12-19,07g00,CS2,H3-506,75,75,1,1.0
2025-12-19,07g00,CS2,H6-308,76,76,1,1.0
2025-12-19,07g00,CS2,H6-811,79,79,1,1.0
2025-12-19,07g00,CS2,H1-307,71,46,6,0.647887323943662
2025-12-19,09g30,CS1,B1-208,44,44,1,1.0
2025-12-19,09g30,CS1,B1-212,38,38,1,1.0
2025-12-19,09g30,CS1,B1-305,38,38,1,1.0
2025-12-19,09g30,CS1,B1-306,44,44,1,1.0
2025-12-19,09g30,CS1,B1-311,42,42,1,1.0
2025-12-19,09g30,CS1,B4-305,42,42,1,1.0
2025-12-19,09g30,CS1,B4-306,42,42,1,1.0
2025-12-19,09g30,CS1,B4-406,57,57,1,1.0
2025-12-19,09g30,CS1,B4-501,42,42,1,1.0
2025-12-19,09g30,CS1,B4-502,42,42,1,1.0
2025-12-19,09g30,CS1,B4-505,63,63,1,1.0
2025-12-19,09g30,CS1,B6-306,42,42,1,1.0
2025-12-19,09g30,CS1,C4-301,42,42,1,1.0
2025-12-19,09g30,CS1,C4-304,42,42,1,1.0
2025-12-19,09g30,CS1,C4-402,42,42,1,1.0
2025-12-19,09g30,CS1,C4-403,42,42,1,1.0
2025-12-19,09g30,CS1,C4-502,42,42,1,1.0
2025-12-19,09g30,CS1,C5-303,42,42,1,1.0
2025-12-19,09g30,CS1,C5-401,42,42,1,1.0
2025-12-19,09g30,CS1,C5-403,42,42,1,1.0
2025-12-19,09g30,CS1,C5-502,42,42,1,1.0
2025-12-19,09g30,CS1,C5-503,42,42,1,1.0
2025-12-19,09g30,CS1,C6-102,50,50,1,1.0
2025-12-19,09g30,CS1,C6-103,50,50,1,1.0
2025-12-19,09g30,CS1,C6-401,42,42,1,1.0
2025-12-19,09g30,CS1,C6-402,42,42,1,1.0
2025-12-19,09g30,CS1,C6-403,42,42,1,1.0
2025-12-19,09g30,CS1,B1-308,38,27,1,0.7105263157894737
2025-12-19,09g30,CS2,H1-101,73,73,1,1.0
2025-12-19,09g30,CS2,H1-104,73,73,1,1.0
2025-12-19,09g30,CS2,H1-204,68,68,1,1.0
2025-12-19,09g30,CS2,H1-307,71,71,1,1.0
2025-12-19,09g30,CS2,H1-401,66,66,1,1.0
2025-12-19,09g30,CS2,H2-201,82,82,1,1.0
2025-12-19,09g30,CS2,H2-206,82,82,1,1.0
2025-12-19,09g30,CS2,H2-207,71,71,1,1.0
2025-12-19,09g30,CS2,H2-301,82,82,1,1.0
2025-12-19,09g30,CS2,H2-306,82,82,1,1.0
2025-12-19,09g30,CS2,H2-401,82,82,1,1.0
2025-12-19,09g30,CS2,H2-406,82,82,1,1.0
2025-12-19,09g30,CS2,H3-201,75,75,1,1.0
2025-12-19,09g30,CS2,H3-301,75,75,1,1.0
2025-12-19,09g30,CS2,H3-306,75,75,1,1.0
2025-12-19,09g30,CS2,H3-401,75,75,1,1.0
2025-12-19,09g30,CS2,H3-406,75,75,1,1.0
2025-12-19,09g30,CS2,H3-501,75,75,1,1.0
2025-12-19,09g30,CS2,H3-506,75,75,1,1.0
2025-12-19,09g30,CS2,H6-113,68,68,1,1.0
2025-12-19,09g30,CS2,H6-211,66,66,2,1.0
2025-12-19,09g30,CS2,H6-305,68,68,1,1.0
2025-12-19,09g30,CS2,H6-308,76,76,1,1.0
2025-12-19,09g30,CS2,H6-311,71,71,1,1.0
2025-12-19,09g30,CS2,H6-811,79,79,1,1.0
2025-12-19,09g30,CS2,H1-404,66,32,2,0.48484848484848486
2025-12-19,13g00,CS1,B1-208,44,44,1,1.0
2025-12-19,13g00,CS1,B1-306,44,44,1,1.0
2025-12-19,13g00,CS1,B4-305,42,42,1,1.0
2025-12-19,13g00,CS1,B4-306,42,42,1,1.0
2025-12-19,13g00,CS1,B4-406,57,57,1,1.0
2025-12-19,13g00,CS1,B4-501,42,42,1,1.0
2025-12-19,13g00,CS1,B4-505,63,63,1,1.0
2025-12-19,13g00,CS1,B6-306,42,42,1,1.0
2025-12-19,13g00,CS1,C4-502,42,42,1,1.0
2025-12-19,13g00,CS1,C5-303,42,42,1,1.0
2025-12-19,13g00,CS1,C5-401,42,42,2,1.0
2025-12-19,13g00,CS1,C5-403,42,42,2,1.0
2025-12-19,13g00,CS1,C5-502,42,42,2,1.0
2025-12-19,13g00,CS1,C5-503,42,42,3,1.0
2025-12-19,13g00,CS1,C6-102,50,50,1,1.0
2025-12-19,13g00,CS1,C6-103,50,50,1,1.0
2025-12-19,13g00,CS1,B1-311,42,38,3,0.9047619047619048
2025-12-19,13g00,CS2,H1-101,73,73,1,1.0
2025-12-19,13g00,CS2,H1-104,73,73,1,1.0
2025-12-19,13g00,CS2,H1-204,68,68,2,1.0
2025-12-19,13g00,CS2,H1-307,71,71,1,1.0
2025-12-19,13g00,CS2,H1-401,66,66,2,1.0
2025-12-19,13g00,CS2,H1-404,66,66,3,1.0
2025-12-19,13g00,CS2,H2-201,82,82,1,1.0
2025-12-19,13g00,CS2,H2-206,82,82,1,1.0
2025-12-19,13g00,CS2,H2-207,71,71,1,1.0
2025-12-19,13g00,CS2,H2-301,82,82,1,1.0
2025-12-19,13g00,CS2,H2-306,82,82,1,1.0
2025-12-19,13g00,CS2,H2-401,82,82,1,1.0
2025-12-19,13g00,CS2,H2-406,82,82,1,1.0
2025-12-19,13g00,CS2,H3-201,75,75,1,1.0
2025-12-19,13g00,CS2,H3-301,75,75,1,1.0
2025-12-19,13g00,CS2,H3-306,75,75,1,1.0
2025-12-19,13g00,CS2,H3-401,75,75,1,1.0
2025-12-19,13g00,CS2,H3-406,75,75,1,1.0
2025-12-19,13g00,CS2,H3-501,75,75,1,1.0
2025-12-19,13g00,CS2,H3-506,75,75,1,1.0
2025-12-19,13g00,CS2,H6-113,68,68,1,1.0
2025-12-19,13g00,CS2,H6-211,66,66,2,1.0
2025-12-19,13g00,CS2,H6-305,68,68,1,1.0
2025-12-19,13g00,CS2,H6-308,76,76,1,1.0
2025-12-19,13g00,CS2,H6-311,71,71,1,1.0
2025-12-19,13g00,CS2,H6-811,79,79,1,1.0
2025-12-19,13g00,CS2,H6-412,65,51,4,0.7846153846153846
2025-12-19,15g30,CS1,B4-505,63,62,1,0.9841269841269841
2025-12-19,15g30,CS2,H2-201,82,82,1,1.0
2025-12-19,15g30,CS2,H2-406,82,75,1,0.9146341463414634
2025-12-20,07g00,CS2,H2-201,82,66,2,0.8048780487804879
2025-12-20,09g30,CS1,B4-505,63,19,1,0.30158730158730157
2025-12-20,09g30,CS2,H2-201,82,50,1,0.6097560975609756
2025-12-22,07g00,CS1,B1-203,32,32,2,1.0
2025-12-22,07g00,CS1,B1-208,44,44,1,1.0
2025-12-22,07g00,CS1,B1-212,38,38,1,1.0
2025-12-22,07g00,CS1,B1-213,38,38,1,1.0
2025-12-22,07g00,CS1,B1-305,38,38,1,1.0
2025-12-22,07g00,CS1,B1-306,44,44,1,1.0
2025-12-22,07g00,CS1,B1-308,38,38,1,1.0
2025-12-22,07g00,CS1,B1-311,42,42,1,1.0
2025-12-22,07g00,CS1,B10-203,37,37,1,1.0
2025-12-22,07g00,CS1,B4-305,42,42,1,1.0
2025-12-22,07g00,CS1,B4-306,42,42,1,1.0
2025-12-22,07g00,CS1,B4-401,32,32,1,1.0
2025-12-22,07g00,CS1,B4-402,32,32,2,1.0
2025-12-22,07g00,CS1,B4-403,32,32,1,1.0
2025-12-22,07g00,CS1,B4-405,32,32,1,1.0
2025-12-22,07g00,CS1,B4-406,57,57,1,1.0
2025-12-22,07g00,CS1,B4-501,42,42,1,1.0
2025-12-22,07g00,CS1,B4-502,42,42,1,1.0
2025-12-22,07g00,CS1,B4-504,32,32,1,1.0
2025-12-22,07g00,CS1,B4-505,63,63,1,1.0
2025-12-22,07g00,CS1,B6-302,32,32,1,1.0
2025-12-22,07g00,CS1,B6-303,32,32,1,1.0
2025-12-22,07g00,CS1,B6-304,32,32,1,1.0
2025-12-22,07g00,CS1,B6-305,32,32,1,1.0
2025-12-22,07g00,CS1,B6-306,42,42,1,1.0
2025-12-22,07g00,CS1,B8-301,35,35,1,1.0
2025-12-22,07g00,CS1,B8-303,33,33,1,1.0
2025-12-22,07g00,CS1,B8-304,33,33,1,1.0
2025-12-22,07g00,CS1,B9-201,32,32,1,1.0
2025-12-22,07g00,CS1,C4-301,42,42,1,1.0
2025-12-22,07g00,CS1,C4-304,42,42,1,1.0
2025-12-22,07g00,CS1,C4-402,42,42,1,1.0
2025-12-22,07g00,CS1,C4-403,42,42,1,1.0
2025-12-22,07g00,CS1,C4-502,42,42,1,1.0
2025-12-22,07g00,CS1,C5-303,42,42,1,1.0
2025-12-22,07g00,CS1,C5-401,42,42,1,1.0
2025-12-22,07g00,CS1,C5-403,42,42,1,1.0
2025-12-22,07g00,CS1,C5-502,42,42,1,1.0
2025-12-22,07g00,CS1,C5-503,42,42,1,1.0
2025-12-22,07g00,CS1,C6-102,50,50,1,1.0
2025-12-22,07g00,CS1,C6-103,50,50,1,1.0
2025-12-22,07g00,CS1,C6-401,42,42,1,1.0
2025-12-22,07g00,CS1,C6-402,42,42,1,1.0
2025-12-22,07g00,CS1,C6-403,42,42,1,1.0
2025-12-22,07g00,CS1,B4-303,32,25,2,0.78125
2025-12-22,07g00,CS2,H1-101,73,73,1,1.0
2025-12-22,07g00,CS2,H1-104,73,73,1,1.0
2025-12-22,07g00,CS2,H1-204,68,68,1,1.0
2025-12-22,07g00,CS2,H1-307,71,71,1,1.0
2025-12-22,07g00,CS2,H1-401,66,66,1,1.0
2025-12-22,07g00,CS2,H1-404,66,66,1,1.0
2025-12-22,07g00,CS2,H1-405,63,63,2,1.0
2025-12-22,07g00,CS2,H2-201,82,82,1,1.0
2025-12-22,07g00,CS2,H2-206,82,82,1,1.0
2025-12-22,07g00,CS2,H2-207,71,71,1,1.0
2025-12-22,07g00,CS2,H2-301,82,82,1,1.0
2025-12-22,07g00,CS2,H2-306,82,82,1,1.0
2025-12-22,07g00,CS2,H2-401,82,82,1,1.0
2025-12-22,07g00,CS2,H2-406,82,82,1,1.0
2025-12-22,07g00,CS2,H3-201,75,75,1,1.0
2025-12-22,07g00,CS2,H3-301,75,75,1,1.0
2025-12-22,07g00,CS2,H3-306,75,75,1,1.0
2025-12-22,07g00,CS2,H3-401,75,75,1,1.0
2025-12-22,07g00,CS2,H3-406,75,75,1,1.0
2025-12-22,07g00,CS2,H3-501,75,75,1,1.0
2025-12-22,07g00,CS2,H3-506,75,75,1,1.0
2025-12-22,07g00,CS2,H3-606,63,63,1,1.0
2025-12-22,07g00,CS2,H6-113,68,68,1,1.0
2025-12-22,07g00,CS2,H6-201,63,63,1,1.0
2025-12-22,07g00,CS2,H6-211,66,66,1,1.0
2025-12-22,07g00,CS2,H6-305,68,68,1,1.0
2025-12-22,07g00,CS2,H6-308,76,76,1,1.0
2025-12-22,07g00,CS2,H6-311,71,71,1,1.0
2025-12-22,07g00,CS2,H6-405,63,63,1,1.0
2025-12-22,07g00,CS2,H6-412,65,65,1,1.0
2025-12-22,07g00,CS2,H6-802,63,63,1,1.0
2025-12-22,07g00,CS2,H6-810,63,63,1,1.0
2025-12-22,07g00,CS2,H6-811,79,79,1,1.0
2025-12-22,07g00,CS2,H6-208,62,1,1,0.016129032258064516
2025-12-22,09g30,CS1,B1-208,44,44,1,1.0
2025-12-22,09g30,CS1,B1-306,44,44,2,1.0
2025-12-22,09g30,CS1,B4-406,57,57,1,1.0
2025-12-22,09g30,CS1,B4-505,63,63,1,1.0
2025-12-22,09g30,CS1,C6-102,50,50,1,1.0
2025-12-22,09g30,CS1,C6-103,50,50,1,1.0
2025-12-22,09g30,CS1,C4-502,42,20,1,0.47619047619047616
2025-12-22,09g30,CS2,H1-101,73,73,1,1.0
2025-12-22,09g30,CS2,H1-104,73,73,1,1.0
2025-12-22,09g30,CS2,H1-204,68,68,1,1.0
2025-12-22,09g30,CS2,H1-307,71,71,1,1.0
2025-12-22,09g30,CS2,H1-401,66,66,1,1.0
2025-12-22,09g30,CS2,H1-404,66,66,2,1.0
2025-12-22,09g30,CS2,H2-201,82,82,1,1.0
2025-12-22,09g30,CS2,H2-206,82,82,1,1.0
2025-12-22,09g30,CS2,H2-207,71,71,1,1.0
2025-12-22,09g30,CS2,H2-301,82,82,1,1.0
2025-12-22,09g30,CS2,H2-306,82,82,1,1.0
2025-12-22,09g30,CS2,H2-401,82,82,1,1.0
2025-12-22,09g30,CS2,H2-406,82,82,1,1.0
2025-12-22,09g30,CS2,H3-201,75,75,1,1.0
2025-12-22,09g30,CS2,H3-301,75,75,1,1.0
2025-12-22,09g30,CS2,H3-306,75,75,1,1.0
2025-12-22,09g30,CS2,H3-401,75,75,1,1.0
2025-12-22,09g30,CS2,H3-406,75,75,1,1.0
2025-12-22,09g30,CS2,H3-501,75,75,1,1.0
2025-12-22,09g30,CS2,H3-506,75,75,1,1.0
2025-12-22,09g30,CS2,H6-113,68,68,1,1.0
2025-12-22,09g30,CS2,H6-211,66,66,1,1.0
2025-12-22,09g30,CS2,H6-305,68,68,1,1.0
2025-12-22,09g30,CS2,H6-308,76,76,1,1.0
2025-12-22,09g30,CS2,H6-311,71,71,1,1.0
2025-12-22,09g30,CS2,H6-811,79,79,1,1.0
2025-12-22,09g30,CS2,H6-412,65,48,2,0.7384615384615385
2025-12-22,13g00,CS1,B1-208,44,44,1,1.0
2025-12-22,13g00,CS1,B1-306,44,44,1,1.0
2025-12-22,13g00,CS1,B4-305,42,42,2,1.0
2025-12-22,13g00,CS1,B4-306,42,42,2,1.0
2025-12-22,13g00,CS1,B4-406,57,57,1,1.0
2025-12-22,13g00,CS1,B4-501,42,42,2,1.0
2025-12-22,13g00,CS1,B4-505,63,63,1,1.0
2025-12-22,13g00,CS1,B6-306,42,42,3,1.0
2025-12-22,13g00,CS1,C4-502,42,42,1,1.0
2025-12-22,13g00,CS1,C5-303,42,42,2,1.0
2025-12-22,13g00,CS1,C5-401,42,42,3,1.0
2025-12-22,13g00,CS1,C6-102,50,50,1,1.0
2025-12-22,13g00,CS1,C6-103,50,50,1,1.0
2025-12-22,13g00,CS1,C5-403,42,21,2,0.5
2025-12-22,13g00,CS2,H1-101,73,73,10,1.0
2025-12-22,13g00,CS2,H2-201,82,82,1,1.0
2025-12-22,13g00,CS2,H2-206,82,82,1,1.0
2025-12-22,13g00,CS2,H2-301,82,82,1,1.0
2025-12-22,13g00,CS2,H2-306,82,82,1,1.0
2025-12-22,13g00,CS2,H2-401,82,82,1,1.0
2025-12-22,13g00,CS2,H2-406,82,82,1,1.0
2025-12-22,13g00,CS2,H3-201,75,75,3,1.0
2025-12-22,13g00,CS2,H3-301,75,75,3,1.0
2025-12-22,13g00,CS2,H3-306,75,75,3,1.0
2025-12-22,13g00,CS2,H3-401,75,75,2,1.0
2025-12-22,13g00,CS2,H3-406,75,75,2,1.0
2025-12-22,13g00,CS2,H3-501,75,75,2,1.0
2025-12-22,13g00,CS2,H3-506,75,75,1,1.0
2025-12-22,13g00,CS2,H6-308,76,76,1,1.0
2025-12-22,13g00,CS2,H6-811,79,79,1,1.0
2025-12-22,15g30,CS1,B4-505,63,63,1,1.0
2025-12-22,15g30,CS1,B4-406,57,30,1,0.5263157894736842
2025-12-22,15g30,CS2,H2-201,82,82,1,1.0
2025-12-22,15g30,CS2,H2-206,82,82,1,1.0
2025-12-22,15g30,CS2,H2-301,82,82,1,1.0
2025-12-22,15g30,CS2,H2-306,82,82,1,1.0
2025-12-22,15g30,CS2,H2-401,82,82,1,1.0
2025-12-22,15g30,CS2,H2-406,82,82,1,1.0
2025-12-22,15g30,CS2,H3-406,75,75,1,1.0
2025-12-22,15g30,CS2,H3-501,75,75,1,1.0
2025-12-22,15g30,CS2,H3-506,75,75,1,1.0
2025-12-22,15g30,CS2,H6-308,76,76,1,1.0
2025-12-22,15g30,CS2,H6-811,79,79,1,1.0
2025-12-22,15g30,CS2,H3-401,75,41,1,0.5466666666666666
2025-12-22,18g15,CS1,B1-208,44,44,5,1.0
2025-12-22,18g15,CS1,B4-406,57,57,2,1.0
2025-12-22,18g15,CS1,B4-505,63,63,2,1.0
2025-12-22,18g15,CS1,C6-102,50,50,3,1.0
2025-12-22,18g15,CS1,C6-103,50,50,2,1.0
2025-12-22,18g15,CS1,B1-306,44,9,2,0.20454545454545456
2025-12-23,07g00,CS1,B1-203,32,32,2,1.0
2025-12-23,07g00,CS1,B1-208,44,44,1,1.0
2025-12-23,07g00,CS1,B1-212,38,38,1,1.0
2025-12-23,07g00,CS1,B1-213,38,38,1,1.0
2025-12-23,07g00,CS1,B1-305,38,38,1,1.0
2025-12-23,07g00,CS1,B1-306,44,44,1,1.0
2025-12-23,07g00,CS1,B1-308,38,38,1,1.0
2025-12-23,07g00,CS1,B1-311,42,42,1,1.0
2025-12-23,07g00,CS1,B10-203,37,37,1,1.0
2025-12-23,07g00,CS1,B4-305,42,42,1,1.0
2025-12-23,07g00,CS1,B4-306,42,42,1,1.0
2025-12-23,07g00,CS1,B4-401,32,32,1,1.0
2025-12-23,07g00,CS1,B4-402,32,32,1,1.0
2025-12-23,07g00,CS1,B4-403,32,32,1,1.0
2025-12-23,07g00,CS1,B4-405,32,32,1,1.0
2025-12-23,07g00,CS1,B4-406,57,57,1,1.0
2025-12-23,07g00,CS1,B4-501,42,42,1,1.0
2025-12-23,07g00,CS1,B4-502,42,42,1,1.0
2025-12-23,07g00,CS1,B4-504,32,32,1,1.0
2025-12-23,07g00,CS1,B4-505,63,63,1,1.0
2025-12-23,07g00,CS1,B6-302,32,32,1,1.0
2025-12-23,07g00,CS1,B6-303,32,32,1,1.0
2025-12-23,07g00,CS1,B6-304,32,32,1,1.0
2025-12-23,07g00,CS1,B6-305,32,32,1,1.0
2025-12-23,07g00,CS1,B6-306,42,42,1,1.0
2025-12-23,07g00,CS1,B8-301,35,35,1,1.0
2025-12-23,07g00,CS1,B8-303,33,33,1,1.0
2025-12-23,07g00,CS1,B8-304,33,33,1,1.0
2025-12-23,07g00,CS1,B9-201,32,32,1,1.0
2025-12-23,07g00,CS1,C4-301,42,42,1,1.0
2025-12-23,07g00,CS1,C4-304,42,42,1,1.0
2025-12-23,07g00,CS1,C4-402,42,42,1,1.0
2025-12-23,07g00,CS1,C4-403,42,42,1,1.0
2025-12-23,07g00,CS1,C4-502,42,42,1,1.0
2025-12-23,07g00,CS1,C5-303,42,42,1,1.0
2025-12-23,07g00,CS1,C5-401,42,42,1,1.0
2025-12-23,07g00,CS1,C5-403,42,42,1,1.0
2025-12-23,07g00,CS1,C5-502,42,42,1,1.0
2025-12-23,07g00,CS1,C5-503,42,42,1,1.0
2025-12-23,07g00,CS1,C6-102,50,50,1,1.0
2025-12-23,07g00,CS1,C6-103,50,50,1,1.0
2025-12-23,07g00,CS1,C6-401,42,42,1,1.0
2025-12-23,07g00,CS1,C6-402,42,42,1,1.0
2025-12-23,07g00,CS1,C6-403,42,42,1,1.0
2025-12-23,07g00,CS1,B4-303,32,15,2,0.46875
2025-12-23,07g00,CS2,H1-101,73,73,1,1.0
2025-12-23,07g00,CS2,H1-104,73,73,1,1.0
2025-12-23,07g00,CS2,H1-204,68,68,1,1.0
2025-12-23,07g00,CS2,H1-307,71,71,1,1.0
2025-12-23,07g00,CS2,H1-401,66,66,1,1.0
2025-12-23,07g00,CS2,H1-404,66,66,1,1.0
2025-12-23,07g00,CS2,H2-201,82,82,1,1.0
2025-12-23,07g00,CS2,H2-206,82,82,1,1.0
2025-12-23,07g00,CS2,H2-207,71,71,1,1.0
2025-12-23,07g00,CS2,H2-301,82,82,1,1.0
2025-12-23,07g00,CS2,H2-306,82,82,1,1.0
2025-12-23,07g00,CS2,H2-401,82,82,1,1.0
2025-12-23,07g00,CS2,H2-406,82,82,1,1.0
2025-12-23,07g00,CS2,H3-201,75,75,1,1.0
2025-12-23,07g00,CS2,H3-301,75,75,1,1.0
2025-12-23,07g00,CS2,H3-306,75,75,1,1.0
2025-12-23,07g00,CS2,H3-401,75,75,1,1.0
2025-12-23,07g00,CS2,H3-406,75,75,1,1.0
2025-12-23,07g00,CS2,H3-501,75,75,1,1.0
2025-12-23,07g00,CS2,H3-506,75,75,1,1.0
2025-12-23,07g00,CS2,H6-113,68,68,1,1.0
2025-12-23,07g00,CS2,H6-211,66,66,1,1.0
2025-12-23,07g00,CS2,H6-305,68,68,1,1.0
2025-12-23,07g00,CS2,H6-308,76,76,1,1.0
2025-12-23,07g00,CS2,H6-311,71,71,1,1.0
2025-12-23,07g00,CS2,H6-405,63,63,2,1.0
2025-12-23,07g00,CS2,H6-412,65,65,1,1.0
2025-12-23,07g00,CS2,H6-802,63,63,2,1.0
2025-12-23,07g00,CS2,H6-810,63,63,1,1.0
2025-12-23,07g00,CS2,H6-811,79,79,1,1.0
2025-12-23,07g00,CS2,H6-201,63,53,2,0.8412698412698413
2025-12-23,09g30,CS1,B1-208,44,44,1,1.0
2025-12-23,09g30,CS1,B1-306,44,44,1,1.0
2025-12-23,09g30,CS1,B4-305,42,42,2,1.0
2025-12-23,09g30,CS1,B4-306,42,42,1,1.0
2025-12-23,09g30,CS1,B4-406,57,57,1,1.0
2025-12-23,09g30,CS1,B4-501,42,42,1,1.0
2025-12-23,09g30,CS1,B4-505,63,63,1,1.0
2025-12-23,09g30,CS1,B6-306,42,42,3,1.0
2025-12-23,09g30,CS1,C4-502,42,42,1,1.0
2025-12-23,09g30,CS1,C5-303,42,42,1,1.0
2025-12-23,09g30,CS1,C5-401,42,42,3,1.0
2025-12-23,09g30,CS1,C6-102,50,50,1,1.0
2025-12-23,09g30,CS1,C6-103,50,50,1,1.0
2025-12-23,09g30,CS1,C5-403,42,3,1,0.07142857142857142
2025-12-23,09g30,CS2,H1-101,73,73,1,1.0
2025-12-23,09g30,CS2,H1-104,73,73,1,1.0
2025-12-23,09g30,CS2,H1-204,68,68,1,1.0
2025-12-23,09g30,CS2,H1-307,71,71,1,1.0
2025-12-23,09g30,CS2,H1-401,66,66,1,1.0
2025-12-23,09g30,CS2,H1-404,66,66,1,1.0
2025-12-23,09g30,CS2,H2-201,82,82,1,1.0
2025-12-23,09g30,CS2,H2-206,82,82,1,1.0
2025-12-23,09g30,CS2,H2-207,71,71,1,1.0
2025-12-23,09g30,CS2,H2-301,82,82,1,1.0
2025-12-23,09g30,CS2,H2-306,82,82,1,1.0
2025-12-23,09g30,CS2,H2-401,82,82,1,1.0
2025-12-23,09g30,CS2,H2-406,82,82,1,1.0
2025-12-23,09g30,CS2,H3-201,75,75,1,1.0
2025-12-23,09g30,CS2,H3-301,75,75,1,1.0
2025-12-23,09g30,CS2,H3-306,75,75,1,1.0
2025-12-23,09g30,CS2,H3-401,75,75,1,1.0
2025-12-23,09g30,CS2,H3-406,75,75,1,1.0
2025-12-23,09g30,CS2,H3-501,75,75,1,1.0
2025-12-23,09g30,CS2,H3-506,75,75,1,1.0
2025-12-23,09g30,CS2,H6-113,68,68,1,1.0
2025-12-23,09g30,CS2,H6-211,66,66,1,1.0
2025-12-23,09g30,CS2,H6-305,68,68,1,1.0
2025-12-23,09g30,CS2,H6-308,76,76,1,1.0
2025-12-23,09g30,CS2,H6-311,71,71,1,1.0
2025-12-23,09g30,CS2,H6-405,63,63,2,1.0
2025-12-23,09g30,CS2,H6-412,65,65,1,1.0
2025-12-23,09g30,CS2,H6-802,63,63,1,1.0
2025-12-23,09g30,CS2,H6-810,63,63,1,1.0
2025-12-23,09g30,CS2,H6-811,79,79,1,1.0
2025-12-23,09g30,CS2,H6-201,63,45,3,0.7142857142857143
2025-12-23,13g00,CS1,B1-208,44,44,2,1.0
2025-12-23,13g00,CS1,B1-306,44,44,2,1.0
2025-12-23,13g00,CS1,B4-406,57,57,2,1.0
2025-12-23,13g00,CS1,B4-505,63,63,1,1.0
2025-12-23,13g00,CS1,C4-502,42,42,2,1.0
2025-12-23,13g00,CS1,C6-102,50,50,2,1.0
2025-12-23,13g00,CS1,C6-103,50,50,2,1.0
2025-12-23,13g00,CS1,C5-303,42,34,4,0.8095238095238095
2025-12-23,13g00,CS2,H2-201,82,82,1,1.0
2025-12-23,13g00,CS2,H2-206,82,82,1,1.0
2025-12-23,13g00,CS2,H2-301,82,82,1,1.0
2025-12-23,13g00,CS2,H2-306,82,82,1,1.0
2025-12-23,13g00,CS2,H2-401,82,82,1,1.0
2025-12-23,13g00,CS2,H2-406,82,82,1,1.0
2025-12-23,13g00,CS2,H3-201,75,75,4,1.0
2025-12-23,13g00,CS2,H3-301,75,75,4,1.0
2025-12-23,13g00,CS2,H3-306,75,75,3,1.0
2025-12-23,13g00,CS2,H3-401,75,75,2,1.0
2025-12-23,13g00,CS2,H3-406,75,75,2,1.0
2025-12-23,13g00,CS2,H3-501,75,75,2,1.0
2025-12-23,13g00,CS2,H3-506,75,75,1,1.0
2025-12-23,13g00,CS2,H6-308,76,76,1,1.0
2025-12-23,13g00,CS2,H6-811,79,79,1,1.0
2025-12-23,13g00,CS2,H1-101,73,10,2,0.136986301369863
2025-12-23,15g30,CS1,B4-505,63,63,1,1.0
2025-12-23,15g30,CS1,B4-406,57,12,1,0.21052631578947367
2025-12-23,15g30,CS2,H2-201,82,82,1,1.0
2025-12-23,15g30,CS2,H2-406,82,54,1,0.6585365853658537
2025-12-23,18g15,CS1,B1-208,44,44,3,1.0
2025-12-23,18g15,CS1,B4-406,57,57,1,1.0
2025-12-23,18g15,CS1,B4-505,63,63,1,1.0
2025-12-23,18g15,CS1,C6-102,50,50,2,1.0
2025-12-23,18g15,CS1,C6-103,50,50,2,1.0
2025-12-23,18g15,CS1,B1-306,44,23,4,0.5227272727272727
2025-12-24,07g00,CS1,B1-208,44,44,1,1.0
2025-12-24,07g00,CS1,B1-212,38,38,1,1.0
2025-12-24,07g00,CS1,B1-213,38,38,1,1.0
2025-12-24,07g00,CS1,B1-305,38,38,1,1.0
2025-12-24,07g00,CS1,B1-306,44,44,1,1.0
2025-12-24,07g00,CS1,B1-308,38,38,1,1.0
2025-12-24,07g00,CS1,B1-311,42,42,1,1.0
2025-12-24,07g00,CS1,B10-203,37,37,1,1.0
2025-12-24,07g00,CS1,B4-305,42,42,1,1.0
2025-12-24,07g00,CS1,B4-306,42,42,1,1.0
2025-12-24,07g00,CS1,B4-406,57,57,1,1.0
2025-12-24,07g00,CS1,B4-501,42,42,1,1.0
2025-12-24,07g00,CS1,B4-502,42,42,1,1.0
2025-12-24,07g00,CS1,B4-505,63,63,1,1.0
2025-12-24,07g00,CS1,B6-303,32,32,3,1.0
2025-12-24,07g00,CS1,B6-304,32,32,2,1.0
2025-12-24,07g00,CS1,B6-305,32,32,2,1.0
2025-12-24,07g00,CS1,B6-306,42,42,1,1.0
2025-12-24,07g00,CS1,B8-301,35,35,1,1.0
2025-12-24,07g00,CS1,B8-303,33,33,1,1.0
2025-12-24,07g00,CS1,B8-304,33,33,2,1.0
2025-12-24,07g00,CS1,C4-301,42,42,1,1.0
2025-12-24,07g00,CS1,C4-304,42,42,1,1.0
2025-12-24,07g00,CS1,C4-402,42,42,1,1.0
2025-12-24,07g00,CS1,C4-403,42,42,1,1.0
2025-12-24,07g00,CS1,C4-502,42,42,1,1.0
2025-12-24,07g00,CS1,C5-303,42,42,1,1.0
2025-12-24,07g00,CS1,C5-401,42,42,1,1.0
2025-12-24,07g00,CS1,C5-403,42,42,1,1.0
2025-12-24,07g00,CS1,C5-502,42,42,1,1.0
2025-12-24,07g00,CS1,C5-503,42,42,1,1.0
2025-12-24,07g00,CS1,C6-102,50,50,1,1.0
2025-12-24,07g00,CS1,C6-103,50,50,1,1.0
2025-12-24,07g00,CS1,C6-401,42,42,1,1.0
2025-12-24,07g00,CS1,C6-402,42,42,1,1.0
2025-12-24,07g00,CS1,C6-403,42,42,1,1.0
2025-12-24,07g00,CS1,B6-302,32,20,4,0.625
2025-12-24,07g00,CS2,H1-101,73,73,1,1.0
2025-12-24,07g00,CS2,H1-104,73,73,1,1.0
2025-12-24,07g00,CS2,H1-204,68,68,1,1.0
2025-12-24,07g00,CS2,H1-307,71,71,1,1.0
2025-12-24,07g00,CS2,H1-401,66,66,1,1.0
2025-12-24,07g00,CS2,H1-404,66,66,1,1.0
2025-12-24,07g00,CS2,H1-405,63,63,1,1.0
2025-12-24,07g00,CS2,H2-201,82,82,1,1.0
2025-12-24,07g00,CS2,H2-202,62,62,2,1.0
2025-12-24,07g00,CS2,H2-205,62,62,3,1.0
2025-12-24,07g00,CS2,H2-206,82,82,1,1.0
2025-12-24,07g00,CS2,H2-207,71,71,1,1.0
2025-12-24,07g00,CS2,H2-301,82,82,1,1.0
2025-12-24,07g00,CS2,H2-306,82,82,1,1.0
2025-12-24,07g00,CS2,H2-307,62,62,3,1.0
2025-12-24,07g00,CS2,H2-401,82,82,1,1.0
2025-12-24,07g00,CS2,H2-406,82,82,1,1.0
2025-12-24,07g00,CS2,H3-201,75,75,1,1.0
2025-12-24,07g00,CS2,H3-301,75,75,1,1.0
2025-12-24,07g00,CS2,H3-306,75,75,1,1.0
2025-12-24,07g00,CS2,H3-401,75,75,1,1.0
2025-12-24,07g00,CS2,H3-406,75,75,1,1.0
2025-12-24,07g00,CS2,H3-501,75,75,1,1.0
2025-12-24,07g00,CS2,H3-506,75,75,1,1.0
2025-12-24,07g00,CS2,H3-606,63,63,1,1.0
2025-12-24,07g00,CS2,H6-113,68,68,1,1.0
2025-12-24,07g00,CS2,H6-201,63,63,1,1.0
2025-12-24,07g00,CS2,H6-205,62,62,4,1.0
2025-12-24,07g00,CS2,H6-208,62,62,1,1.0
2025-12-24,07g00,CS2,H6-211,66,66,1,1.0
2025-12-24,07g00,CS2,H6-305,68,68,1,1.0
2025-12-24,07g00,CS2,H6-308,76,76,1,1.0
2025-12-24,07g00,CS2,H6-311,71,71,1,1.0
2025-12-24,07g00,CS2,H6-405,63,63,1,1.0
2025-12-24,07g00,CS2,H6-412,65,65,1,1.0
2025-12-24,07g00,CS2,H6-802,63,63,1,1.0
2025-12-24,07g00,CS2,H6-810,63,63,1,1.0
2025-12-24,07g00,CS2,H6-811,79,79,1,1.0
2025-12-24,07g00,CS2,H2-302,62,43,5,0.6935483870967742
2025-12-24,09g30,CS1,B1-208,44,44,2,1.0
2025-12-24,09g30,CS1,B1-306,44,44,3,1.0
2025-12-24,09g30,CS1,B4-406,57,57,1,1.0
2025-12-24,09g30,CS1,B4-505,63,63,1,1.0
2025-12-24,09g30,CS1,C6-102,50,50,1,1.0
2025-12-24,09g30,CS1,C6-103,50,50,1,1.0
2025-12-24,09g30,CS1,C4-502,42,15,3,0.35714285714285715
2025-12-24,09g30,CS2,H2-201,82,82,2,1.0
2025-12-24,09g30,CS2,H2-301,82,82,5,1.0
2025-12-24,09g30,CS2,H2-306,82,82,3,1.0
2025-12-24,09g30,CS2,H2-401,82,82,2,1.0
2025-12-24,09g30,CS2,H2-406,82,82,2,1.0
2025-12-24,09g30,CS2,H2-206,82,38,3,0.4634146341463415
2025-12-24,13g00,CS1,B1-208,44,44,1,1.0
2025-12-24,13g00,CS1,B1-306,44,44,1,1.0
2025-12-24,13g00,CS1,B1-311,42,42,1,1.0
2025-12-24,13g00,CS1,B4-305,42,42,1,1.0
2025-12-24,13g00,CS1,B4-306,42,42,1,1.0
2025-12-24,13g00,CS1,B4-406,57,57,1,1.0
2025-12-24,13g00,CS1,B4-501,42,42,1,1.0
2025-12-24,13g00,CS1,B4-502,42,42,1,1.0
2025-12-24,13g00,CS1,B4-505,63,63,1,1.0
2025-12-24,13g00,CS1,B6-306,42,42,1,1.0
2025-12-24,13g00,CS1,C4-301,42,42,1,1.0
2025-12-24,13g00,CS1,C4-403,42,42,1,1.0
2025-12-24,13g00,CS1,C4-502,42,42,1,1.0
2025-12-24,13g00,CS1,C5-303,42,42,1,1.0
2025-12-24,13g00,CS1,C5-401,42,42,1,1.0
2025-12-24,13g00,CS1,C5-403,42,42,1,1.0
2025-12-24,13g00,CS1,C5-502,42,42,1,1.0
2025-12-24,13g00,CS1,C5-503,42,42,1,1.0
2025-12-24,13g00,CS1,C6-102,50,50,1,1.0
2025-12-24,13g00,CS1,C6-103,50,50,1,1.0
2025-12-24,13g00,CS1,C6-403,42,42,2,1.0
2025-12-24,13g00,CS1,C6-402,42,20,2,0.47619047619047616
2025-12-24,13g00,CS2,H1-101,73,73,1,1.0
2025-12-24,13g00,CS2,H1-104,73,73,1,1.0
2025-12-24,13g00,CS2,H1-204,68,68,1,1.0
2025-12-24,13g00,CS2,H1-307,71,71,1,1.0
2025-12-24,13g00,CS2,H1-401,66,66,1,1.0
2025-12-24,13g00,CS2,H1-404,66,66,1,1.0
2025-12-24,13g00,CS2,H1-405,63,63,2,1.0
2025-12-24,13g00,CS2,H2-201,82,82,1,1.0
2025-12-24,13g00,CS2,H2-202,62,62,2,1.0
2025-12-24,13g00,CS2,H2-206,82,82,1,1.0
2025-12-24,13g00,CS2,H2-207,71,71,1,1.0
2025-12-24,13g00,CS2,H2-301,82,82,1,1.0
2025-12-24,13g00,CS2,H2-306,82,82,1,1.0
2025-12-24,13g00,CS2,H2-401,82,82,1,1.0
2025-12-24,13g00,CS2,H2-406,82,82,1,1.0
2025-12-24,13g00,CS2,H3-201,75,75,1,1.0
2025-12-24,13g00,CS2,H3-301,75,75,1,1.0
2025-12-24,13g00,CS2,H3-306,75,75,1,1.0
2025-12-24,13g00,CS2,H3-401,75,75,1,1.0
2025-12-24,13g00,CS2,H3-406,75,75,1,1.0
2025-12-24,13g00,CS2,H3-501,75,75,1,1.0
2025-12-24,13g00,CS2,H3-506,75,75,1,1.0
2025-12-24,13g00,CS2,H3-606,63,63,1,1.0
2025-12-24,13g00,CS2,H6-113,68,68,1,1.0
2025-12-24,13g00,CS2,H6-201,63,63,1,1.0
2025-12-24,13g00,CS2,H6-208,62,62,2,1.0
2025-12-24,13g00,CS2,H6-211,66,66,1,1.0
2025-12-24,13g00,CS2,H6-305,68,68,1,1.0
2025-12-24,13g00,CS2,H6-308,76,76,1,1.0
2025-12-24,13g00,CS2,H6-311,71,71,1,1.0
2025-12-24,13g00,CS2,H6-405,63,63,1,1.0
2025-12-24,13g00,CS2,H6-412,65,65,1,1.0
2025-12-24,13g00,CS2,H6-802,63,63,1,1.0
2025-12-24,13g00,CS2,H6-810,63,63,1,1.0
2025-12-24,13g00,CS2,H6-811,79,79,1,1.0
2025-12-24,13g00,CS2,H2-205,62,26,1,0.41935483870967744
2025-12-24,15g30,CS1,B1-208,44,44,1,1.0
2025-12-24,15g30,CS1,B1-306,44,44,2,1.0
2025-12-24,15g30,CS1,B4-406,57,57,1,1.0
2025-12-24,15g30,CS1,B4-505,63,63,1,1.0
2025-12-24,15g30,CS1,C6-102,50,50,1,1.0
2025-12-24,15g30,CS1,C6-103,50,50,1,1.0
2025-12-24,15g30,CS1,C4-502,42,4,2,0.09523809523809523
2025-12-24,15g30,CS2,H2-201,82,82,1,1.0
2025-12-24,15g30,CS2,H2-406,82,82,2,1.0
2025-12-24,15g30,CS2,H2-401,82,62,1,0.7560975609756098
2025-12-24,18g15,CS1,B1-208,44,44,1,1.0
2025-12-24,18g15,CS1,B1-306,44,44,2,1.0
2025-12-24,18g15,CS1,B4-406,57,57,1,1.0
2025-12-24,18g15,CS1,B4-505,63,63,1,1.0
2025-12-24,18g15,CS1,C4-502,42,42,3,1.0
2025-12-24,18g15,CS1,C5-303,42,42,3,1.0
2025-12-24,18g15,CS1,C6-102,50,50,1,1.0
2025-12-24,18g15,CS1,C6-103,50,50,1,1.0
2025-12-24,18g15,CS1,B4-501,42,38,6,0.9047619047619048
2025-12-25,07g00,CS1,B1-208,44,44,1,1.0
2025-12-25,07g00,CS1,B1-212,38,38,1,1.0
2025-12-25,07g00,CS1,B1-213,38,38,2,1.0
2025-12-25,07g00,CS1,B1-305,38,38,1,1.0
2025-12-25,07g00,CS1,B1-306,44,44,1,1.0
2025-12-25,07g00,CS1,B1-308,38,38,1,1.0
2025-12-25,07g00,CS1,B1-311,42,42,1,1.0
2025-12-25,07g00,CS1,B10-203,37,37,2,1.0
2025-12-25,07g00,CS1,B4-305,42,42,1,1.0
2025-12-25,07g00,CS1,B4-306,42,42,1,1.0
2025-12-25,07g00,CS1,B4-406,57,57,1,1.0
2025-12-25,07g00,CS1,B4-501,42,42,1,1.0
2025-12-25,07g00,CS1,B4-502,42,42,1,1.0
2025-12-25,07g00,CS1,B4-505,63,63,1,1.0
2025-12-25,07g00,CS1,B6-305,32,32,4,1.0
2025-12-25,07g00,CS1,B6-306,42,42,1,1.0
2025-12-25,07g00,CS1,B8-301,35,35,2,1.0
2025-12-25,07g00,CS1,B8-303,33,33,2,1.0
2025-12-25,07g00,CS1,B8-304,33,33,3,1.0
2025-12-25,07g00,CS1,C4-301,42,42,1,1.0
2025-12-25,07g00,CS1,C4-304,42,42,1,1.0
2025-12-25,07g00,CS1,C4-402,42,42,1,1.0
2025-12-25,07g00,CS1,C4-403,42,42,1,1.0
2025-12-25,07g00,CS1,C4-502,42,42,1,1.0
2025-12-25,07g00,CS1,C5-303,42,42,1,1.0
2025-12-25,07g00,CS1,C5-401,42,42,1,1.0
2025-12-25,07g00,CS1,C5-403,42,42,1,1.0
2025-12-25,07g00,CS1,C5-502,42,42,1,1.0
2025-12-25,07g00,CS1,C5-503,42,42,1,1.0
2025-12-25,07g00,CS1,C6-102,50,50,1,1.0
2025-12-25,07g00,CS1,C6-103,50,50,1,1.0
2025-12-25,07g00,CS1,C6-401,42,42,1,1.0
2025-12-25,07g00,CS1,C6-402,42,42,1,1.0
2025-12-25,07g00,CS1,C6-403,42,42,1,1.0
2025-12-25,07g00,CS1,B6-304,32,17,4,0.53125
2025-12-25,07g00,CS2,H1-101,73,73,1,1.0
2025-12-25,07g00,CS2,H1-104,73,73,1,1.0
2025-12-25,07g00,CS2,H1-204,68,68,2,1.0
2025-12-25,07g00,CS2,H1-307,71,71,1,1.0
2025-12-25,07g00,CS2,H1-401,66,66,2,1.0
2025-12-25,07g00,CS2,H1-404,66,66,2,1.0
2025-12-25,07g00,CS2,H2-201,82,82,1,1.0
2025-12-25,07g00,CS2,H2-206,82,82,1,1.0
2025-12-25,07g00,CS2,H2-207,71,71,1,1.0
2025-12-25,07g00,CS2,H2-301,82,82,1,1.0
2025-12-25,07g00,CS2,H2-306,82,82,1,1.0
2025-12-25,07g00,CS2,H2-401,82,82,1,1.0
2025-12-25,07g00,CS2,H2-406,82,82,1,1.0
2025-12-25,07g00,CS2,H3-201,75,75,1,1.0
2025-12-25,07g00,CS2,H3-301,75,75,1,1.0
2025-12-25,07g00,CS2,H3-306,75,75,1,1.0
2025-12-25,07g00,CS2,H3-401,75,75,1,1.0
2025-12-25,07g00,CS2,H3-406,75,75,1,1.0
2025-12-25,07g00,CS2,H3-501,75,75,1,1.0
2025-12-25,07g00,CS2,H3-506,75,75,1,1.0
2025-12-25,07g00,CS2,H3-606,63,63,4,1.0
2025-12-25,07g00,CS2,H6-113,68,68,1,1.0
2025-12-25,07g00,CS2,H6-201,63,63,3,1.0
2025-12-25,07g00,CS2,H6-211,66,66,2,1.0
2025-12-25,07g00,CS2,H6-305,68,68,1,1.0
2025-12-25,07g00,CS2,H6-308,76,76,1,1.0
2025-12-25,07g00,CS2,H6-311,71,71,1,1.0
2025-12-25,07g00,CS2,H6-405,63,63,3,1.0
2025-12-25,07g00,CS2,H6-412,65,65,2,1.0
2025-12-25,07g00,CS2,H6-802,63,63,2,1.0
2025-12-25,07g00,CS2,H6-810,63,63,2,1.0
2025-12-25,07g00,CS2,H6-811,79,79,1,1.0
2025-12-25,07g00,CS2,H1-405,63,28,4,0.4444444444444444
2025-12-25,09g30,CS1,B4-406,57,57,1,1.0
2025-12-25,09g30,CS1,B4-505,63,63,1,1.0
2025-12-25,09g30,CS1,C6-103,50,50,2,1.0
2025-12-25,09g30,CS1,C6-102,50,9,1,0.18
2025-12-25,09g30,CS2,H2-201,82,82,1,1.0
2025-12-25,09g30,CS2,H2-301,82,82,2,1.0
2025-12-25,09g30,CS2,H2-306,82,82,1,1.0
2025-12-25,09g30,CS2,H2-401,82,82,1,1.0
2025-12-25,09g30,CS2,H2-406,82,82,1,1.0
2025-12-25,09g30,CS2,H2-206,82,11,1,0.13414634146341464
2025-12-25,13g00,CS1,B1-208,44,44,2,1.0
2025-12-25,13g00,CS1,B1-306,44,44,2,1.0
2025-12-25,13g00,CS1,B4-406,57,57,2,1.0
2025-12-25,13g00,CS1,B4-505,63,63,1,1.0
2025-12-25,13g00,CS1,C6-102,50,50,2,1.0
2025-12-25,13g00,CS1,C6-103,50,50,2,1.0
2025-12-25,13g00,CS1,C4-502,42,38,3,0.9047619047619048
2025-12-25,13g00,CS2,H2-201,82,82,1,1.0
2025-12-25,13g00,CS2,H2-206,82,82,2,1.0
2025-12-25,13g00,CS2,H2-301,82,82,1,1.0
2025-12-25,13g00,CS2,H2-306,82,82,1,1.0
2025-12-25,13g00,CS2,H2-401,82,82,1,1.0
2025-12-25,13g00,CS2,H2-406,82,82,1,1.0
2025-12-25,13g00,CS2,H3-506,75,75,3,1.0
2025-12-25,13g00,CS2,H6-308,76,76,2,1.0
2025-12-25,13g00,CS2,H6-811,79,79,2,1.0
2025-12-25,13g00,CS2,H3-501,75,26,3,0.3466666666666667
2025-12-25,15g30,CS1,B1-208,44,44,1,1.0
2025-12-25,15g30,CS1,B4-406,57,57,1,1.0
2025-12-25,15g30,CS1,B4-505,63,63,1,1.0
2025-12-25,15g30,CS1,C6-102,50,50,1,1.0
2025-12-25,15g30,CS1,C6-103,50,50,1,1.0
2025-12-25,15g30,CS1,B1-306,44,8,2,0.18181818181818182
2025-12-25,15g30,CS2,H2-201,82,73,1,0.8902439024390244
2025-12-25,18g15,CS1,B1-208,44,44,3,1.0
2025-12-25,18g15,CS1,B4-406,57,57,2,1.0
2025-12-25,18g15,CS1,B4-505,63,63,1,1.0
2025-12-25,18g15,CS1,C6-102,50,50,3,1.0
2025-12-25,18g15,CS1,C6-103,50,50,2,1.0
2025-12-25,18g15,CS1,B1-306,44,22,2,0.5
2025-12-26,07g00,CS1,B1-208,44,44,1,1.0
2025-12-26,07g00,CS1,B1-212,38,38,1,1.0
2025-12-26,07g00,CS1,B1-213,38,38,2,1.0
2025-12-26,07g00,CS1,B1-305,38,38,1,1.0
2025-12-26,07g00,CS1,B1-306,44,44,1,1.0
2025-12-26,07g00,CS1,B1-308,38,38,1,1.0
2025-12-26,07g00,CS1,B1-311,42,42,1,1.0
2025-12-26,07g00,CS1,B10-203,37,37,2,1.0
2025-12-26,07g00,CS1,B4-305,42,42,1,1.0
2025-12-26,07g00,CS1,B4-306,42,42,1,1.0
2025-12-26,07g00,CS1,B4-406,57,57,1,1.0
2025-12-26,07g00,CS1,B4-501,42,42,1,1.0
2025-12-26,07g00,CS1,B4-502,42,42,1,1.0
2025-12-26,07g00,CS1,B4-505,63,63,1,1.0
2025-12-26,07g00,CS1,B6-306,42,42,1,1.0
2025-12-26,07g00,CS1,C4-301,42,42,1,1.0
2025-12-26,07g00,CS1,C4-304,42,42,1,1.0
2025-12-26,07g00,CS1,C4-402,42,42,1,1.0
2025-12-26,07g00,CS1,C4-403,42,42,1,1.0
2025-12-26,07g00,CS1,C4-502,42,42,1,1.0
2025-12-26,07g00,CS1,C5-303,42,42,1,1.0
2025-12-26,07g00,CS1,C5-401,42,42,1,1.0
2025-12-26,07g00,CS1,C5-403,42,42,1,1.0
2025-12-26,07g00,CS1,C5-502,42,42,1,1.0
2025-12-26,07g00,CS1,C5-503,42,42,1,1.0
2025-12-26,07g00,CS1,C6-102,50,50,1,1.0
2025-12-26,07g00,CS1,C6-103,50,50,1,1.0
2025-12-26,07g00,CS1,C6-401,42,42,1,1.0
2025-12-26,07g00,CS1,C6-402,42,42,1,1.0
2025-12-26,07g00,CS1,C6-403,42,42,1,1.0
2025-12-26,07g00,CS1,B8-301,35,21,4,0.6
2025-12-26,07g00,CS2,H1-101,73,73,1,1.0
2025-12-26,07g00,CS2,H1-104,73,73,1,1.0
2025-12-26,07g00,CS2,H1-204,68,68,1,1.0
2025-12-26,07g00,CS2,H1-307,71,71,1,1.0
2025-12-26,07g00,CS2,H1-401,66,66,1,1.0
2025-12-26,07g00,CS2,H1-404,66,66,1,1.0
2025-12-26,07g00,CS2,H1-405,63,63,1,1.0
2025-12-26,07g00,CS2,H2-201,82,82,1,1.0
2025-12-26,07g00,CS2,H2-202,62,62,3,1.0
2025-12-26,07g00,CS2,H2-206,82,82,1,1.0
2025-12-26,07g00,CS2,H2-207,71,71,1,1.0
2025-12-26,07g00,CS2,H2-301,82,82,1,1.0
2025-12-26,07g00,CS2,H2-306,82,82,1,1.0
2025-12-26,07g00,CS2,H2-401,82,82,1,1.0
2025-12-26,07g00,CS2,H2-406,82,82,1,1.0
2025-12-26,07g00,CS2,H3-201,75,75,1,1.0
2025-12-26,07g00,CS2,H3-301,75,75,1,1.0
2025-12-26,07g00,CS2,H3-306,75,75,1,1.0
2025-12-26,07g00,CS2,H3-401,75,75,1,1.0
2025-12-26,07g00,CS2,H3-406,75,75,1,1.0
2025-12-26,07g00,CS2,H3-501,75,75,1,1.0
2025-12-26,07g00,CS2,H3-506,75,75,1,1.0
2025-12-26,07g00,CS2,H3-606,63,63,1,1.0
2025-12-26,07g00,CS2,H6-113,68,68,1,1.0
2025-12-26,07g00,CS2,H6-201,63,63,1,1.0
2025-12-26,07g00,CS2,H6-208,62,62,2,1.0
2025-12-26,07g00,CS2,H6-211,66,66,1,1.0
2025-12-26,07g00,CS2,H6-305,68,68,1,1.0
2025-12-26,07g00,CS2,H6-308,76,76,1,1.0
2025-12-26,07g00,CS2,H6-311,71,71,1,1.0
2025-12-26,07g00,CS2,H6-405,63,63,1,1.0
2025-12-26,07g00,CS2,H6-412,65,65,1,1.0
2025-12-26,07g00,CS2,H6-802,63,63,1,1.0
2025-12-26,07g00,CS2,H6-810,63,63,1,1.0
2025-12-26,07g00,CS2,H6-811,79,79,1,1.0
2025-12-26,07g00,CS2,H2-205,62,30,4,0.4838709677419355
2025-12-26,09g30,CS1,B1-208,44,44,1,1.0
2025-12-26,09g30,CS1,B1-306,44,44,1,1.0
2025-12-26,09g30,CS1,B4-305,42,42,2,1.0
2025-12-26,09g30,CS1,B4-306,42,42,2,1.0
2025-12-26,09g30,CS1,B4-406,57,57,1,1.0
2025-12-26,09g30,CS1,B4-501,42,42,1,1.0
2025-12-26,09g30,CS1,B4-505,63,63,1,1.0
2025-12-26,09g30,CS1,B6-306,42,42,3,1.0
2025-12-26,09g30,CS1,C4-502,42,42,1,1.0
2025-12-26,09g30,CS1,C5-303,42,42,1,1.0
2025-12-26,09g30,CS1,C5-401,42,42,3,1.0
2025-12-26,09g30,CS1,C6-102,50,50,1,1.0
2025-12-26,09g30,CS1,C6-103,50,50,1,1.0
2025-12-26,09g30,CS1,C5-403,42,13,2,0.30952380952380953
2025-12-26,09g30,CS2,H2-201,82,82,1,1.0
2025-12-26,09g30,CS2,H2-206,82,82,2,1.0
2025-12-26,09g30,CS2,H2-301,82,82,2,1.0
2025-12-26,09g30,CS2,H2-306,82,82,1,1.0
2025-12-26,09g30,CS2,H2-401,82,82,1,1.0
2025-12-26,09g30,CS2,H2-406,82,82,1,1.0
2025-12-26,09g30,CS2,H6-308,76,76,3,1.0
2025-12-26,09g30,CS2,H6-811,79,79,2,1.0
2025-12-26,09g30,CS2,H3-506,75,57,4,0.76
2025-12-26,13g00,CS1,B1-208,44,44,1,1.0
2025-12-26,13g00,CS1,B1-306,44,44,2,1.0
2025-12-26,13g00,CS1,B4-406,57,57,1,1.0
2025-12-26,13g00,CS1,B4-505,63,63,1,1.0
2025-12-26,13g00,CS1,C4-502,42,42,2,1.0
2025-12-26,13g00,CS1,C5-303,42,42,3,1.0
2025-12-26,13g00,CS1,C6-102,50,50,1,1.0
2025-12-26,13g00,CS1,C6-103,50,50,1,1.0
2025-12-26,13g00,CS1,B4-501,42,25,3,0.5952380952380952
2025-12-26,13g00,CS2,H1-101,73,73,1,1.0
2025-12-26,13g00,CS2,H1-104,73,73,1,1.0
2025-12-26,13g00,CS2,H1-204,68,68,1,1.0
2025-12-26,13g00,CS2,H1-307,71,71,1,1.0
2025-12-26,13g00,CS2,H1-401,66,66,1,1.0
2025-12-26,13g00,CS2,H1-404,66,66,1,1.0
2025-12-26,13g00,CS2,H1-405,63,63,2,1.0
2025-12-26,13g00,CS2,H2-201,82,82,1,1.0
2025-12-26,13g00,CS2,H2-202,62,62,3,1.0
2025-12-26,13g00,CS2,H2-205,62,62,4,1.0
2025-12-26,13g00,CS2,H2-206,82,82,1,1.0
2025-12-26,13g00,CS2,H2-207,71,71,1,1.0
2025-12-26,13g00,CS2,H2-301,82,82,1,1.0
2025-12-26,13g00,CS2,H2-306,82,82,1,1.0
2025-12-26,13g00,CS2,H2-401,82,82,1,1.0
2025-12-26,13g00,CS2,H2-406,82,82,1,1.0
2025-12-26,13g00,CS2,H3-201,75,75,1,1.0
2025-12-26,13g00,CS2,H3-301,75,75,1,1.0
2025-12-26,13g00,CS2,H3-306,75,75,1,1.0
2025-12-26,13g00,CS2,H3-401,75,75,1,1.0
2025-12-26,13g00,CS2,H3-406,75,75,1,1.0
2025-12-26,13g00,CS2,H3-501,75,75,1,1.0
2025-12-26,13g00,CS2,H3-506,75,75,1,1.0
2025-12-26,13g00,CS2,H3-606,63,63,2,1.0
2025-12-26,13g00,CS2,H6-113,68,68,1,1.0
2025-12-26,13g00,CS2,H6-201,63,63,1,1.0
2025-12-26,13g00,CS2,H6-208,62,62,2,1.0
2025-12-26,13g00,CS2,H6-211,66,66,1,1.0
2025-12-26,13g00,CS2,H6-305,68,68,1,1.0
2025-12-26,13g00,CS2,H6-308,76,76,1,1.0
2025-12-26,13g00,CS2,H6-311,71,71,1,1.0
2025-12-26,13g00,CS2,H6-405,63,63,1,1.0
2025-12-26,13g00,CS2,H6-412,65,65,1,1.0
2025-12-26,13g00,CS2,H6-802,63,63,1,1.0
2025-12-26,13g00,CS2,H6-810,63,63,1,1.0
2025-12-26,13g00,CS2,H6-811,79,79,1,1.0
2025-12-26,13g00,CS2,H2-307,62,9,2,0.14516129032258066
2025-12-26,15g30,CS1,B4-406,57,57,1,1.0
2025-12-26,15g30,CS1,B4-505,63,63,1,1.0
2025-12-26,15g30,CS1,C6-103,50,50,1,1.0
2025-12-26,15g30,CS1,C6-102,50,46,2,0.92
2025-12-26,15g30,CS2,H2-201,82,82,1,1.0
2025-12-26,15g30,CS2,H2-406,82,42,1,0.5121951219512195
2025-12-26,18g15,CS1,B4-505,63,63,3,1.0
2025-12-26,18g15,CS1,B4-406,57,30,3,0.5263157894736842
2025-12-27,07g00,CS1,B4-505,63,63,2,1.0
2025-12-27,07g00,CS1,B4-406,57,15,1,0.2631578947368421
2025-12-27,07g00,CS2,H2-201,82,82,1,1.0
2025-12-27,07g00,CS2,H2-206,82,82,1,1.0
2025-12-27,07g00,CS2,H2-301,82,82,1,1.0
2025-12-27,07g00,CS2,H2-306,82,82,1,1.0
2025-12-27,07g00,CS2,H2-401,82,82,1,1.0
2025-12-27,07g00,CS2,H2-406,82,82,1,1.0
2025-12-27,07g00,CS2,H3-301,75,75,1,1.0
2025-12-27,07g00,CS2,H3-306,75,75,1,1.0
2025-12-27,07g00,CS2,H3-401,75,75,1,1.0
2025-12-27,07g00,CS2,H3-406,75,75,1,1.0
2025-12-27,07g00,CS2,H3-501,75,75,1,1.0
2025-12-27,07g00,CS2,H3-506,75,75,1,1.0
2025-12-27,07g00,CS2,H6-308,76,76,1,1.0
2025-12-27,07g00,CS2,H6-811,79,79,1,1.0
2025-12-27,07g00,CS2,H3-201,75,16,1,0.21333333333333335
2025-12-27,09g30,CS1,B1-208,44,44,1,1.0
2025-12-27,09g30,CS1,B1-306,44,44,1,1.0
2025-12-27,09g30,CS1,B4-406,57,57,1,1.0
2025-12-27,09g30,CS1,B4-505,63,63,1,1.0
2025-12-27,09g30,CS1,C4-502,42,42,2,1.0
2025-12-27,09g30,CS1,C6-102,50,50,1,1.0
2025-12-27,09g30,CS1,C6-103,50,50,1,1.0
2025-12-27,09g30,CS1,C5-303,42,5,1,0.11904761904761904
2025-12-27,09g30,CS2,H2-201,82,82,1,1.0
2025-12-27,09g30,CS2,H2-206,82,82,2,1.0
2025-12-27,09g30,CS2,H2-301,82,82,1,1.0
2025-12-27,09g30,CS2,H2-306,82,82,1,1.0
2025-12-27,09g30,CS2,H2-401,82,82,1,1.0
2025-12-27,09g30,CS2,H2-406,82,82,1,1.0
2025-12-27,09g30,CS2,H6-811,79,5,1,0.06329113924050633
2025-12-27,13g00,CS1,B1-208,44,44,5,1.0
2025-12-27,13g00,CS1,B4-406,57,57,2,1.0
2025-12-27,13g00,CS1,B4-505,63,63,1,1.0
2025-12-27,13g00,CS1,C6-102,50,50,3,1.0
2025-12-27,13g00,CS1,C6-103,50,50,3,1.0
2025-12-27,13g00,CS1,B1-306,44,7,2,0.1590909090909091
2025-12-27,13g00,CS2,H2-201,82,82,1,1.0
2025-12-27,13g00,CS2,H2-301,82,82,2,1.0
2025-12-27,13g00,CS2,H2-306,82,82,1,1.0
2025-12-27,13g00,CS2,H2-401,82,82,1,1.0
2025-12-27,13g00,CS2,H2-406,82,82,1,1.0
2025-12-27,13g00,CS2,H2-206,82,43,2,0.524390243902439
2025-12-27,15g30,CS1,B4-406,57,57,1,1.0
2025-12-27,15g30,CS1,B4-505,63,63,1,1.0
2025-12-27,15g30,CS1,C6-103,50,49,2,0.98
2025-12-27,15g30,CS2,H2-201,82,82,1,1.0
2025-12-27,15g30,CS2,H2-401,82,82,1,1.0
2025-12-27,15g30,CS2,H2-406,82,82,1,1.0
2025-12-27,15g30,CS2,H2-306,82,36,1,0.43902439024390244
2025-12-28,07g00,CS1,B4-406,57,57,1,1.0
2025-12-28,07g00,CS1,B4-505,63,63,1,1.0
2025-12-28,07g00,CS1,C6-103,50,7,1,0.14
2025-12-28,07g00,CS2,H2-201,82,82,1,1.0
2025-12-28,07g00,CS2,H2-406,82,77,1,0.9390243902439024
2025-12-28,09g30,CS1,B1-208,44,44,1,1.0
2025-12-28,09g30,CS1,B1-306,44,44,1,1.0
2025-12-28,09g30,CS1,B4-406,57,57,1,1.0
2025-12-28,09g30,CS1,B4-501,42,42,1,1.0
2025-12-28,09g30,CS1,B4-505,63,63,1,1.0
2025-12-28,09g30,CS1,C4-502,42,42,1,1.0
2025-12-28,09g30,CS1,C5-303,42,42,1,1.0
2025-12-28,09g30,CS1,C6-102,50,50,1,1.0
2025-12-28,09g30,CS1,C6-103,50,50,1,1.0
2025-12-28,09g30,CS1,B4-306,42,28,1,0.6666666666666666
2025-12-28,13g00,CS1,B1-208,44,44,1,1.0
2025-12-28,13g00,CS1,B1-306,44,44,1,1.0
2025-12-28,13g00,CS1,B4-305,42,42,2,1.0
2025-12-28,13g00,CS1,B4-306,42,42,1,1.0
2025-12-28,13g00,CS1,B4-406,57,57,1,1.0
2025-12-28,13g00,CS1,B4-501,42,42,1,1.0
2025-12-28,13g00,CS1,B4-505,63,63,1,1.0
2025-12-28,13g00,CS1,B6-306,42,42,2,1.0
2025-12-28,13g00,CS1,C4-502,42,42,1,1.0
2025-12-28,13g00,CS1,C5-303,42,42,1,1.0
2025-12-28,13g00,CS1,C6-102,50,50,1,1.0
2025-12-28,13g00,CS1,C6-103,50,50,1,1.0
2025-12-28,13g00,CS1,C5-401,42,6,1,0.14285714285714285
2025-12-28,13g00,CS2,H2-201,82,82,1,1.0
2025-12-28,13g00,CS2,H2-206,82,82,1,1.0
2025-12-28,13g00,CS2,H2-301,82,82,1,1.0
2025-12-28,13g00,CS2,H2-306,82,82,1,1.0
2025-12-28,13g00,CS2,H2-401,82,82,1,1.0
2025-12-28,13g00,CS2,H2-406,82,82,1,1.0
2025-12-28,13g00,CS2,H3-506,75,75,2,1.0
2025-12-28,13g00,CS2,H6-308,76,76,1,1.0
2025-12-28,13g00,CS2,H6-811,79,79,1,1.0
2025-12-28,13g00,CS2,H3-501,75,33,2,0.44
2025-12-28,15g30,CS1,B4-406,57,57,1,1.0
2025-12-28,15g30,CS1,B4-505,63,63,1,1.0
2025-12-28,15g30,CS1,C6-103,50,50,4,1.0
2025-12-28,15g30,CS1,C6-102,50,13,2,0.26
2025-12-29,07g00,CS1,B1-208,44,44,1,1.0
2025-12-29,07g00,CS1,B1-306,44,44,1,1.0
2025-12-29,07g00,CS1,B4-305,42,42,2,1.0
2025-12-29,07g00,CS1,B4-306,42,42,1,1.0
2025-12-29,07g00,CS1,B4-406,57,57,1,1.0
2025-12-29,07g00,CS1,B4-501,42,42,1,1.0
2025-12-29,07g00,CS1,B4-505,63,63,1,1.0
2025-12-29,07g00,CS1,B6-306,42,42,2,1.0
2025-12-29,07g00,CS1,C4-502,42,42,1,1.0
2025-12-29,07g00,CS1,C5-303,42,42,1,1.0
2025-12-29,07g00,CS1,C5-401,42,42,2,1.0
2025-12-29,07g00,CS1,C5-403,42,42,3,1.0
2025-12-29,07g00,CS1,C5-502,42,42,4,1.0
2025-12-29,07g00,CS1,C6-102,50,50,1,1.0
2025-12-29,07g00,CS1,C6-103,50,50,1,1.0
2025-12-29,07g00,CS1,C5-503,42,16,3,0.38095238095238093
2025-12-29,07g00,CS2,H1-101,73,73,1,1.0
2025-12-29,07g00,CS2,H1-104,73,73,1,1.0
2025-12-29,07g00,CS2,H1-204,68,68,2,1.0
2025-12-29,07g00,CS2,H1-307,71,71,1,1.0
2025-12-29,07g00,CS2,H1-401,66,66,3,1.0
2025-12-29,07g00,CS2,H1-404,66,66,4,1.0
2025-12-29,07g00,CS2,H2-201,82,82,1,1.0
2025-12-29,07g00,CS2,H2-206,82,82,1,1.0
2025-12-29,07g00,CS2,H2-207,71,71,2,1.0
2025-12-29,07g00,CS2,H2-301,82,82,1,1.0
2025-12-29,07g00,CS2,H2-306,82,82,1,1.0
2025-12-29,07g00,CS2,H2-401,82,82,1,1.0
2025-12-29,07g00,CS2,H2-406,82,82,1,1.0
2025-12-29,07g00,CS2,H3-201,75,75,1,1.0
2025-12-29,07g00,CS2,H3-301,75,75,1,1.0
2025-12-29,07g00,CS2,H3-306,75,75,1,1.0
2025-12-29,07g00,CS2,H3-401,75,75,1,1.0
2025-12-29,07g00,CS2,H3-406,75,75,1,1.0
2025-12-29,07g00,CS2,H3-501,75,75,1,1.0
2025-12-29,07g00,CS2,H3-506,75,75,1,1.0
2025-12-29,07g00,CS2,H6-113,68,68,2,1.0
2025-12-29,07g00,CS2,H6-211,66,66,3,1.0
2025-12-29,07g00,CS2,H6-305,68,68,2,1.0
2025-12-29,07g00,CS2,H6-308,76,76,1,1.0
2025-12-29,07g00,CS2,H6-311,71,71,2,1.0
2025-12-29,07g00,CS2,H6-811,79,79,1,1.0
2025-12-29,07g00,CS2,H6-412,65,41,6,0.6307692307692307
2025-12-29,09g30,CS1,B4-505,63,63,1,1.0
2025-12-29,09g30,CS1,B4-406,57,45,1,0.7894736842105263
2025-12-29,13g00,CS1,B1-208,44,44,1,1.0
2025-12-29,13g00,CS1,B1-306,44,44,1,1.0
2025-12-29,13g00,CS1,B4-305,42,42,2,1.0
2025-12-29,13g00,CS1,B4-306,42,42,2,1.0
2025-12-29,13g00,CS1,B4-406,57,57,1,1.0
2025-12-29,13g00,CS1,B4-501,42,42,1,1.0
2025-12-29,13g00,CS1,B4-505,63,63,1,1.0
2025-12-29,13g00,CS1,C4-502,42,42,1,1.0
2025-12-29,13g00,CS1,C5-303,42,42,1,1.0
2025-12-29,13g00,CS1,C6-102,50,50,1,1.0
2025-12-29,13g00,CS1,C6-103,50,50,1,1.0
2025-12-29,13g00,CS1,B6-306,42,35,4,0.8333333333333334
2025-12-29,13g00,CS2,H1-101,73,73,2,1.0
2025-12-29,13g00,CS2,H2-201,82,82,1,1.0
2025-12-29,13g00,CS2,H2-206,82,82,1,1.0
2025-12-29,13g00,CS2,H2-301,82,82,1,1.0
2025-12-29,13g00,CS2,H2-306,82,82,1,1.0
2025-12-29,13g00,CS2,H2-401,82,82,1,1.0
2025-12-29,13g00,CS2,H2-406,82,82,1,1.0
2025-12-29,13g00,CS2,H3-201,75,75,2,1.0
2025-12-29,13g00,CS2,H3-301,75,75,2,1.0
2025-12-29,13g00,CS2,H3-306,75,75,2,1.0
2025-12-29,13g00,CS2,H3-401,75,75,2,1.0
2025-12-29,13g00,CS2,H3-406,75,75,2,1.0
2025-12-29,13g00,CS2,H3-501,75,75,1,1.0
2025-12-29,13g00,CS2,H3-506,75,75,1,1.0
2025-12-29,13g00,CS2,H6-308,76,76,1,1.0
2025-12-29,13g00,CS2,H6-811,79,79,1,1.0
2025-12-29,13g00,CS2,H1-104,73,52,3,0.7123287671232876
2025-12-29,18g15,CS1,B1-208,44,44,2,1.0
2025-12-29,18g15,CS1,B4-406,57,57,1,1.0
2025-12-29,18g15,CS1,B4-505,63,63,1,1.0
2025-12-29,18g15,CS1,C6-102,50,50,1,1.0
2025-12-29,18g15,CS1,C6-103,50,50,1,1.0
2025-12-29,18g15,CS1,B1-306,44,22,3,0.5
2025-12-30,07g00,CS1,B1-208,44,44,1,1.0
2025-12-30,07g00,CS1,B1-306,44,44,1,1.0
2025-12-30,07g00,CS1,B1-311,42,42,1,1.0
2025-12-30,07g00,CS1,B4-305,42,42,1,1.0
2025-12-30,07g00,CS1,B4-306,42,42,1,1.0
2025-12-30,07g00,CS1,B4-406,57,57,1,1.0
2025-12-30,07g00,CS1,B4-501,42,42,1,1.0
2025-12-30,07g00,CS1,B4-502,42,42,1,1.0
2025-12-30,07g00,CS1,B4-505,63,63,1,1.0
2025-12-30,07g00,CS1,B6-306,42,42,1,1.0
2025-12-30,07g00,CS1,C4-301,42,42,1,1.0
2025-12-30,07g00,CS1,C4-304,42,42,3,1.0
2025-12-30,07g00,CS1,C4-403,42,42,1,1.0
2025-12-30,07g00,CS1,C4-502,42,42,1,1.0
2025-12-30,07g00,CS1,C5-303,42,42,1,1.0
2025-12-30,07g00,CS1,C5-401,42,42,1,1.0
2025-12-30,07g00,CS1,C5-403,42,42,1,1.0
2025-12-30,07g00,CS1,C5-502,42,42,1,1.0
2025-12-30,07g00,CS1,C5-503,42,42,1,1.0
2025-12-30,07g00,CS1,C6-102,50,50,1,1.0
2025-12-30,07g00,CS1,C6-103,50,50,1,1.0
2025-12-30,07g00,CS1,C6-401,42,42,2,1.0
2025-12-30,07g00,CS1,C6-402,42,42,2,1.0
2025-12-30,07g00,CS1,C6-403,42,42,2,1.0
2025-12-30,07g00,CS1,C4-402,42,35,4,0.8333333333333334
2025-12-30,07g00,CS2,H1-101,73,73,1,1.0
2025-12-30,07g00,CS2,H1-104,73,73,1,1.0
2025-12-30,07g00,CS2,H1-204,68,68,1,1.0
2025-12-30,07g00,CS2,H1-307,71,71,1,1.0
2025-12-30,07g00,CS2,H1-401,66,66,2,1.0
2025-12-30,07g00,CS2,H1-404,66,66,2,1.0
2025-12-30,07g00,CS2,H1-405,63,63,4,1.0
2025-12-30,07g00,CS2,H2-201,82,82,1,1.0
2025-12-30,07g00,CS2,H2-206,82,82,1,1.0
2025-12-30,07g00,CS2,H2-207,71,71,1,1.0
2025-12-30,07g00,CS2,H2-301,82,82,1,1.0
2025-12-30,07g00,CS2,H2-306,82,82,1,1.0
2025-12-30,07g00,CS2,H2-401,82,82,1,1.0
2025-12-30,07g00,CS2,H2-406,82,82,1,1.0
2025-12-30,07g00,CS2,H3-201,75,75,1,1.0
2025-12-30,07g00,CS2,H3-301,75,75,1,1.0
2025-12-30,07g00,CS2,H3-306,75,75,1,1.0
2025-12-30,07g00,CS2,H3-401,75,75,1,1.0
2025-12-30,07g00,CS2,H3-406,75,75,1,1.0
2025-12-30,07g00,CS2,H3-501,75,75,1,1.0
2025-12-30,07g00,CS2,H3-506,75,75,1,1.0
2025-12-30,07g00,CS2,H3-606,63,63,3,1.0
2025-12-30,07g00,CS2,H6-113,68,68,1,1.0
2025-12-30,07g00,CS2,H6-201,63,63,3,1.0
2025-12-30,07g00,CS2,H6-211,66,66,2,1.0
2025-12-30,07g00,CS2,H6-305,68,68,1,1.0
2025-12-30,07g00,CS2,H6-308,76,76,1,1.0
2025-12-30,07g00,CS2,H6-311,71,71,1,1.0
2025-12-30,07g00,CS2,H6-405,63,63,2,1.0
2025-12-30,07g00,CS2,H6-412,65,65,2,1.0
2025-12-30,07g00,CS2,H6-802,63,63,2,1.0
2025-12-30,07g00,CS2,H6-810,63,63,2,1.0
2025-12-30,07g00,CS2,H6-811,79,79,1,1.0
2025-12-30,07g00,CS2,H6-208,62,39,6,0.6290322580645161
2025-12-30,09g30,CS1,B1-208,44,44,1,1.0
2025-12-30,09g30,CS1,B1-306,44,44,1,1.0
2025-12-30,09g30,CS1,B4-305,42,42,1,1.0
2025-12-30,09g30,CS1,B4-306,42,42,1,1.0
2025-12-30,09g30,CS1,B4-406,57,57,1,1.0
2025-12-30,09g30,CS1,B4-501,42,42,1,1.0
2025-12-30,09g30,CS1,B4-505,63,63,1,1.0
2025-12-30,09g30,CS1,B6-306,42,42,1,1.0
2025-12-30,09g30,CS1,C4-502,42,42,1,1.0
2025-12-30,09g30,CS1,C5-303,42,42,1,1.0
2025-12-30,09g30,CS1,C5-401,42,42,1,1.0
2025-12-30,09g30,CS1,C6-102,50,50,1,1.0
2025-12-30,09g30,CS1,C6-103,50,50,1,1.0
2025-12-30,09g30,CS1,C5-403,42,41,1,0.9761904761904762
2025-12-30,09g30,CS2,H1-101,73,73,1,1.0
2025-12-30,09g30,CS2,H1-104,73,73,1,1.0
2025-12-30,09g30,CS2,H1-204,68,68,1,1.0
2025-12-30,09g30,CS2,H1-307,71,71,1,1.0
2025-12-30,09g30,CS2,H1-401,66,66,1,1.0
2025-12-30,09g30,CS2,H2-201,82,82,1,1.0
2025-12-30,09g30,CS2,H2-206,82,82,1,1.0
2025-12-30,09g30,CS2,H2-207,71,71,1,1.0
2025-12-30,09g30,CS2,H2-301,82,82,1,1.0
2025-12-30,09g30,CS2,H2-306,82,82,1,1.0
2025-12-30,09g30,CS2,H2-401,82,82,1,1.0
2025-12-30,09g30,CS2,H2-406,82,82,1,1.0
2025-12-30,09g30,CS2,H3-201,75,75,1,1.0
2025-12-30,09g30,CS2,H3-301,75,75,1,1.0
2025-12-30,09g30,CS2,H3-306,75,75,1,1.0
2025-12-30,09g30,CS2,H3-401,75,75,1,1.0
2025-12-30,09g30,CS2,H3-406,75,75,1,1.0
2025-12-30,09g30,CS2,H3-501,75,75,1,1.0
2025-12-30,09g30,CS2,H3-506,75,75,1,1.0
2025-12-30,09g30,CS2,H6-113,68,68,1,1.0
2025-12-30,09g30,CS2,H6-211,66,66,1,1.0
2025-12-30,09g30,CS2,H6-305,68,68,1,1.0
2025-12-30,09g30,CS2,H6-308,76,76,1,1.0
2025-12-30,09g30,CS2,H6-311,71,71,1,1.0
2025-12-30,09g30,CS2,H6-811,79,79,1,1.0
2025-12-30,09g30,CS2,H1-404,66,36,1,0.5454545454545454
2025-12-30,13g00,CS1,B1-208,44,44,1,1.0
2025-12-30,13g00,CS1,B1-306,44,44,1,1.0
2025-12-30,13g00,CS1,B4-406,57,57,1,1.0
2025-12-30,13g00,CS1,B4-505,63,63,1,1.0
2025-12-30,13g00,CS1,C4-502,42,42,2,1.0
2025-12-30,13g00,CS1,C5-303,42,42,2,1.0
2025-12-30,13g00,CS1,C6-102,50,50,1,1.0
2025-12-30,13g00,CS1,C6-103,50,50,1,1.0
2025-12-30,13g00,CS1,B4-501,42,21,2,0.5
2025-12-30,13g00,CS2,H2-201,82,82,1,1.0
2025-12-30,13g00,CS2,H2-206,82,82,2,1.0
2025-12-30,13g00,CS2,H2-301,82,82,2,1.0
2025-12-30,13g00,CS2,H2-306,82,82,1,1.0
2025-12-30,13g00,CS2,H2-401,82,82,1,1.0
2025-12-30,13g00,CS2,H2-406,82,82,1,1.0
2025-12-30,13g00,CS2,H6-811,79,41,3,0.5189873417721519
2025-12-30,15g30,CS1,B4-505,63,21,1,0.3333333333333333
2025-12-30,15g30,CS2,H2-201,82,82,1,1.0
2025-12-30,15g30,CS2,H2-406,82,69,2,0.8414634146341463
2025-12-30,18g15,CS1,B4-505,63,63,1,1.0
2025-12-30,18g15,CS1,B4-406,57,24,1,0.42105263157894735
2025-12-31,07g00,CS1,B1-208,44,44,1,1.0
2025-12-31,07g00,CS1,B1-212,38,38,4,1.0
2025-12-31,07g00,CS1,B1-305,38,38,3,1.0
2025-12-31,07g00,CS1,B1-306,44,44,1,1.0
2025-12-31,07g00,CS1,B1-311,42,42,1,1.0
2025-12-31,07g00,CS1,B4-305,42,42,1,1.0
2025-12-31,07g00,CS1,B4-306,42,42,1,1.0
2025-12-31,07g00,CS1,B4-406,57,57,1,1.0
2025-12-31,07g00,CS1,B4-501,42,42,1,1.0
2025-12-31,07g00,CS1,B4-502,42,42,1,1.0
2025-12-31,07g00,CS1,B4-505,63,63,1,1.0
2025-12-31,07g00,CS1,B6-306,42,42,1,1.0
2025-12-31,07g00,CS1,C4-301,42,42,1,1.0
2025-12-31,07g00,CS1,C4-304,42,42,2,1.0
2025-12-31,07g00,CS1,C4-402,42,42,2,1.0
2025-12-31,07g00,CS1,C4-403,42,42,1,1.0
2025-12-31,07g00,CS1,C4-502,42,42,1,1.0
2025-12-31,07g00,CS1,C5-303,42,42,1,1.0
2025-12-31,07g00,CS1,C5-401,42,42,1,1.0
2025-12-31,07g00,CS1,C5-403,42,42,1,1.0
2025-12-31,07g00,CS1,C5-502,42,42,1,1.0
2025-12-31,07g00,CS1,C5-503,42,42,1,1.0
2025-12-31,07g00,CS1,C6-102,50,50,1,1.0
2025-12-31,07g00,CS1,C6-103,50,50,1,1.0
2025-12-31,07g00,CS1,C6-401,42,42,2,1.0
2025-12-31,07g00,CS1,C6-402,42,42,2,1.0
2025-12-31,07g00,CS1,C6-403,42,42,1,1.0
2025-12-31,07g00,CS1,B1-308,38,12,3,0.3157894736842105
2025-12-31,07g00,CS2,H1-101,73,73,1,1.0
2025-12-31,07g00,CS2,H1-104,73,73,1,1.0
2025-12-31,07g00,CS2,H1-204,68,68,2,1.0
2025-12-31,07g00,CS2,H1-307,71,71,1,1.0
2025-12-31,07g00,CS2,H1-401,66,66,2,1.0
2025-12-31,07g00,CS2,H1-404,66,66,2,1.0
2025-12-31,07g00,CS2,H1-405,63,63,5,1.0
2025-12-31,07g00,CS2,H2-201,82,82,1,1.0
2025-12-31,07g00,CS2,H2-206,82,82,1,1.0
2025-12-31,07g00,CS2,H2-207,71,71,1,1.0
2025-12-31,07g00,CS2,H2-301,82,82,1,1.0
2025-12-31,07g00,CS2,H2-306,82,82,1,1.0
2025-12-31,07g00,CS2,H2-401,82,82,1,1.0
2025-12-31,07g00,CS2,H2-406,82,82,1,1.0
2025-12-31,07g00,CS2,H3-201,75,75,1,1.0
2025-12-31,07g00,CS2,H3-301,75,75,1,1.0
2025-12-31,07g00,CS2,H3-306,75,75,1,1.0
2025-12-31,07g00,CS2,H3-401,75,75,1,1.0
2025-12-31,07g00,CS2,H3-406,75,75,1,1.0
2025-12-31,07g00,CS2,H3-501,75,75,1,1.0
2025-12-31,07g00,CS2,H3-506,75,75,1,1.0
2025-12-31,07g00,CS2,H3-606,63,63,3,1.0
2025-12-31,07g00,CS2,H6-113,68,68,1,1.0
2025-12-31,07g00,CS2,H6-201,63,63,3,1.0
2025-12-31,07g00,CS2,H6-211,66,66,2,1.0
2025-12-31,07g00,CS2,H6-305,68,68,1,1.0
2025-12-31,07g00,CS2,H6-308,76,76,1,1.0
2025-12-31,07g00,CS2,H6-311,71,71,1,1.0
2025-12-31,07g00,CS2,H6-405,63,63,2,1.0
2025-12-31,07g00,CS2,H6-412,65,65,2,1.0
2025-12-31,07g00,CS2,H6-802,63,63,2,1.0
2025-12-31,07g00,CS2,H6-810,63,63,2,1.0
2025-12-31,07g00,CS2,H6-811,79,79,1,1.0
2025-12-31,07g00,CS2,H6-208,62,29,4,0.46774193548387094
2025-12-31,09g30,CS1,B4-406,57,57,1,1.0
2025-12-31,09g30,CS1,B4-505,63,63,1,1.0
2025-12-31,09g30,CS1,C6-102,50,50,1,1.0
2025-12-31,09g30,CS1,C6-103,50,50,1,1.0
2025-12-31,09g30,CS1,B1-208,44,15,1,0.3409090909090909
2025-12-31,09g30,CS2,H2-201,82,82,1,1.0
2025-12-31,09g30,CS2,H2-301,82,82,1,1.0
2025-12-31,09g30,CS2,H2-306,82,82,1,1.0
2025-12-31,09g30,CS2,H2-401,82,82,1,1.0
2025-12-31,09g30,CS2,H2-406,82,82,1,1.0
2025-12-31,09g30,CS2,H2-206,82,32,2,0.3902439024390244
2025-12-31,13g00,CS1,B1-208,44,44,1,1.0
2025-12-31,13g00,CS1,B1-306,44,44,1,1.0
2025-12-31,13g00,CS1,B4-406,57,57,1,1.0
2025-12-31,13g00,CS1,B4-501,42,42,2,1.0
2025-12-31,13g00,CS1,B4-505,63,63,1,1.0
2025-12-31,13g00,CS1,C4-502,42,42,1,1.0
2025-12-31,13g00,CS1,C5-303,42,42,1,1.0
2025-12-31,13g00,CS1,C6-102,50,50,1,1.0
2025-12-31,13g00,CS1,C6-103,50,50,1,1.0
2025-12-31,13g00,CS1,B4-306,42,19,4,0.4523809523809524
2025-12-31,13g00,CS2,H2-201,82,82,1,1.0
2025-12-31,13g00,CS2,H2-206,82,82,1,1.0
2025-12-31,13g00,CS2,H2-301,82,82,1,1.0
2025-12-31,13g00,CS2,H2-306,82,82,1,1.0
2025-12-31,13g00,CS2,H2-401,82,82,1,1.0
2025-12-31,13g00,CS2,H2-406,82,82,1,1.0
2025-12-31,13g00,CS2,H3-306,75,75,2,1.0
2025-12-31,13g00,CS2,H3-401,75,75,2,1.0
2025-12-31,13g00,CS2,H3-406,75,75,1,1.0
2025-12-31,13g00,CS2,H3-501,75,75,1,1.0
2025-12-31,13g00,CS2,H3-506,75,75,1,1.0
2025-12-31,13g00,CS2,H6-308,76,76,1,1.0
2025-12-31,13g00,CS2,H6-811,79,79,1,1.0
2025-12-31,13g00,CS2,H3-301,75,72,3,0.96
2025-12-31,15g30,CS1,B4-406,57,57,1,1.0
2025-12-31,15g30,CS1,B4-505,63,63,1,1.0
2025-12-31,15g30,CS1,C6-103,50,50,2,1.0
2025-12-31,15g30,CS1,C6-102,50,21,1,0.42
2025-12-31,15g30,CS2,H2-201,82,82,1,1.0
2025-12-31,15g30,CS2,H2-306,82,82,1,1.0
2025-12-31,15g30,CS2,H2-401,82,82,1,1.0
2025-12-31,15g30,CS2,H2-406,82,82,1,1.0
2025-12-31,15g30,CS2,H2-301,82,66,2,0.8048780487804879
2025-12-31,18g15,CS1,B4-505,63,63,3,1.0
2025-12-31,18g15,CS1,B4-406,57,1,1,0.017543859649122806
2026-01-02,07g00,CS1,B1-208,44,44,1,1.0
2026-01-02,07g00,CS1,B1-212,38,38,1,1.0
2026-01-02,07g00,CS1,B1-213,38,38,1,1.0
2026-01-02,07g00,CS1,B1-305,38,38,1,1.0
2026-01-02,07g00,CS1,B1-306,44,44,1,1.0
2026-01-02,07g00,CS1,B1-308,38,38,1,1.0
2026-01-02,07g00,CS1,B1-311,42,42,1,1.0
2026-01-02,07g00,CS1,B10-203,37,37,1,1.0
2026-01-02,07g00,CS1,B4-305,42,42,1,1.0
2026-01-02,07g00,CS1,B4-306,42,42,1,1.0
2026-01-02,07g00,CS1,B4-406,57,57,1,1.0
2026-01-02,07g00,CS1,B4-501,42,42,1,1.0
2026-01-02,07g00,CS1,B4-502,42,42,1,1.0
2026-01-02,07g00,CS1,B4-505,63,63,1,1.0
2026-01-02,07g00,CS1,B6-303,32,32,3,1.0
2026-01-02,07g00,CS1,B6-304,32,32,3,1.0
2026-01-02,07g00,CS1,B6-305,32,32,2,1.0
2026-01-02,07g00,CS1,B6-306,42,42,1,1.0
2026-01-02,07g00,CS1,B8-301,35,35,1,1.0
2026-01-02,07g00,CS1,B8-303,33,33,2,1.0
2026-01-02,07g00,CS1,B8-304,33,33,2,1.0
2026-01-02,07g00,CS1,C4-301,42,42,1,1.0
2026-01-02,07g00,CS1,C4-304,42,42,1,1.0
2026-01-02,07g00,CS1,C4-402,42,42,1,1.0
2026-01-02,07g00,CS1,C4-403,42,42,1,1.0
2026-01-02,07g00,CS1,C4-502,42,42,1,1.0
2026-01-02,07g00,CS1,C5-303,42,42,1,1.0
2026-01-02,07g00,CS1,C5-401,42,42,1,1.0
2026-01-02,07g00,CS1,C5-403,42,42,1,1.0
2026-01-02,07g00,CS1,C5-502,42,42,1,1.0
2026-01-02,07g00,CS1,C5-503,42,42,1,1.0
2026-01-02,07g00,CS1,C6-102,50,50,1,1.0
2026-01-02,07g00,CS1,C6-103,50,50,1,1.0
2026-01-02,07g00,CS1,C6-401,42,42,1,1.0
2026-01-02,07g00,CS1,C6-402,42,42,1,1.0
2026-01-02,07g00,CS1,C6-403,42,42,1,1.0
2026-01-02,07g00,CS1,B6-302,32,25,4,0.78125
2026-01-02,07g00,CS2,H1-101,73,73,1,1.0
2026-01-02,07g00,CS2,H1-104,73,73,1,1.0
2026-01-02,07g00,CS2,H1-204,68,68,1,1.0
2026-01-02,07g00,CS2,H1-307,71,71,1,1.0
2026-01-02,07g00,CS2,H1-401,66,66,1,1.0
2026-01-02,07g00,CS2,H1-404,66,66,1,1.0
2026-01-02,07g00,CS2,H1-405,63,63,1,1.0
2026-01-02,07g00,CS2,H2-201,82,82,1,1.0
2026-01-02,07g00,CS2,H2-202,62,62,2,1.0
2026-01-02,07g00,CS2,H2-205,62,62,2,1.0
2026-01-02,07g00,CS2,H2-206,82,82,1,1.0
2026-01-02,07g00,CS2,H2-207,71,71,1,1.0
2026-01-02,07g00,CS2,H2-301,82,82,1,1.0
2026-01-02,07g00,CS2,H2-306,82,82,1,1.0
2026-01-02,07g00,CS2,H2-307,62,62,3,1.0
2026-01-02,07g00,CS2,H2-401,82,82,1,1.0
2026-01-02,07g00,CS2,H2-406,82,82,1,1.0
2026-01-02,07g00,CS2,H3-201,75,75,1,1.0
2026-01-02,07g00,CS2,H3-301,75,75,1,1.0
2026-01-02,07g00,CS2,H3-306,75,75,1,1.0
2026-01-02,07g00,CS2,H3-401,75,75,1,1.0
2026-01-02,07g00,CS2,H3-406,75,75,1,1.0
2026-01-02,07g00,CS2,H3-501,75,75,1,1.0
2026-01-02,07g00,CS2,H3-506,75,75,1,1.0
2026-01-02,07g00,CS2,H3-606,63,63,1,1.0
2026-01-02,07g00,CS2,H6-113,68,68,1,1.0
2026-01-02,07g00,CS2,H6-201,63,63,1,1.0
2026-01-02,07g00,CS2,H6-205,62,62,4,1.0
2026-01-02,07g00,CS2,H6-208,62,62,2,1.0
2026-01-02,07g00,CS2,H6-211,66,66,1,1.0
2026-01-02,07g00,CS2,H6-305,68,68,1,1.0
2026-01-02,07g00,CS2,H6-308,76,76,1,1.0
2026-01-02,07g00,CS2,H6-311,71,71,1,1.0
2026-01-02,07g00,CS2,H6-405,63,63,1,1.0
2026-01-02,07g00,CS2,H6-412,65,65,1,1.0
2026-01-02,07g00,CS2,H6-802,63,63,1,1.0
2026-01-02,07g00,CS2,H6-810,63,63,1,1.0
2026-01-02,07g00,CS2,H6-811,79,79,1,1.0
2026-01-02,07g00,CS2,H2-302,62,28,3,0.45161290322580644
2026-01-02,09g30,CS1,B4-505,63,62,5,0.9841269841269841
2026-01-02,09g30,CS2,H2-201,82,82,1,1.0
2026-01-02,09g30,CS2,H2-206,82,82,3,1.0
2026-01-02,09g30,CS2,H2-301,82,82,2,1.0
2026-01-02,09g30,CS2,H2-306,82,82,2,1.0
2026-01-02,09g30,CS2,H2-401,82,82,2,1.0
2026-01-02,09g30,CS2,H2-406,82,82,1,1.0
2026-01-02,09g30,CS2,H6-811,79,79,4,1.0
2026-01-02,09g30,CS2,H6-308,76,57,4,0.75
2026-01-02,13g00,CS1,B1-208,44,44,2,1.0
2026-01-02,13g00,CS1,B1-306,44,44,2,1.0
2026-01-02,13g00,CS1,B4-406,57,57,1,1.0
2026-01-02,13g00,CS1,B4-505,63,63,1,1.0
2026-01-02,13g00,CS1,C4-502,42,42,2,1.0
2026-01-02,13g00,CS1,C5-303,42,42,2,1.0
2026-01-02,13g00,CS1,C6-102,50,50,2,1.0
2026-01-02,13g00,CS1,C6-103,50,50,1,1.0
2026-01-02,13g00,CS1,B4-501,42,15,2,0.35714285714285715
2026-01-02,13g00,CS2,H1-101,73,73,3,1.0
2026-01-02,13g00,CS2,H1-104,73,73,4,1.0
2026-01-02,13g00,CS2,H2-201,82,82,1,1.0
2026-01-02,13g00,CS2,H2-206,82,82,1,1.0
2026-01-02,13g00,CS2,H2-301,82,82,1,1.0
2026-01-02,13g00,CS2,H2-306,82,82,1,1.0
2026-01-02,13g00,CS2,H2-401,82,82,1,1.0
2026-01-02,13g00,CS2,H2-406,82,82,1,1.0
2026-01-02,13g00,CS2,H3-201,75,75,2,1.0
2026-01-02,13g00,CS2,H3-301,75,75,2,1.0
2026-01-02,13g00,CS2,H3-306,75,75,2,1.0
2026-01-02,13g00,CS2,H3-401,75,75,1,1.0
2026-01-02,13g00,CS2,H3-406,75,75,1,1.0
2026-01-02,13g00,CS2,H3-501,75,75,1,1.0
2026-01-02,13g00,CS2,H3-506,75,75,1,1.0
2026-01-02,13g00,CS2,H6-308,76,76,1,1.0
2026-01-02,13g00,CS2,H6-811,79,79,1,1.0
2026-01-02,13g00,CS2,H1-307,71,7,2,0.09859154929577464
2026-01-02,15g30,CS1,B4-406,57,57,1,1.0
2026-01-02,15g30,CS1,B4-505,63,63,1,1.0
2026-01-02,15g30,CS1,C6-103,50,16,1,0.32
2026-01-02,15g30,CS2,H2-201,82,82,1,1.0
2026-01-02,15g30,CS2,H2-406,82,78,1,0.9512195121951219
2026-01-02,18g15,CS1,B4-406,57,57,2,1.0
2026-01-02,18g15,CS1,B4-505,63,63,2,1.0
2026-01-02,18g15,CS1,C6-103,50,50,3,1.0
2026-01-02,18g15,CS1,C6-102,50,15,2,0.3
2026-01-03,07g00,CS1,B1-208,44,44,2,1.0
2026-01-03,07g00,CS1,B1-306,44,44,3,1.0
2026-01-03,07g00,CS1,B4-406,57,57,1,1.0
2026-01-03,07g00,CS1,B4-505,63,63,1,1.0
2026-01-03,07g00,CS1,C4-502,42,42,4,1.0
2026-01-03,07g00,CS1,C6-102,50,50,2,1.0
2026-01-03,07g00,CS1,C6-103,50,50,2,1.0
2026-01-03,07g00,CS1,C5-303,42,37,7,0.8809523809523809
2026-01-03,07g00,CS2,H2-201,82,82,1,1.0
2026-01-03,07g00,CS2,H2-206,82,82,2,1.0
2026-01-03,07g00,CS2,H2-301,82,82,2,1.0
2026-01-03,07g00,CS2,H2-306,82,82,2,1.0
2026-01-03,07g00,CS2,H2-401,82,82,1,1.0
2026-01-03,07g00,CS2,H2-406,82,82,1,1.0
2026-01-03,07g00,CS2,H3-401,75,75,4,1.0
2026-01-03,07g00,CS2,H3-406,75,75,3,1.0
2026-01-03,07g00,CS2,H3-501,75,75,3,1.0
2026-01-03,07g00,CS2,H3-506,75,75,2,1.0
2026-01-03,07g00,CS2,H6-308,76,76,2,1.0
2026-01-03,07g00,CS2,H6-811,79,79,2,1.0
2026-01-03,07g00,CS2,H3-306,75,39,5,0.52
2026-01-03,09g30,CS1,B1-208,44,44,1,1.0
2026-01-03,09g30,CS1,B1-306,44,44,1,1.0
2026-01-03,09g30,CS1,B1-311,42,42,1,1.0
2026-01-03,09g30,CS1,B4-305,42,42,1,1.0
2026-01-03,09g30,CS1,B4-306,42,42,1,1.0
2026-01-03,09g30,CS1,B4-406,57,57,1,1.0
2026-01-03,09g30,CS1,B4-501,42,42,1,1.0
2026-01-03,09g30,CS1,B4-505,63,63,1,1.0
2026-01-03,09g30,CS1,B6-306,42,42,1,1.0
2026-01-03,09g30,CS1,C4-502,42,42,1,1.0
2026-01-03,09g30,CS1,C5-303,42,42,1,1.0
2026-01-03,09g30,CS1,C5-401,42,42,1,1.0
2026-01-03,09g30,CS1,C5-403,42,42,1,1.0
2026-01-03,09g30,CS1,C5-502,42,42,1,1.0
2026-01-03,09g30,CS1,C5-503,42,42,1,1.0
2026-01-03,09g30,CS1,C6-102,50,50,1,1.0
2026-01-03,09g30,CS1,C6-103,50,50,1,1.0
2026-01-03,09g30,CS1,B4-502,42,32,1,0.7619047619047619
2026-01-03,09g30,CS2,H1-101,73,73,1,1.0
2026-01-03,09g30,CS2,H1-104,73,73,1,1.0
2026-01-03,09g30,CS2,H1-307,71,71,1,1.0
2026-01-03,09g30,CS2,H2-201,82,82,1,1.0
2026-01-03,09g30,CS2,H2-206,82,82,1,1.0
2026-01-03,09g30,CS2,H2-207,71,71,1,1.0
2026-01-03,09g30,CS2,H2-301,82,82,1,1.0
2026-01-03,09g30,CS2,H2-306,82,82,1,1.0
2026-01-03,09g30,CS2,H2-401,82,82,1,1.0
2026-01-03,09g30,CS2,H2-406,82,82,1,1.0
2026-01-03,09g30,CS2,H3-201,75,75,1,1.0
2026-01-03,09g30,CS2,H3-301,75,75,1,1.0
2026-01-03,09g30,CS2,H3-306,75,75,1,1.0
2026-01-03,09g30,CS2,H3-401,75,75,1,1.0
2026-01-03,09g30,CS2,H3-406,75,75,1,1.0
2026-01-03,09g30,CS2,H3-501,75,75,1,1.0
2026-01-03,09g30,CS2,H3-506,75,75,1,1.0
2026-01-03,09g30,CS2,H6-308,76,76,1,1.0
2026-01-03,09g30,CS2,H6-811,79,79,1,1.0
2026-01-03,09g30,CS2,H6-311,71,69,1,0.971830985915493
2026-01-03,13g00,CS1,B1-208,44,44,3,1.0
2026-01-03,13g00,CS1,B1-306,44,44,3,1.0
2026-01-03,13g00,CS1,B4-406,57,57,1,1.0
2026-01-03,13g00,CS1,B4-505,63,63,1,1.0
2026-01-03,13g00,CS1,C6-102,50,50,2,1.0
2026-01-03,13g00,CS1,C6-103,50,50,2,1.0
2026-01-03,13g00,CS2,H2-201,82,82,1,1.0
2026-01-03,13g00,CS2,H2-301,82,82,2,1.0
2026-01-03,13g00,CS2,H2-306,82,82,2,1.0
2026-01-03,13g00,CS2,H2-401,82,82,2,1.0
2026-01-03,13g00,CS2,H2-406,82,82,1,1.0
2026-01-03,13g00,CS2,H2-206,82,81,4,0.9878048780487805
2026-01-03,15g30,CS1,B4-505,63,63,1,1.0
2026-01-03,15g30,CS1,B4-406,57,8,1,0.14035087719298245
2026-01-03,15g30,CS2,H2-201,82,82,1,1.0
2026-01-03,15g30,CS2,H2-406,82,48,1,0.5853658536585366
2026-01-04,07g00,CS1,B1-208,44,44,1,1.0
2026-01-04,07g00,CS1,B1-306,44,44,1,1.0
2026-01-04,07g00,CS1,B1-311,42,42,4,1.0
2026-01-04,07g00,CS1,B4-305,42,42,1,1.0
2026-01-04,07g00,CS1,B4-306,42,42,1,1.0
2026-01-04,07g00,CS1,B4-406,57,57,1,1.0
2026-01-04,07g00,CS1,B4-501,42,42,1,1.0
2026-01-04,07g00,CS1,B4-505,63,63,1,1.0
2026-01-04,07g00,CS1,B6-306,42,42,2,1.0
2026-01-04,07g00,CS1,C4-502,42,42,1,1.0
2026-01-04,07g00,CS1,C5-303,42,42,1,1.0
2026-01-04,07g00,CS1,C5-401,42,42,2,1.0
2026-01-04,07g00,CS1,C5-403,42,42,2,1.0
2026-01-04,07g00,CS1,C5-502,42,42,3,1.0
2026-01-04,07g00,CS1,C5-503,42,42,3,1.0
2026-01-04,07g00,CS1,C6-102,50,50,1,1.0
2026-01-04,07g00,CS1,C6-103,50,50,1,1.0
2026-01-04,07g00,CS1,B4-502,42,32,7,0.7619047619047619
2026-01-04,07g00,CS2,H1-101,73,73,2,1.0
2026-01-04,07g00,CS2,H1-104,73,73,2,1.0
2026-01-04,07g00,CS2,H1-307,71,71,2,1.0
2026-01-04,07g00,CS2,H2-201,82,82,1,1.0
2026-01-04,07g00,CS2,H2-206,82,82,1,1.0
2026-01-04,07g00,CS2,H2-207,71,71,2,1.0
2026-01-04,07g00,CS2,H2-301,82,82,1,1.0
2026-01-04,07g00,CS2,H2-306,82,82,1,1.0
2026-01-04,07g00,CS2,H2-401,82,82,1,1.0
2026-01-04,07g00,CS2,H2-406,82,82,1,1.0
2026-01-04,07g00,CS2,H3-201,75,75,2,1.0
2026-01-04,07g00,CS2,H3-301,75,75,2,1.0
2026-01-04,07g00,CS2,H3-306,75,75,1,1.0
2026-01-04,07g00,CS2,H3-401,75,75,1,1.0
2026-01-04,07g00,CS2,H3-406,75,75,1,1.0
2026-01-04,07g00,CS2,H3-501,75,75,1,1.0
2026-01-04,07g00,CS2,H3-506,75,75,1,1.0
2026-01-04,07g00,CS2,H6-113,68,68,4,1.0
2026-01-04,07g00,CS2,H6-305,68,68,3,1.0
2026-01-04,07g00,CS2,H6-308,76,76,1,1.0
2026-01-04,07g00,CS2,H6-311,71,71,3,1.0
2026-01-04,07g00,CS2,H6-811,79,79,1,1.0
2026-01-04,07g00,CS2,H1-204,68,55,8,0.8088235294117647
2026-01-04,09g30,CS1,B1-208,44,44,2,1.0
2026-01-04,09g30,CS1,B1-306,44,44,4,1.0
2026-01-04,09g30,CS1,B4-406,57,57,2,1.0
2026-01-04,09g30,CS1,B4-505,63,63,1,1.0
2026-01-04,09g30,CS1,C6-102,50,50,2,1.0
2026-01-04,09g30,CS1,C6-103,50,50,2,1.0
2026-01-04,09g30,CS1,C4-502,42,21,4,0.5
2026-01-04,09g30,CS2,H2-201,82,82,1,1.0
2026-01-04,09g30,CS2,H2-406,82,76,1,0.926829268292683
2026-01-04,13g00,CS1,B1-208,44,44,1,1.0
2026-01-04,13g00,CS1,B1-306,44,44,1,1.0
2026-01-04,13g00,CS1,B4-305,42,42,4,1.0
2026-01-04,13g00,CS1,B4-306,42,42,3,1.0
2026-01-04,13g00,CS1,B4-406,57,57,1,1.0
2026-01-04,13g00,CS1,B4-501,42,42,2,1.0
2026-01-04,13g00,CS1,B4-505,63,63,1,1.0
2026-01-04,13g00,CS1,C4-502,42,42,1,1.0
2026-01-04,13g00,CS1,C5-303,42,42,1,1.0
2026-01-04,13g00,CS1,C6-102,50,50,1,1.0
2026-01-04,13g00,CS1,C6-103,50,50,1,1.0
2026-01-04,13g00,CS1,B6-306,42,4,1,0.09523809523809523
2026-01-04,13g00,CS2,H1-101,73,73,2,1.0
2026-01-04,13g00,CS2,H1-104,73,73,3,1.0
2026-01-04,13g00,CS2,H1-307,71,71,5,1.0
2026-01-04,13g00,CS2,H2-201,82,82,1,1.0
2026-01-04,13g00,CS2,H2-206,82,82,1,1.0
2026-01-04,13g00,CS2,H2-301,82,82,1,1.0
2026-01-04,13g00,CS2,H2-306,82,82,1,1.0
2026-01-04,13g00,CS2,H2-401,82,82,1,1.0
2026-01-04,13g00,CS2,H2-406,82,82,1,1.0
2026-01-04,13g00,CS2,H3-201,75,75,2,1.0
2026-01-04,13g00,CS2,H3-301,75,75,2,1.0
2026-01-04,13g00,CS2,H3-306,75,75,2,1.0
2026-01-04,13g00,CS2,H3-401,75,75,2,1.0
2026-01-04,13g00,CS2,H3-406,75,75,1,1.0
2026-01-04,13g00,CS2,H3-501,75,75,1,1.0
2026-01-04,13g00,CS2,H3-506,75,75,1,1.0
2026-01-04,13g00,CS2,H6-308,76,76,1,1.0
2026-01-04,13g00,CS2,H6-811,79,79,1,1.0
2026-01-04,13g00,CS2,H2-207,71,10,2,0.14084507042253522
2026-01-04,15g30,CS1,B4-406,57,57,1,1.0
2026-01-04,15g30,CS1,B4-505,63,63,1,1.0
2026-01-04,15g30,CS1,C6-103,50,44,3,0.88
