COURSE ID,DATE_ONLY,TIME,CS1,CS2,TOTAL
CI4197,2025-12-15,07g00,0,41,41
CO3057,2025-12-15,07g00,53,64,117
EE3063,2025-12-15,07g00,0,52,52
EE3093,2025-12-15,07g00,66,54,120
IM3055,2025-12-15,07g00,16,50,66
MT2009,2025-12-15,07g00,186,0,186
MT2013,2025-12-15,07g00,958,2535,3493
AS3055,2025-12-15,09g30,17,0,17
CH3399,2025-12-15,09g30,15,8,23
CI2043,2025-12-15,09g30,0,3,3
CI3245,2025-12-15,09g30,0,13,13
EE2405,2025-12-15,09g30,226,0,226
EN3025,2025-12-15,09g30,0,2,2
GE3017,2025-12-15,09g30,0,45,45
IM1029,2025-12-15,09g30,120,179,299
IM3101,2025-12-15,09g30,27,0,27
IM4035,2025-12-15,09g30,0,51,51
IU3017,2025-12-15,09g30,0,13,13
MA2035,2025-12-15,09g30,18,0,18
MA3031,2025-12-15,09g30,0,13,13
MA3145,2025-12-15,09g30,23,0,23
MA3153,2025-12-15,09g30,9,0,9
MA4185,2025-12-15,09g30,7,0,7
TR4073,2025-12-15,09g30,28,0,28
CH2035,2025-12-15,13g00,34,56,90
CH3347,2025-12-15,13g00,20,69,89
CI3243,2025-12-15,13g00,0,83,83
CI4161,2025-12-15,13g00,30,0,30
IM1017,2025-12-15,13g00,0,65,65
IM1021,2025-12-15,13g00,146,562,708
ME4137,2025-12-15,13g00,17,31,48
TR2033,2025-12-15,13g00,0,13,13
CO3011,2025-12-15,15g30,54,119,173
CI2135,2025-12-16,07g00,22,0,22
CO3007,2025-12-16,07g00,58,212,270
EE5013,2025-12-16,07g00,11,0,11
GE1021,2025-12-16,07g00,0,8,8
MA4119,2025-12-16,07g00,0,12,12
ME2113,2025-12-16,07g00,77,0,77
ME5003,2025-12-16,07g00,14,0,14
MT2007,2025-12-16,07g00,209,0,209
TR4051,2025-12-16,07g00,0,20,20
TR5005,2025-12-16,07g00,18,0,18
CH4139,2025-12-16,09g30,0,30,30
CO3059,2025-12-16,09g30,20,61,81
EE3121,2025-12-16,09g30,0,27,27
LA2017,2025-12-16,09g30,97,0,97
MT1005,2025-12-16,09g30,139,555,694
CI2145,2025-12-16,13g00,0,87,87
CO3017,2025-12-16,13g00,72,119,191
EE3085,2025-12-16,13g00,0,60,60
ME4533,2025-12-16,13g00,0,61,61
SP1033,2025-12-16,13g00,494,1068,1562
CH3015,2025-12-16,15g30,48,125,173
EE3007,2025-12-16,15g30,0,27,27
EE3009,2025-12-16,15g30,6,81,87
ME4217,2025-12-16,15g30,103,103,206
TR4085,2025-12-16,15g30,42,158,200
CH3321,2025-12-17,07g00,0,40,40
CH3429,2025-12-17,07g00,0,12,12
CI3067,2025-12-17,07g00,0,26,26
CI3241,2025-12-17,07g00,0,121,121
CO3037,2025-12-17,07g00,70,0,70
EE3043,2025-12-17,07g00,15,75,90
EE3069,2025-12-17,07g00,30,55,85
EE3091,2025-12-17,07g00,101,0,101
EE4451,2025-12-17,07g00,18,0,18
EN3209,2025-12-17,07g00,14,42,56
IM4019,2025-12-17,07g00,15,18,33
IU2011,2025-12-17,07g00,0,36,36
MA2015,2025-12-17,07g00,21,22,43
MA3011,2025-12-17,07g00,0,10,10
MA4087,2025-12-17,07g00,0,29,29
MA4141,2025-12-17,07g00,11,0,11
MA4189,2025-12-17,07g00,5,0,5
ME3171,2025-12-17,07g00,0,33,33
ME5005,2025-12-17,07g00,14,0,14
PH2005,2025-12-17,07g00,178,0,178
SP1007,2025-12-17,07g00,476,1588,2064
TR3017,2025-12-17,07g00,0,57,57
TR4047,2025-12-17,07g00,25,0,25
TR4081,2025-12-17,07g00,30,0,30
TR4089,2025-12-17,07g00,45,165,210
CH2013,2025-12-17,13g00,241,223,464
CI1003,2025-12-17,13g00,24,81,105
CI2095,2025-12-17,13g00,94,440,534
CO1003,2025-12-17,13g00,178,358,536
CO2003,2025-12-17,13g00,365,411,776
CO3027,2025-12-17,13g00,36,121,157
EE1007,2025-12-17,13g00,0,87,87
EE2417,2025-12-17,13g00,221,0,221
EE3075,2025-12-17,13g00,0,69,69
EE3167,2025-12-17,13g00,0,61,61
IM3087,2025-12-17,13g00,57,229,286
ME2123,2025-12-17,13g00,68,156,224
ME3011,2025-12-17,13g00,21,53,74
TR3143,2025-12-17,13g00,29,179,208
CH2045,2025-12-17,15g30,35,48,83
CI2159,2025-12-18,07g00,0,83,83
CI4193,2025-12-18,07g00,16,0,16
EE5015,2025-12-18,07g00,14,0,14
GE1027,2025-12-18,07g00,0,101,101
IM3035,2025-12-18,07g00,0,61,61
IU4021,2025-12-18,07g00,0,30,30
LA1027,2025-12-18,07g00,4,0,4
MA5023,2025-12-18,07g00,22,0,22
ME1021,2025-12-18,07g00,29,0,29
ME2059,2025-12-18,07g00,0,45,45
ME4083,2025-12-18,07g00,0,22,22
SP1039,2025-12-18,07g00,500,1316,1816
IM1033,2025-12-18,09g30,128,169,297
LA3019,2025-12-18,09g30,1,0,1
PH1005,2025-12-18,09g30,0,95,95
AS2059,2025-12-18,13g00,22,41,63
CH3327,2025-12-18,13g00,21,12,33
CI1003,2025-12-18,13g00,0,105,105
CI1007,2025-12-18,13g00,89,446,535
CO2007,2025-12-18,13g00,429,397,826
CO3137,2025-12-18,13g00,20,27,47
EE2033,2025-12-18,13g00,277,731,1008
EE2401,2025-12-18,13g00,225,0,225
ME3009,2025-12-18,13g00,67,80,147
ME4021,2025-12-18,13g00,49,157,206
TR1003,2025-12-18,13g00,70,135,205
CI1003,2025-12-18,15g30,0,68,68
CI4131,2025-12-18,15g30,46,0,46
CO3065,2025-12-18,15g30,57,119,176
AS2039,2025-12-19,07g00,22,42,64
AS3169,2025-12-19,07g00,14,51,65
CH4113,2025-12-19,07g00,19,29,48
CI3251,2025-12-19,07g00,0,22,22
CI3269,2025-12-19,07g00,0,80,80
EE3015,2025-12-19,07g00,22,295,317
EE3057,2025-12-19,07g00,0,60,60
EE3205,2025-12-19,07g00,0,90,90
EN3023,2025-12-19,07g00,0,30,30
GE2059,2025-12-19,07g00,5,32,37
GE3105,2025-12-19,07g00,0,60,60
IM3063,2025-12-19,07g00,97,224,321
IU3061,2025-12-19,07g00,0,35,35
MA2039,2025-12-19,07g00,11,0,11
MA3103,2025-12-19,07g00,0,18,18
MA4069,2025-12-19,07g00,0,41,41
MA5015,2025-12-19,07g00,27,0,27
ME2141,2025-12-19,07g00,73,178,251
ME2161,2025-12-19,07g00,0,53,53
TR4001,2025-12-19,07g00,0,24,24
EE3099,2025-12-19,09g30,0,48,48
SP1031,2025-12-19,09g30,1171,1802,2973
TR3137,2025-12-19,09g30,38,49,87
CH2051,2025-12-19,13g00,182,227,409
CI1033,2025-12-19,13g00,18,81,99
CI2133,2025-12-19,13g00,32,285,317
CO3053,2025-12-19,13g00,58,216,274
EE2021,2025-12-19,13g00,151,417,568
EE3041,2025-12-19,13g00,0,58,58
IM2017,2025-12-19,13g00,113,158,271
ME2009,2025-12-19,13g00,181,359,540
TR3145,2025-12-19,13g00,31,183,214
CO3015,2025-12-19,15g30,62,157,219
LA1041,2025-12-20,07g00,0,28,28
LA1057,2025-12-20,07g00,0,38,38
LA1043,2025-12-20,09g30,19,50,69
CI2139,2025-12-22,07g00,36,259,295
IM3021,2025-12-22,07g00,30,145,175
PH1003,2025-12-22,07g00,1522,1973,3495
PH1011,2025-12-22,07g00,185,0,185
CI1003,2025-12-22,09g30,0,47,47
IM1003,2025-12-22,09g30,150,141,291
PH1003,2025-12-22,09g30,178,1793,1971
AS2071,2025-12-22,13g00,165,106,271
CH3021,2025-12-22,13g00,15,84,99
CH4051,2025-12-22,13g00,142,246,388
CI1069,2025-12-22,13g00,0,55,55
CI3301,2025-12-22,13g00,0,15,15
CO3045,2025-12-22,13g00,40,80,120
EE3027,2025-12-22,13g00,0,37,37
EE3071,2025-12-22,13g00,0,120,120
EE3203,2025-12-22,13g00,0,80,80
EE3413,2025-12-22,13g00,75,0,75
EE4441,2025-12-22,13g00,34,0,34
GE3219,2025-12-22,13g00,0,34,34
IM2031,2025-12-22,13g00,0,24,24
IM3029,2025-12-22,13g00,0,58,58
IU4025,2025-12-22,13g00,0,27,27
MA2013,2025-12-22,13g00,0,26,26
MA3111,2025-12-22,13g00,15,0,15
MA4091,2025-12-22,13g00,0,59,59
MA4169,2025-12-22,13g00,15,0,15
ME3015,2025-12-22,13g00,59,52,111
ME3031,2025-12-22,13g00,0,8,8
ME3215,2025-12-22,13g00,0,29,29
ME3299,2025-12-22,13g00,0,76,76
ME4631,2025-12-22,13g00,39,0,39
TR3003,2025-12-22,13g00,24,0,24
TR3061,2025-12-22,13g00,0,29,29
LA1007,2025-12-22,15g30,93,913,1006
CH5407,2025-12-22,18g15,14,0,14
CH5703,2025-12-22,18g15,57,0,57
CI5251,2025-12-22,18g15,21,0,21
CI5403,2025-12-22,18g15,30,0,30
CO5087,2025-12-22,18g15,41,0,41
CO5161,2025-12-22,18g15,9,0,9
EE5191,2025-12-22,18g15,32,0,32
IM5127,2025-12-22,18g15,28,0,28
MA5097,2025-12-22,18g15,8,0,8
ME5269,2025-12-22,18g15,24,0,24
TR5063,2025-12-22,18g15,9,0,9
CH2019,2025-12-23,07g00,0,61,61
EE3025,2025-12-23,07g00,0,253,253
IM3109,2025-12-23,07g00,21,26,47
MT1003,2025-12-23,07g00,1559,1900,3459
MT1019,2025-12-23,07g00,183,0,183
CO3071,2025-12-23,09g30,15,77,92
ME4645,2025-12-23,09g30,60,85,145
MT1003,2025-12-23,09g30,169,1924,2093
MT1015,2025-12-23,09g30,177,0,177
MT1017,2025-12-23,09g30,152,146,298
TR3055,2025-12-23,09g30,32,0,32
AS3015,2025-12-23,13g00,0,28,28
AS3105,2025-12-23,13g00,17,55,72
CH3049,2025-12-23,13g00,31,21,52
CH3403,2025-12-23,13g00,0,20,20
CH4085,2025-12-23,13g00,37,114,151
CI1003,2025-12-23,13g00,28,0,28
CI4165,2025-12-23,13g00,0,54,54
CO3143,2025-12-23,13g00,64,0,64
EE3077,2025-12-23,13g00,0,56,56
EE3133,2025-12-23,13g00,0,26,26
EE3403,2025-12-23,13g00,49,0,49
EE4053,2025-12-23,13g00,17,0,17
IM1015,2025-12-23,13g00,0,16,16
LA1009,2025-12-23,13g00,48,681,729
ME3207,2025-12-23,13g00,0,23,23
ME4201,2025-12-23,13g00,51,45,96
TR3135,2025-12-23,13g00,42,43,85
EE2017,2025-12-23,15g30,0,136,136
ME2151,2025-12-23,15g30,75,0,75
CH5603,2025-12-23,18g15,46,0,46
CI5137,2025-12-23,18g15,14,0,14
CI5407,2025-12-23,18g15,31,0,31
EE5193,2025-12-23,18g15,25,0,25
GK5025,2025-12-23,18g15,130,0,130
IM5067,2025-12-23,18g15,27,0,27
TR5067,2025-12-23,18g15,8,0,8
TR5089,2025-12-23,18g15,6,0,6
CH2113,2025-12-24,07g00,321,359,680
CH3421,2025-12-24,07g00,0,18,18
CI2135,2025-12-24,07g00,49,239,288
CO1005,2025-12-24,07g00,443,406,849
CO3049,2025-12-24,07g00,50,150,200
CO3083,2025-12-24,07g00,0,28,28
EE1009,2025-12-24,07g00,313,880,1193
EE2409,2025-12-24,07g00,39,0,39
IM2019,2025-12-24,07g00,110,144,254
IM3095,2025-12-24,07g00,0,65,65
ME2015,2025-12-24,07g00,0,26,26
ME2103,2025-12-24,07g00,0,98,98
ME2179,2025-12-24,07g00,145,94,239
ME3281,2025-12-24,07g00,42,222,264
AS2001,2025-12-24,09g30,0,23,23
CH3371,2025-12-24,09g30,31,60,91
CI3013,2025-12-24,09g30,0,15,15
EE4455,2025-12-24,09g30,35,0,35
EN3005,2025-12-24,09g30,7,43,50
EN3069,2025-12-24,09g30,0,20,20
GE2035,2025-12-24,09g30,0,43,43
IU4019,2025-12-24,09g30,0,21,21
MA3021,2025-12-24,09g30,0,20,20
MA3163,2025-12-24,09g30,4,0,4
MA4081,2025-12-24,09g30,0,32,32
ME2159,2025-12-24,09g30,0,51,51
ME3105,2025-12-24,09g30,0,51,51
MT1011,2025-12-24,09g30,177,0,177
TR1005,2025-12-24,09g30,69,69,138
EE3031,2025-12-24,13g00,22,59,81
EE3107,2025-12-24,13g00,0,43,43
EE3131,2025-12-24,13g00,0,57,57
ME4625,2025-12-24,13g00,59,180,239
MT1007,2025-12-24,13g00,877,2187,3064
CO2017,2025-12-24,15g30,162,157,319
LA1049,2025-12-24,15g30,98,0,98
ME2013,2025-12-24,15g30,52,69,121
CH5311,2025-12-24,18g15,63,0,63
CH5373,2025-12-24,18g15,15,0,15
CI5139,2025-12-24,18g15,19,0,19
CO5115,2025-12-24,18g15,88,0,88
CO5135,2025-12-24,18g15,53,0,53
CO5177,2025-12-24,18g15,77,0,77
EE5209,2025-12-24,18g15,48,0,48
IM5093,2025-12-24,18g15,17,0,17
IM5121,2025-12-24,18g15,15,0,15
ME5029,2025-12-24,18g15,11,0,11
ME5267,2025-12-24,18g15,24,0,24
CH2021,2025-12-25,07g00,367,409,776
CH3425,2025-12-25,07g00,0,20,20
CI2045,2025-12-25,07g00,0,18,18
CI4141,2025-12-25,07g00,0,43,43
CI4143,2025-12-25,07g00,0,25,25
CI4163,2025-12-25,07g00,0,65,65
CO1023,2025-12-25,07g00,430,386,816
EE2011,2025-12-25,07g00,84,190,274
EE2031,2025-12-25,07g00,30,0,30
EE3065,2025-12-25,07g00,20,163,183
EE4407,2025-12-25,07g00,47,0,47
EN1001,2025-12-25,07g00,11,122,133
EN3039,2025-12-25,07g00,0,31,31
GE2049,2025-12-25,07g00,4,51,55
IM1007,2025-12-25,07g00,149,139,288
IU3059,2025-12-25,07g00,0,35,35
ME2091,2025-12-25,07g00,233,454,687
ME4063,2025-12-25,07g00,0,68,68
ME4073,2025-12-25,07g00,17,62,79
ME4605,2025-12-25,07g00,0,28,28
TR2005,2025-12-25,07g00,34,0,34
TR3025,2025-12-25,07g00,19,32,51
EE2003,2025-12-25,09g30,101,240,341
MA1001,2025-12-25,09g30,78,181,259
CH1005,2025-12-25,13g00,39,52,91
CH3331,2025-12-25,13g00,42,112,154
CI3043,2025-12-25,13g00,0,34,34
CO3069,2025-12-25,13g00,49,82,131
EE3213,2025-12-25,13g00,0,24,24
IM2033,2025-12-25,13g00,17,48,65
ME1015,2025-12-25,13g00,0,160,160
ME2051,2025-12-25,13g00,76,140,216
ME2131,2025-12-25,13g00,50,96,146
ME4025,2025-12-25,13g00,50,0,50
MT1023,2025-12-25,13g00,23,0,23
EE3001,2025-12-25,15g30,0,73,73
LA1011,2025-12-25,15g30,174,0,174
LA1051,2025-12-25,15g30,98,0,98
CH5601,2025-12-25,18g15,34,0,34
CH5685,2025-12-25,18g15,21,0,21
CH5719,2025-12-25,18g15,13,0,13
CI5245,2025-12-25,18g15,14,0,14
CI5451,2025-12-25,18g15,29,0,29
CO5085,2025-12-25,18g15,53,0,53
CO5119,2025-12-25,18g15,83,0,83
IM5109,2025-12-25,18g15,22,0,22
IM5113,2025-12-25,18g15,17,0,17
CH1003,2025-12-26,07g00,1227,1877,3104
CH3389,2025-12-26,07g00,19,87,106
CI3061,2025-12-26,07g00,21,95,116
CO3021,2025-12-26,07g00,21,81,102
EE3003,2025-12-26,07g00,24,266,290
MA3101,2025-12-26,07g00,4,65,69
ME3229,2025-12-26,07g00,0,59,59
AS2063,2025-12-26,09g30,13,52,65
CH4149,2025-12-26,09g30,19,0,19
CI3261,2025-12-26,09g30,0,83,83
CI4153,2025-12-26,09g30,0,35,35
EE2407,2025-12-26,09g30,274,0,274
EE3029,2025-12-26,09g30,30,207,237
EE3095,2025-12-26,09g30,57,28,85
EE3405,2025-12-26,09g30,34,0,34
EE5019,2025-12-26,09g30,14,0,14
EN3013,2025-12-26,09g30,0,51,51
IM1001,2025-12-26,09g30,139,138,277
IM3083,2025-12-26,09g30,35,49,84
IU2003,2025-12-26,09g30,0,25,25
ME4307,2025-12-26,09g30,0,36,36
CH3337,2025-12-26,13g00,20,81,101
CH3369,2025-12-26,13g00,34,64,98
CI3265,2025-12-26,13g00,0,33,33
CI4189,2025-12-26,13g00,54,167,221
CO3009,2025-12-26,13g00,144,161,305
EE3145,2025-12-26,13g00,0,117,117
LA0019,2025-12-26,13g00,16,619,635
LA1005,2025-12-26,13g00,78,980,1058
ME3001,2025-12-26,13g00,71,287,358
TR2017,2025-12-26,13g00,0,62,62
CO4031,2025-12-26,15g30,43,124,167
LA3021,2025-12-26,15g30,173,0,173
CI5147,2025-12-26,18g15,14,0,14
CI5149,2025-12-26,18g15,18,0,18
CO5125,2025-12-26,18g15,41,0,41
ME5103,2025-12-26,18g15,15,0,15
TR5023,2025-12-26,18g15,5,0,5
LA1003,2025-12-27,07g00,60,1113,1173
MA3083,2025-12-27,07g00,18,0,18
CH4079,2025-12-27,09g30,191,426,617
EN2033,2025-12-27,09g30,0,71,71
GK5035,2025-12-27,09g30,164,0,164
CH2027,2025-12-27,13g00,53,151,204
CH5767,2025-12-27,13g00,19,0,19
CI5141,2025-12-27,13g00,17,0,17
CI5273,2025-12-27,13g00,8,0,8
CI5779,2025-12-27,13g00,19,0,19
CO3005,2025-12-27,13g00,77,255,332
CO5083,2025-12-27,13g00,18,0,18
EE3169,2025-12-27,13g00,0,47,47
IM5065,2025-12-27,13g00,22,0,22
ME5079,2025-12-27,13g00,10,0,10
ME5259,2025-12-27,13g00,20,0,20
TR5065,2025-12-27,13g00,8,0,8
GE1013,2025-12-27,15g30,104,282,386
GK5933,2025-12-27,15g30,65,0,65
IM1023,2025-12-28,07g00,127,159,286
AS5113,2025-12-28,09g30,462,0,462
CO3093,2025-12-28,13g00,472,480,952
EE2009,2025-12-28,13g00,23,176,199
ME2019,2025-12-28,13g00,71,99,170
CI5259,2025-12-28,15g30,19,0,19
CO5317,2025-12-28,15g30,16,0,16
EN5083,2025-12-28,15g30,11,0,11
GK5011,2025-12-28,15g30,131,0,131
MA5079,2025-12-28,15g30,6,0,6
AS3097,2025-12-29,07g00,11,0,11
AS3103,2025-12-29,07g00,17,41,58
CH2007,2025-12-29,07g00,53,63,116
CH2009,2025-12-29,07g00,17,184,201
CH2043,2025-12-29,07g00,178,179,357
CH4091,2025-12-29,07g00,29,15,44
CH4143,2025-12-29,07g00,15,28,43
CI3057,2025-12-29,07g00,0,15,15
CI3233,2025-12-29,07g00,0,38,38
CO3115,2025-12-29,07g00,56,78,134
EN1003,2025-12-29,07g00,134,472,606
EN3205,2025-12-29,07g00,0,44,44
GE3015,2025-12-29,07g00,0,51,51
IU4015,2025-12-29,07g00,0,59,59
MA3007,2025-12-29,07g00,0,22,22
ME2005,2025-12-29,07g00,141,443,584
ME3027,2025-12-29,07g00,0,34,34
ME4607,2025-12-29,07g00,51,186,237
TR2011,2025-12-29,07g00,0,22,22
LA3025,2025-12-29,09g30,108,0,108
CH3349,2025-12-29,13g00,0,30,30
CI2037,2025-12-29,13g00,30,70,100
CO1007,2025-12-29,13g00,179,245,424
EE2415,2025-12-29,13g00,24,0,24
EE3013,2025-12-29,13g00,97,148,245
EE3019,2025-12-29,13g00,0,60,60
EE3111,2025-12-29,13g00,0,53,53
IM3051,2025-12-29,13g00,67,231,298
ME2007,2025-12-29,13g00,156,399,555
ME4313,2025-12-29,13g00,0,61,61
CO5157,2025-12-29,18g15,38,0,38
GK5007,2025-12-29,18g15,57,0,57
GK5009,2025-12-29,18g15,117,0,117
GK5037,2025-12-29,18g15,74,0,74
AS2009,2025-12-30,07g00,22,64,86
AS3035,2025-12-30,07g00,0,29,29
AS3147,2025-12-30,07g00,17,50,67
CI2001,2025-12-30,07g00,211,484,695
CI2007,2025-12-30,07g00,0,168,168
CI3163,2025-12-30,07g00,0,55,55
CI3231,2025-12-30,07g00,0,62,62
CO2013,2025-12-30,07g00,444,424,868
EE2019,2025-12-30,07g00,153,401,554
EE3201,2025-12-30,07g00,0,80,80
EE4443,2025-12-30,07g00,36,0,36
GE2051,2025-12-30,07g00,9,74,83
GE2067,2025-12-30,07g00,0,30,30
GE3215,2025-12-30,07g00,0,35,35
IU2001,2025-12-30,07g00,0,148,148
LA1015,2025-12-30,07g00,181,0,181
MA2007,2025-12-30,07g00,0,31,31
MA3085,2025-12-30,07g00,0,26,26
MA3107,2025-12-30,07g00,0,25,25
ME2151,2025-12-30,07g00,0,117,117
ME3033,2025-12-30,07g00,26,48,74
TR2037,2025-12-30,07g00,0,64,64
SP1037,2025-12-30,09g30,643,1903,2546
AS2003,2025-12-30,13g00,44,63,107
CH2111,2025-12-30,13g00,37,43,80
CH4125,2025-12-30,13g00,114,224,338
CO2103,2025-12-30,13g00,139,111,250
EE4423,2025-12-30,13g00,44,0,44
IM3093,2025-12-30,13g00,35,92,127
CO3085,2025-12-30,15g30,21,62,83
EE3129,2025-12-30,15g30,0,89,89
GK5041,2025-12-30,18g15,87,0,87
AS3029,2025-12-31,07g00,15,34,49
CH2017,2025-12-31,07g00,57,58,115
CH3003,2025-12-31,07g00,34,67,101
CH3133,2025-12-31,07g00,154,231,385
CI2137,2025-12-31,07g00,73,253,326
CO3001,2025-12-31,07g00,519,520,1039
EE2039,2025-12-31,07g00,29,273,302
EE3067,2025-12-31,07g00,0,47,47
EN3073,2025-12-31,07g00,14,44,58
GE2001,2025-12-31,07g00,0,80,80
IM3105,2025-12-31,07g00,50,232,282
IU2035,2025-12-31,07g00,0,128,128
IU3011,2025-12-31,07g00,0,37,37
MA1003,2025-12-31,07g00,14,190,204
MA4067,2025-12-31,07g00,0,39,39
ME3225,2025-12-31,07g00,0,56,56
ME4135,2025-12-31,07g00,40,25,65
ME4311,2025-12-31,07g00,0,39,39
MT2015,2025-12-31,07g00,195,0,195
TR3059,2025-12-31,07g00,0,28,28
TR3133,2025-12-31,07g00,0,24,24
EE3127,2025-12-31,09g30,0,17,17
LA4007,2025-12-31,09g30,65,0,65
ME2003,2025-12-31,09g30,170,425,595
EE3087,2025-12-31,13g00,0,49,49
EE3401,2025-12-31,13g00,45,0,45
ME3007,2025-12-31,13g00,0,24,24
ME3013,2025-12-31,13g00,26,122,148
ME4007,2025-12-31,13g00,23,61,84
MT1009,2025-12-31,13g00,264,838,1102
SP1043,2025-12-31,13g00,95,0,95
CH2053,2025-12-31,15g30,146,169,315
CO3029,2025-12-31,15g30,45,225,270
CH5665,2025-12-31,18g15,8,0,8
CO5159,2025-12-31,18g15,42,0,42
IM5129,2025-12-31,18g15,14,0,14
CH2003,2026-01-02,07g00,260,288,548
CH4101,2026-01-02,07g00,31,81,112
CI1003,2026-01-02,07g00,44,0,44
CI2003,2026-01-02,07g00,114,910,1024
CO2011,2026-01-02,07g00,501,521,1022
EE2015,2026-01-02,07g00,85,246,331
EE2081,2026-01-02,07g00,263,451,714
EE3017,2026-01-02,07g00,0,27,27
EE3089,2026-01-02,07g00,59,26,85
EE3117,2026-01-02,07g00,24,60,84
ME4133,2026-01-02,07g00,51,46,97
TR3001,2026-01-02,07g00,85,58,143
AS2049,2026-01-02,09g30,3,0,3
AS3093,2026-01-02,09g30,13,0,13
CO3033,2026-01-02,09g30,0,13,13
EN3207,2026-01-02,09g30,0,28,28
GE2053,2026-01-02,09g30,0,78,78
GE2065,2026-01-02,09g30,0,30,30
GE3137,2026-01-02,09g30,0,46,46
IM4001,2026-01-02,09g30,0,15,15
MA2033,2026-01-02,09g30,15,177,192
MA3019,2026-01-02,09g30,21,0,21
MA4125,2026-01-02,09g30,0,26,26
MA4139,2026-01-02,09g30,10,0,10
ME2065,2026-01-02,09g30,0,55,55
ME2113,2026-01-02,09g30,0,69,69
ME4615,2026-01-02,09g30,0,69,69
TR4021,2026-01-02,09g30,0,22,22
AS1003,2026-01-02,13g00,45,98,143
CH3341,2026-01-02,13g00,43,42,85
CH3351,2026-01-02,13g00,32,64,96
CI4145,2026-01-02,13g00,0,50,50
CO3067,2026-01-02,13g00,12,49,61
EE2035,2026-01-02,13g00,45,184,229
IM3047,2026-01-02,13g00,97,401,498
IU3067,2026-01-02,13g00,0,20,20
ME2089,2026-01-02,13g00,133,358,491
PH2001,2026-01-02,13g00,0,59,59
CO3061,2026-01-02,15g30,136,160,296
CH5711,2026-01-02,18g15,58,0,58
CH5747,2026-01-02,18g15,28,0,28
CI5777,2026-01-02,18g15,16,0,16
CO5111,2026-01-02,18g15,30,0,30
CO5175,2026-01-02,18g15,41,0,41
MA5071,2026-01-02,18g15,12,0,12
AS3031,2026-01-03,07g00,13,39,52
CH3131,2026-01-03,07g00,15,78,93
CH4063,2026-01-03,07g00,0,11,11
CH4107,2026-01-03,07g00,0,38,38
CI3237,2026-01-03,07g00,0,60,60
CI4159,2026-01-03,07g00,0,16,16
CI5239,2026-01-03,07g00,26,0,26
CO4033,2026-01-03,07g00,30,60,90
CO5097,2026-01-03,07g00,107,0,107
EE3035,2026-01-03,07g00,5,58,63
EE3101,2026-01-03,07g00,0,32,32
EE3189,2026-01-03,07g00,11,0,11
EN2065,2026-01-03,07g00,0,119,119
EN3211,2026-01-03,07g00,0,25,25
EN5075,2026-01-03,07g00,5,0,5
GE3203,2026-01-03,07g00,0,1,1
GE4091,2026-01-03,07g00,0,50,50
IM4003,2026-01-03,07g00,27,135,162
IU2031,2026-01-03,07g00,0,133,133
MA2037,2026-01-03,07g00,10,0,10
MA4065,2026-01-03,07g00,7,64,71
ME3005,2026-01-03,07g00,40,35,75
ME5091,2026-01-03,07g00,4,0,4
MT1013,2026-01-03,07g00,69,0,69
TR3039,2026-01-03,07g00,0,32,32
TR4057,2026-01-03,07g00,18,0,18
SP1035,2026-01-03,09g30,802,1529,2331
CH4087,2026-01-03,13g00,16,47,63
CH5607,2026-01-03,13g00,47,0,47
CH5653,2026-01-03,13g00,12,0,12
CI5253,2026-01-03,13g00,22,0,22
CO5185,2026-01-03,13g00,29,0,29
EE3171,2026-01-03,13g00,0,33,33
EN1005,2026-01-03,13g00,0,80,80
IM1019,2026-01-03,13g00,140,240,380
IU1005,2026-01-03,13g00,0,11,11
ME2071,2026-01-03,13g00,0,23,23
TR2039,2026-01-03,13g00,42,57,99
CO3043,2026-01-03,15g30,71,130,201
AS2013,2026-01-04,07g00,46,66,112
AS2069,2026-01-04,07g00,0,80,80
AS3075,2026-01-04,07g00,21,0,21
CH2109,2026-01-04,07g00,14,42,56
CH4111,2026-01-04,07g00,24,0,24
CH4115,2026-01-04,07g00,10,43,53
CI2157,2026-01-04,07g00,21,0,21
CI3259,2026-01-04,07g00,6,19,25
CI3263,2026-01-04,07g00,0,26,26
CI4139,2026-01-04,07g00,0,42,42
CI4147,2026-01-04,07g00,0,22,22
CI4155,2026-01-04,07g00,0,20,20
EE2419,2026-01-04,07g00,18,0,18
EE3411,2026-01-04,07g00,61,0,61
GE2069,2026-01-04,07g00,0,42,42
GE4033,2026-01-04,07g00,0,10,10
GK5033,2026-01-04,07g00,107,0,107
IM1025,2026-01-04,07g00,287,861,1148
IM3073,2026-01-04,07g00,49,82,131
IU3057,2026-01-04,07g00,0,36,36
MA2011,2026-01-04,07g00,0,7,7
MA3089,2026-01-04,07g00,0,16,16
MA3113,2026-01-04,07g00,15,0,15
MA3139,2026-01-04,07g00,17,0,17
MA4025,2026-01-04,07g00,0,8,8
MA4079,2026-01-04,07g00,24,0,24
MA4181,2026-01-04,07g00,5,0,5
ME2139,2026-01-04,07g00,0,63,63
ME4025,2026-01-04,07g00,0,148,148
PH1009,2026-01-04,07g00,18,0,18
PH2003,2026-01-04,07g00,17,60,77
TR4087,2026-01-04,07g00,42,29,71
CH5699,2026-01-04,09g30,42,0,42
CH5741,2026-01-04,09g30,13,0,13
CI5143,2026-01-04,09g30,22,0,22
CI5249,2026-01-04,09g30,14,0,14
CI5405,2026-01-04,09g30,37,0,37
CO5137,2026-01-04,09g30,31,0,31
EE5195,2026-01-04,09g30,27,0,27
EN5147,2026-01-04,09g30,10,0,10
IM1013,2026-01-04,09g30,89,158,247
IM5111,2026-01-04,09g30,28,0,28
MA5067,2026-01-04,09g30,8,0,8
ME5087,2026-01-04,09g30,8,0,8
AS3061,2026-01-04,13g00,0,25,25
CH3329,2026-01-04,13g00,119,119,238
CI4131,2026-01-04,13g00,0,175,175
CO3117,2026-01-04,13g00,155,180,335
EE1005,2026-01-04,13g00,0,64,64
EE2005,2026-01-04,13g00,22,90,112
EE3011,2026-01-04,13g00,0,63,63
EE3097,2026-01-04,13g00,73,149,222
EN3087,2026-01-04,13g00,16,50,66
IM1031,2026-01-04,13g00,24,77,101
IM3077,2026-01-04,13g00,0,43,43
ME2049,2026-01-04,13g00,0,66,66
ME3003,2026-01-04,13g00,58,298,356
TR3011,2026-01-04,13g00,55,0,55
CH5647,2026-01-04,15g30,28,0,28
CO5173,2026-01-04,15g30,125,0,125
TR5069,2026-01-04,15g30,11,0,11
