DATE_ONLY,TIME,CAMPUS,ROOM ID,ROOM_CAPACITY,ROOM_EXAM_CAPACITY,TOTAL_STUDENTS,NUM_MODULES,UTILIZATION
2025-12-15,07g00,CS1,B1-208,84,44,84,2,1.0
2025-12-15,07g00,CS1,B1-306,84,44,84,3,1.0
2025-12-15,07g00,CS1,B4-406,108,57,108,2,1.0
2025-12-15,07g00,CS1,B4-505,120,63,120,2,1.0
2025-12-15,07g00,CS1,B5-GD,130,130,130,1,1.0
2025-12-15,07g00,CS1,C6-102,100,50,100,2,1.0
2025-12-15,07g00,CS1,C6-103,100,50,100,2,1.0
2025-12-15,07g00,CS1,B4-502,80,42,75,4,0.9375
2025-12-15,07g00,CS1,B1-311,80,42,42,1,0.525
2025-12-15,07g00,CS1,B4-305,80,42,42,1,0.525
2025-12-15,07g00,CS1,B4-306,80,42,42,1,0.525
2025-12-15,07g00,CS1,B4-501,80,42,42,1,0.525
2025-12-15,07g00,CS1,B6-306,80,42,42,1,0.525
2025-12-15,07g00,CS1,C4-301,80,42,42,1,0.525
2025-12-15,07g00,CS1,C4-304,80,42,42,1,0.525
2025-12-15,07g00,CS1,C4-402,80,42,42,1,0.525
2025-12-15,07g00,CS1,C4-403,80,42,42,1,0.525
2025-12-15,07g00,CS1,C4-502,80,42,42,1,0.525
2025-12-15,07g00,CS1,C5-303,80,42,42,1,0.525
2025-12-15,07g00,CS1,C5-401,80,42,16,1,0.2
2025-12-15,07g00,CS2,H2-201,156,82,156,3,1.0
2025-12-15,07g00,CS2,H2-301,156,82,156,3,1.0
2025-12-15,07g00,CS2,H2-306,156,82,156,3,1.0
2025-12-15,07g00,CS2,H6-GD,250,250,250,1,1.0
2025-12-15,07g00,CS2,NTD,300,300,300,1,1.0
2025-12-15,07g00,CS2,H2-401,156,82,121,3,0.7756410256410257
2025-12-15,07g00,CS2,H1-101,138,73,73,1,0.5289855072463768
2025-12-15,07g00,CS2,H1-104,138,73,73,1,0.5289855072463768
2025-12-15,07g00,CS2,H3-201,142,75,75,1,0.528169014084507
2025-12-15,07g00,CS2,H3-301,142,75,75,1,0.528169014084507
2025-12-15,07g00,CS2,H3-306,142,75,75,1,0.528169014084507
2025-12-15,07g00,CS2,H3-401,142,75,75,1,0.528169014084507
2025-12-15,07g00,CS2,H3-406,142,75,75,1,0.528169014084507
2025-12-15,07g00,CS2,H3-501,142,75,75,1,0.528169014084507
2025-12-15,07g00,CS2,H3-506,142,75,75,1,0.528169014084507
2025-12-15,07g00,CS2,H6-308,144,76,76,1,0.5277777777777778
2025-12-15,07g00,CS2,H1-204,129,68,68,1,0.5271317829457365
2025-12-15,07g00,CS2,H6-113,129,68,68,1,0.5271317829457365
2025-12-15,07g00,CS2,H6-305,129,68,68,1,0.5271317829457365
2025-12-15,07g00,CS2,H6-811,150,79,79,1,0.5266666666666666
2025-12-15,07g00,CS2,H1-307,135,71,71,1,0.5259259259259259
2025-12-15,07g00,CS2,H2-207,135,71,71,1,0.5259259259259259
2025-12-15,07g00,CS2,H6-311,135,71,71,1,0.5259259259259259
2025-12-15,07g00,CS2,H2-206,156,82,82,1,0.5256410256410257
2025-12-15,07g00,CS2,H2-406,156,82,82,1,0.5256410256410257
2025-12-15,07g00,CS2,H1-401,126,66,66,1,0.5238095238095238
2025-12-15,07g00,CS2,H1-404,126,66,66,1,0.5238095238095238
2025-12-15,07g00,CS2,H6-211,126,66,66,1,0.5238095238095238
2025-12-15,07g00,CS2,H6-412,123,65,52,1,0.42276422764227645
2025-12-15,09g30,CS1,B4-406,108,57,108,3,1.0
2025-12-15,09g30,CS1,B4-505,120,63,120,2,1.0
2025-12-15,09g30,CS1,B5-GD,130,130,130,1,1.0
2025-12-15,09g30,CS1,C6-103,100,50,100,5,1.0
2025-12-15,09g30,CS1,C6-102,100,50,32,4,0.32
2025-12-15,09g30,CS2,NTD,300,300,300,5,1.0
2025-12-15,09g30,CS2,H6-GD,250,250,27,5,0.108
2025-12-15,13g00,CS1,B5-GD,130,130,130,1,1.0
2025-12-15,13g00,CS1,B4-505,120,63,117,5,0.975
2025-12-15,13g00,CS2,H2-201,156,82,156,3,1.0
2025-12-15,13g00,CS2,H2-301,156,82,156,4,1.0
2025-12-15,13g00,CS2,H6-GD,250,250,250,1,1.0
2025-12-15,13g00,CS2,NTD,300,300,300,1,1.0
2025-12-15,13g00,CS2,H2-306,156,82,17,3,0.10897435897435898
2025-12-15,15g30,CS1,B5-GD,130,130,54,1,0.4153846153846154
2025-12-15,15g30,CS2,NTD,300,300,119,1,0.39666666666666667
2025-12-16,07g00,CS1,B4-406,108,57,108,4,1.0
2025-12-16,07g00,CS1,B4-505,120,63,120,2,1.0
2025-12-16,07g00,CS1,B5-GD,130,130,130,1,1.0
2025-12-16,07g00,CS1,C6-103,100,50,51,5,0.51
2025-12-16,07g00,CS2,NTD,300,300,252,4,0.84
2025-12-16,09g30,CS1,B5-GD,130,130,130,1,1.0
2025-12-16,09g30,CS1,B4-505,120,63,92,3,0.7666666666666667
2025-12-16,09g30,CS1,B4-406,108,57,34,1,0.3148148148148148
2025-12-16,09g30,CS2,H6-GD,250,250,250,1,1.0
2025-12-16,09g30,CS2,NTD,300,300,300,1,1.0
2025-12-16,09g30,CS2,H2-201,156,82,123,4,0.7884615384615384
2025-12-16,13g00,CS1,B4-505,120,63,120,2,1.0
2025-12-16,13g00,CS1,B5-GD,130,130,130,1,1.0
2025-12-16,13g00,CS1,B4-406,108,57,72,2,0.6666666666666666
2025-12-16,13g00,CS1,B4-502,80,42,42,1,0.525
2025-12-16,13g00,CS1,B1-208,84,44,44,1,0.5238095238095238
2025-12-16,13g00,CS1,B1-306,84,44,44,1,0.5238095238095238
2025-12-16,13g00,CS1,C6-102,100,50,50,1,0.5
2025-12-16,13g00,CS1,C6-103,100,50,50,1,0.5
2025-12-16,13g00,CS1,B4-501,80,42,14,1,0.175
2025-12-16,13g00,CS2,H2-201,156,82,156,2,1.0
2025-12-16,13g00,CS2,H2-301,156,82,156,2,1.0
2025-12-16,13g00,CS2,H2-306,156,82,156,3,1.0
2025-12-16,13g00,CS2,H2-401,156,82,156,3,1.0
2025-12-16,13g00,CS2,H6-GD,250,250,250,1,1.0
2025-12-16,13g00,CS2,NTD,300,300,300,1,1.0
2025-12-16,13g00,CS2,H2-406,156,82,113,3,0.7243589743589743
2025-12-16,13g00,CS2,H2-206,156,82,82,1,0.5256410256410257
2025-12-16,13g00,CS2,H6-811,150,79,26,1,0.17333333333333334
2025-12-16,15g30,CS1,B5-GD,130,130,130,2,1.0
2025-12-16,15g30,CS1,B4-505,120,63,69,3,0.575
2025-12-16,15g30,CS2,NTD,300,300,300,3,1.0
2025-12-16,15g30,CS2,H6-GD,250,250,194,3,0.776
2025-12-17,07g00,CS1,B1-208,84,44,84,2,1.0
2025-12-17,07g00,CS1,B1-306,84,44,84,2,1.0
2025-12-17,07g00,CS1,B4-406,108,57,108,2,1.0
2025-12-17,07g00,CS1,B4-501,80,42,80,3,1.0
2025-12-17,07g00,CS1,B4-502,80,42,80,2,1.0
2025-12-17,07g00,CS1,B4-505,120,63,120,2,1.0
2025-12-17,07g00,CS1,B5-GD,130,130,130,1,1.0
2025-12-17,07g00,CS1,B6-306,80,42,80,4,1.0
2025-12-17,07g00,CS1,C4-502,80,42,80,6,1.0
2025-12-17,07g00,CS1,C6-102,100,50,100,2,1.0
2025-12-17,07g00,CS1,C6-103,100,50,100,2,1.0
2025-12-17,07g00,CS1,B4-305,80,42,22,4,0.275
2025-12-17,07g00,CS2,H2-201,156,82,156,2,1.0
2025-12-17,07g00,CS2,H2-206,156,82,156,3,1.0
2025-12-17,07g00,CS2,H2-301,156,82,156,2,1.0
2025-12-17,07g00,CS2,H2-306,156,82,156,2,1.0
2025-12-17,07g00,CS2,H2-401,156,82,156,2,1.0
2025-12-17,07g00,CS2,H2-406,156,82,156,3,1.0
2025-12-17,07g00,CS2,H3-306,142,75,142,6,1.0
2025-12-17,07g00,CS2,H3-406,142,75,142,4,1.0
2025-12-17,07g00,CS2,H6-308,144,76,144,3,1.0
2025-12-17,07g00,CS2,H6-811,150,79,150,3,1.0
2025-12-17,07g00,CS2,H6-GD,250,250,250,1,1.0
2025-12-17,07g00,CS2,NTD,300,300,300,1,1.0
2025-12-17,07g00,CS2,H3-301,142,75,99,6,0.6971830985915493
2025-12-17,07g00,CS2,H3-201,142,75,75,1,0.528169014084507
2025-12-17,07g00,CS2,H3-501,142,75,75,1,0.528169014084507
2025-12-17,07g00,CS2,H3-506,142,75,16,1,0.11267605633802817
2025-12-17,13g00,CS1,B1-208,84,44,84,2,1.0
2025-12-17,13g00,CS1,B1-306,84,44,84,2,1.0
2025-12-17,13g00,CS1,B4-305,80,42,80,3,1.0
2025-12-17,13g00,CS1,B4-406,108,57,108,2,1.0
2025-12-17,13g00,CS1,B4-501,80,42,80,2,1.0
2025-12-17,13g00,CS1,B4-502,80,42,80,2,1.0
2025-12-17,13g00,CS1,B4-505,120,63,120,2,1.0
2025-12-17,13g00,CS1,B5-GD,130,130,130,1,1.0
2025-12-17,13g00,CS1,B6-306,80,42,80,2,1.0
2025-12-17,13g00,CS1,C4-301,80,42,80,3,1.0
2025-12-17,13g00,CS1,C4-304,80,42,80,4,1.0
2025-12-17,13g00,CS1,C4-502,80,42,80,2,1.0
2025-12-17,13g00,CS1,C6-102,100,50,100,2,1.0
2025-12-17,13g00,CS1,C6-103,100,50,100,2,1.0
2025-12-17,13g00,CS1,C4-402,80,42,48,5,0.6
2025-12-17,13g00,CS2,H2-201,156,82,156,2,1.0
2025-12-17,13g00,CS2,H2-206,156,82,156,2,1.0
2025-12-17,13g00,CS2,H2-301,156,82,156,2,1.0
2025-12-17,13g00,CS2,H2-306,156,82,156,2,1.0
2025-12-17,13g00,CS2,H2-401,156,82,156,2,1.0
2025-12-17,13g00,CS2,H2-406,156,82,156,2,1.0
2025-12-17,13g00,CS2,H3-201,142,75,142,3,1.0
2025-12-17,13g00,CS2,H3-301,142,75,142,3,1.0
2025-12-17,13g00,CS2,H3-306,142,75,142,2,1.0
2025-12-17,13g00,CS2,H3-406,142,75,142,2,1.0
2025-12-17,13g00,CS2,H6-308,144,76,144,2,1.0
2025-12-17,13g00,CS2,H6-811,150,79,150,2,1.0
2025-12-17,13g00,CS2,H6-GD,250,250,250,1,1.0
2025-12-17,13g00,CS2,NTD,300,300,300,1,1.0
2025-12-17,13g00,CS2,H3-501,142,75,120,8,0.8450704225352113
2025-12-17,15g30,CS1,B5-GD,130,130,35,1,0.2692307692307692
2025-12-17,15g30,CS2,NTD,300,300,48,1,0.16
2025-12-18,07g00,CS1,B4-505,120,63,120,4,1.0
2025-12-18,07g00,CS1,B5-GD,130,130,130,1,1.0
2025-12-18,07g00,CS1,B4-406,108,57,85,4,0.7870370370370371
2025-12-18,07g00,CS1,B4-502,80,42,42,1,0.525
2025-12-18,07g00,CS1,B1-208,84,44,44,1,0.5238095238095238
2025-12-18,07g00,CS1,B1-306,84,44,44,1,0.5238095238095238
2025-12-18,07g00,CS1,C6-102,100,50,50,1,0.5
2025-12-18,07g00,CS1,C6-103,100,50,50,1,0.5
2025-12-18,07g00,CS1,B4-501,80,42,20,1,0.25
2025-12-18,07g00,CS2,H2-201,156,82,156,2,1.0
2025-12-18,07g00,CS2,H2-301,156,82,156,2,1.0
2025-12-18,07g00,CS2,H2-306,156,82,156,3,1.0
2025-12-18,07g00,CS2,H2-401,156,82,156,4,1.0
2025-12-18,07g00,CS2,H6-GD,250,250,250,1,1.0
2025-12-18,07g00,CS2,NTD,300,300,300,1,1.0
2025-12-18,07g00,CS2,H2-406,156,82,128,4,0.8205128205128205
2025-12-18,07g00,CS2,H3-406,142,75,75,1,0.528169014084507
2025-12-18,07g00,CS2,H6-308,144,76,76,1,0.5277777777777778
2025-12-18,07g00,CS2,H6-811,150,79,79,1,0.5266666666666666
2025-12-18,07g00,CS2,H2-206,156,82,82,1,0.5256410256410257
2025-12-18,07g00,CS2,H3-306,142,75,44,1,0.30985915492957744
2025-12-18,09g30,CS1,B5-GD,130,130,129,2,0.9923076923076923
2025-12-18,09g30,CS2,NTD,300,300,264,2,0.88
2025-12-18,13g00,CS1,B1-208,84,44,84,2,1.0
2025-12-18,13g00,CS1,B1-306,84,44,84,2,1.0
2025-12-18,13g00,CS1,B4-305,80,42,80,3,1.0
2025-12-18,13g00,CS1,B4-406,108,57,108,2,1.0
2025-12-18,13g00,CS1,B4-501,80,42,80,2,1.0
2025-12-18,13g00,CS1,B4-502,80,42,80,2,1.0
2025-12-18,13g00,CS1,B4-505,120,63,120,2,1.0
2025-12-18,13g00,CS1,B5-GD,130,130,130,1,1.0
2025-12-18,13g00,CS1,B6-306,80,42,80,2,1.0
2025-12-18,13g00,CS1,C4-301,80,42,80,4,1.0
2025-12-18,13g00,CS1,C4-502,80,42,80,2,1.0
2025-12-18,13g00,CS1,C6-102,100,50,100,2,1.0
2025-12-18,13g00,CS1,C6-103,100,50,100,2,1.0
2025-12-18,13g00,CS1,C4-304,80,42,63,6,0.7875
2025-12-18,13g00,CS2,H2-201,156,82,156,2,1.0
2025-12-18,13g00,CS2,H2-206,156,82,156,2,1.0
2025-12-18,13g00,CS2,H2-301,156,82,156,2,1.0
2025-12-18,13g00,CS2,H2-306,156,82,156,2,1.0
2025-12-18,13g00,CS2,H2-401,156,82,156,2,1.0
2025-12-18,13g00,CS2,H2-406,156,82,156,2,1.0
2025-12-18,13g00,CS2,H3-306,142,75,142,5,1.0
2025-12-18,13g00,CS2,H3-406,142,75,142,3,1.0
2025-12-18,13g00,CS2,H6-308,144,76,144,2,1.0
2025-12-18,13g00,CS2,H6-811,150,79,150,2,1.0
2025-12-18,13g00,CS2,H6-GD,250,250,250,1,1.0
2025-12-18,13g00,CS2,NTD,300,300,300,1,1.0
2025-12-18,13g00,CS2,H3-301,142,75,67,5,0.47183098591549294
2025-12-18,15g30,CS1,B5-GD,130,130,103,2,0.7923076923076923
2025-12-18,15g30,CS2,NTD,300,300,187,2,0.6233333333333333
2025-12-19,07g00,CS1,B4-505,120,63,120,5,1.0
2025-12-19,07g00,CS1,B5-GD,130,130,130,2,1.0
2025-12-19,07g00,CS1,B4-406,108,57,40,4,0.37037037037037035
2025-12-19,07g00,CS2,H2-201,156,82,156,2,1.0
2025-12-19,07g00,CS2,H2-301,156,82,156,3,1.0
2025-12-19,07g00,CS2,H2-306,156,82,156,3,1.0
2025-12-19,07g00,CS2,H2-401,156,82,156,4,1.0
2025-12-19,07g00,CS2,H2-406,156,82,156,7,1.0
2025-12-19,07g00,CS2,H6-GD,250,250,250,2,1.0
2025-12-19,07g00,CS2,NTD,300,300,300,2,1.0
2025-12-19,07g00,CS2,H2-206,156,82,34,3,0.21794871794871795
2025-12-19,09g30,CS1,B5-GD,130,130,130,1,1.0
2025-12-19,09g30,CS1,B4-505,120,63,101,2,0.8416666666666667
2025-12-19,09g30,CS1,B4-406,108,57,57,1,0.5277777777777778
2025-12-19,09g30,CS1,B1-311,80,42,42,1,0.525
2025-12-19,09g30,CS1,B4-305,80,42,42,1,0.525
2025-12-19,09g30,CS1,B4-306,80,42,42,1,0.525
2025-12-19,09g30,CS1,B4-501,80,42,42,1,0.525
2025-12-19,09g30,CS1,B4-502,80,42,42,1,0.525
2025-12-19,09g30,CS1,B6-306,80,42,42,1,0.525
2025-12-19,09g30,CS1,C4-301,80,42,42,1,0.525
2025-12-19,09g30,CS1,C4-304,80,42,42,1,0.525
2025-12-19,09g30,CS1,C4-402,80,42,42,1,0.525
2025-12-19,09g30,CS1,C4-403,80,42,42,1,0.525
2025-12-19,09g30,CS1,C4-502,80,42,42,1,0.525
2025-12-19,09g30,CS1,C5-303,80,42,42,1,0.525
2025-12-19,09g30,CS1,C5-401,80,42,42,1,0.525
2025-12-19,09g30,CS1,C5-403,80,42,42,1,0.525
2025-12-19,09g30,CS1,C5-502,80,42,42,1,0.525
2025-12-19,09g30,CS1,C6-402,80,42,42,1,0.525
2025-12-19,09g30,CS1,C6-403,80,42,42,1,0.525
2025-12-19,09g30,CS1,B1-208,84,44,44,1,0.5238095238095238
2025-12-19,09g30,CS1,B1-306,84,44,44,1,0.5238095238095238
2025-12-19,09g30,CS1,C6-102,100,50,50,1,0.5
2025-12-19,09g30,CS1,C6-103,100,50,50,1,0.5
2025-12-19,09g30,CS1,C6-401,80,42,19,1,0.2375
2025-12-19,09g30,CS2,H2-201,156,82,156,3,1.0
2025-12-19,09g30,CS2,H6-GD,250,250,250,1,1.0
2025-12-19,09g30,CS2,NTD,300,300,300,1,1.0
2025-12-19,09g30,CS2,H2-301,156,82,105,2,0.6730769230769231
2025-12-19,09g30,CS2,H1-101,138,73,73,1,0.5289855072463768
2025-12-19,09g30,CS2,H3-201,142,75,75,1,0.528169014084507
2025-12-19,09g30,CS2,H3-301,142,75,75,1,0.528169014084507
2025-12-19,09g30,CS2,H3-306,142,75,75,1,0.528169014084507
2025-12-19,09g30,CS2,H3-401,142,75,75,1,0.528169014084507
2025-12-19,09g30,CS2,H3-406,142,75,75,1,0.528169014084507
2025-12-19,09g30,CS2,H3-501,142,75,75,1,0.528169014084507
2025-12-19,09g30,CS2,H3-506,142,75,75,1,0.528169014084507
2025-12-19,09g30,CS2,H6-308,144,76,76,1,0.5277777777777778
2025-12-19,09g30,CS2,H6-811,150,79,79,1,0.5266666666666666
2025-12-19,09g30,CS2,H2-206,156,82,82,1,0.5256410256410257
2025-12-19,09g30,CS2,H2-306,156,82,82,1,0.5256410256410257
2025-12-19,09g30,CS2,H2-401,156,82,82,1,0.5256410256410257
2025-12-19,09g30,CS2,H2-406,156,82,82,1,0.5256410256410257
2025-12-19,09g30,CS2,H1-104,138,73,7,1,0.050724637681159424
2025-12-19,13g00,CS1,B1-208,84,44,84,2,1.0
2025-12-19,13g00,CS1,B1-306,84,44,84,4,1.0
2025-12-19,13g00,CS1,B4-406,108,57,108,2,1.0
2025-12-19,13g00,CS1,B4-505,120,63,120,2,1.0
2025-12-19,13g00,CS1,B5-GD,130,130,130,1,1.0
2025-12-19,13g00,CS1,C6-102,100,50,100,2,1.0
2025-12-19,13g00,CS1,C6-103,100,50,100,2,1.0
2025-12-19,13g00,CS1,B4-502,80,42,40,5,0.5
2025-12-19,13g00,CS2,H2-201,156,82,156,2,1.0
2025-12-19,13g00,CS2,H2-206,156,82,156,2,1.0
2025-12-19,13g00,CS2,H2-301,156,82,156,2,1.0
2025-12-19,13g00,CS2,H2-306,156,82,156,2,1.0
2025-12-19,13g00,CS2,H2-401,156,82,156,2,1.0
2025-12-19,13g00,CS2,H2-406,156,82,156,2,1.0
2025-12-19,13g00,CS2,H3-406,142,75,142,4,1.0
2025-12-19,13g00,CS2,H6-308,144,76,144,3,1.0
2025-12-19,13g00,CS2,H6-811,150,79,150,2,1.0
2025-12-19,13g00,CS2,H6-GD,250,250,250,1,1.0
2025-12-19,13g00,CS2,NTD,300,300,300,1,1.0
2025-12-19,13g00,CS2,H3-306,142,75,62,4,0.43661971830985913
2025-12-19,15g30,CS1,B5-GD,130,130,62,1,0.47692307692307695
2025-12-19,15g30,CS2,NTD,300,300,157,1,0.5233333333333333
2025-12-20,07g00,CS2,NTD,300,300,66,2,0.22
2025-12-20,09g30,CS1,B5-GD,130,130,19,1,0.14615384615384616
2025-12-20,09g30,CS2,NTD,300,300,50,1,0.16666666666666666
2025-12-22,07g00,CS1,B1-208,84,44,84,3,1.0
2025-12-22,07g00,CS1,B4-406,108,57,108,2,1.0
2025-12-22,07g00,CS1,B4-505,120,63,120,2,1.0
2025-12-22,07g00,CS1,B5-GD,130,130,130,1,1.0
2025-12-22,07g00,CS1,C6-102,100,50,100,3,1.0
2025-12-22,07g00,CS1,C6-103,100,50,100,2,1.0
2025-12-22,07g00,CS1,B1-306,84,44,47,2,0.5595238095238095
2025-12-22,07g00,CS1,B8-303,62,33,33,1,0.532258064516129
2025-12-22,07g00,CS1,B8-301,66,35,35,1,0.5303030303030303
2025-12-22,07g00,CS1,B10-203,70,37,37,1,0.5285714285714286
2025-12-22,07g00,CS1,B1-212,72,38,38,1,0.5277777777777778
2025-12-22,07g00,CS1,B1-213,72,38,38,1,0.5277777777777778
2025-12-22,07g00,CS1,B1-305,72,38,38,1,0.5277777777777778
2025-12-22,07g00,CS1,B1-308,72,38,38,1,0.5277777777777778
2025-12-22,07g00,CS1,B1-311,80,42,42,1,0.525
2025-12-22,07g00,CS1,B4-305,80,42,42,1,0.525
2025-12-22,07g00,CS1,B4-306,80,42,42,1,0.525
2025-12-22,07g00,CS1,B4-501,80,42,42,1,0.525
2025-12-22,07g00,CS1,B4-502,80,42,42,1,0.525
2025-12-22,07g00,CS1,B6-306,80,42,42,1,0.525
2025-12-22,07g00,CS1,C4-301,80,42,42,1,0.525
2025-12-22,07g00,CS1,C4-304,80,42,42,1,0.525
2025-12-22,07g00,CS1,C4-402,80,42,42,1,0.525
2025-12-22,07g00,CS1,C4-403,80,42,42,1,0.525
2025-12-22,07g00,CS1,C4-502,80,42,42,1,0.525
2025-12-22,07g00,CS1,C5-303,80,42,42,1,0.525
2025-12-22,07g00,CS1,C5-401,80,42,42,1,0.525
2025-12-22,07g00,CS1,C5-403,80,42,42,1,0.525
2025-12-22,07g00,CS1,C5-502,80,42,42,1,0.525
2025-12-22,07g00,CS1,C5-503,80,42,42,1,0.525
2025-12-22,07g00,CS1,C6-401,80,42,42,1,0.525
2025-12-22,07g00,CS1,C6-402,80,42,42,1,0.525
2025-12-22,07g00,CS1,C6-403,80,42,42,1,0.525
2025-12-22,07g00,CS1,B8-304,62,33,29,1,0.46774193548387094
2025-12-22,07g00,CS2,H2-201,156,82,156,2,1.0
2025-12-22,07g00,CS2,H2-301,156,82,156,2,1.0
2025-12-22,07g00,CS2,H2-306,156,82,156,2,1.0
2025-12-22,07g00,CS2,H2-401,156,82,156,2,1.0
2025-12-22,07g00,CS2,H2-406,156,82,156,3,1.0
2025-12-22,07g00,CS2,H6-GD,250,250,250,1,1.0
2025-12-22,07g00,CS2,NTD,300,300,300,1,1.0
2025-12-22,07g00,CS2,H2-206,156,82,116,2,0.7435897435897436
2025-12-22,07g00,CS2,H1-101,138,73,73,1,0.5289855072463768
2025-12-22,07g00,CS2,H1-104,138,73,73,1,0.5289855072463768
2025-12-22,07g00,CS2,H3-201,142,75,75,1,0.528169014084507
2025-12-22,07g00,CS2,H3-301,142,75,75,1,0.528169014084507
2025-12-22,07g00,CS2,H3-306,142,75,75,1,0.528169014084507
2025-12-22,07g00,CS2,H3-401,142,75,75,1,0.528169014084507
2025-12-22,07g00,CS2,H3-406,142,75,75,1,0.528169014084507
2025-12-22,07g00,CS2,H3-501,142,75,75,1,0.528169014084507
2025-12-22,07g00,CS2,H3-506,142,75,75,1,0.528169014084507
2025-12-22,07g00,CS2,H6-308,144,76,76,1,0.5277777777777778
2025-12-22,07g00,CS2,H6-811,150,79,79,1,0.5266666666666666
2025-12-22,07g00,CS2,H1-307,135,71,71,1,0.5259259259259259
2025-12-22,07g00,CS2,H2-207,135,71,34,1,0.2518518518518518
2025-12-22,09g30,CS1,B5-GD,130,130,130,1,1.0
2025-12-22,09g30,CS1,B4-505,120,63,111,2,0.925
2025-12-22,09g30,CS1,B4-406,108,57,57,1,0.5277777777777778
2025-12-22,09g30,CS1,C6-103,100,50,30,1,0.3
2025-12-22,09g30,CS2,H2-201,156,82,156,2,1.0
2025-12-22,09g30,CS2,H2-301,156,82,156,3,1.0
2025-12-22,09g30,CS2,H6-GD,250,250,250,1,1.0
2025-12-22,09g30,CS2,NTD,300,300,300,1,1.0
2025-12-22,09g30,CS2,H2-306,156,82,122,2,0.782051282051282
2025-12-22,09g30,CS2,H3-201,142,75,75,1,0.528169014084507
2025-12-22,09g30,CS2,H3-301,142,75,75,1,0.528169014084507
2025-12-22,09g30,CS2,H3-306,142,75,75,1,0.528169014084507
2025-12-22,09g30,CS2,H3-401,142,75,75,1,0.528169014084507
2025-12-22,09g30,CS2,H3-406,142,75,75,1,0.528169014084507
2025-12-22,09g30,CS2,H3-501,142,75,75,1,0.528169014084507
2025-12-22,09g30,CS2,H3-506,142,75,75,1,0.528169014084507
2025-12-22,09g30,CS2,H6-308,144,76,76,1,0.5277777777777778
2025-12-22,09g30,CS2,H6-811,150,79,79,1,0.5266666666666666
2025-12-22,09g30,CS2,H2-206,156,82,82,1,0.5256410256410257
2025-12-22,09g30,CS2,H2-401,156,82,82,1,0.5256410256410257
2025-12-22,09g30,CS2,H2-406,156,82,82,1,0.5256410256410257
2025-12-22,09g30,CS2,H1-101,138,73,71,1,0.5144927536231884
2025-12-22,13g00,CS1,B4-406,108,57,108,2,1.0
2025-12-22,13g00,CS1,B4-505,120,63,120,2,1.0
2025-12-22,13g00,CS1,B5-GD,130,130,130,1,1.0
2025-12-22,13g00,CS1,C6-102,100,50,100,5,1.0
2025-12-22,13g00,CS1,C6-103,100,50,100,3,1.0
2025-12-22,13g00,CS1,B1-208,84,44,65,5,0.7738095238095238
2025-12-22,13g00,CS2,H2-201,156,82,156,2,1.0
2025-12-22,13g00,CS2,H2-301,156,82,156,3,1.0
2025-12-22,13g00,CS2,H2-306,156,82,156,4,1.0
2025-12-22,13g00,CS2,H2-401,156,82,156,6,1.0
2025-12-22,13g00,CS2,H6-GD,250,250,250,3,1.0
2025-12-22,13g00,CS2,NTD,300,300,300,2,1.0
2025-12-22,13g00,CS2,H2-406,156,82,71,5,0.4551282051282051
2025-12-22,15g30,CS1,B5-GD,130,130,93,1,0.7153846153846154
2025-12-22,15g30,CS2,H6-GD,250,250,250,1,1.0
2025-12-22,15g30,CS2,NTD,300,300,300,1,1.0
2025-12-22,15g30,CS2,H2-201,156,82,82,1,0.5256410256410257
2025-12-22,15g30,CS2,H2-301,156,82,82,1,0.5256410256410257
2025-12-22,15g30,CS2,H2-306,156,82,82,1,0.5256410256410257
2025-12-22,15g30,CS2,H2-401,156,82,82,1,0.5256410256410257
2025-12-22,15g30,CS2,H2-406,156,82,35,1,0.22435897435897437
2025-12-22,18g15,CS1,B4-505,120,63,120,6,1.0
2025-12-22,18g15,CS1,B5-GD,130,130,130,3,1.0
2025-12-22,18g15,CS1,B4-406,108,57,23,3,0.21296296296296297
2025-12-23,07g00,CS1,B4-406,108,57,108,2,1.0
2025-12-23,07g00,CS1,B4-505,120,63,120,2,1.0
2025-12-23,07g00,CS1,B5-GD,130,130,130,1,1.0
2025-12-23,07g00,CS1,C6-103,100,50,100,2,1.0
2025-12-23,07g00,CS1,C6-102,100,50,96,3,0.96
2025-12-23,07g00,CS1,B6-305,60,32,32,1,0.5333333333333333
2025-12-23,07g00,CS1,B8-303,62,33,33,1,0.532258064516129
2025-12-23,07g00,CS1,B8-304,62,33,33,1,0.532258064516129
2025-12-23,07g00,CS1,B8-301,66,35,35,1,0.5303030303030303
2025-12-23,07g00,CS1,B10-203,70,37,37,1,0.5285714285714286
2025-12-23,07g00,CS1,B1-212,72,38,38,1,0.5277777777777778
2025-12-23,07g00,CS1,B1-213,72,38,38,1,0.5277777777777778
2025-12-23,07g00,CS1,B1-305,72,38,38,1,0.5277777777777778
2025-12-23,07g00,CS1,B1-308,72,38,38,1,0.5277777777777778
2025-12-23,07g00,CS1,B1-311,80,42,42,1,0.525
2025-12-23,07g00,CS1,B4-305,80,42,42,1,0.525
2025-12-23,07g00,CS1,B4-306,80,42,42,1,0.525
2025-12-23,07g00,CS1,B4-501,80,42,42,1,0.525
2025-12-23,07g00,CS1,B4-502,80,42,42,1,0.525
2025-12-23,07g00,CS1,B6-306,80,42,42,1,0.525
2025-12-23,07g00,CS1,C4-301,80,42,42,1,0.525
2025-12-23,07g00,CS1,C4-304,80,42,42,1,0.525
2025-12-23,07g00,CS1,C4-402,80,42,42,1,0.525
2025-12-23,07g00,CS1,C4-403,80,42,42,1,0.525
2025-12-23,07g00,CS1,C4-502,80,42,42,1,0.525
2025-12-23,07g00,CS1,C5-303,80,42,42,1,0.525
2025-12-23,07g00,CS1,C5-401,80,42,42,1,0.525
2025-12-23,07g00,CS1,C5-403,80,42,42,1,0.525
2025-12-23,07g00,CS1,C5-502,80,42,42,1,0.525
2025-12-23,07g00,CS1,C5-503,80,42,42,1,0.525
2025-12-23,07g00,CS1,C6-401,80,42,42,1,0.525
2025-12-23,07g00,CS1,C6-402,80,42,42,1,0.525
2025-12-23,07g00,CS1,C6-403,80,42,42,1,0.525
2025-12-23,07g00,CS1,B1-208,84,44,44,1,0.5238095238095238
2025-12-23,07g00,CS1,B1-306,84,44,44,1,0.5238095238095238
2025-12-23,07g00,CS1,B6-304,60,32,1,1,0.016666666666666666
2025-12-23,07g00,CS2,H2-201,156,82,156,2,1.0
2025-12-23,07g00,CS2,H2-301,156,82,156,2,1.0
2025-12-23,07g00,CS2,H2-306,156,82,156,2,1.0
2025-12-23,07g00,CS2,H2-401,156,82,156,3,1.0
2025-12-23,07g00,CS2,H6-GD,250,250,250,1,1.0
2025-12-23,07g00,CS2,NTD,300,300,300,1,1.0
2025-12-23,07g00,CS2,H2-406,156,82,126,3,0.8076923076923077
2025-12-23,07g00,CS2,H1-101,138,73,73,1,0.5289855072463768
2025-12-23,07g00,CS2,H1-104,138,73,73,1,0.5289855072463768
2025-12-23,07g00,CS2,H3-201,142,75,75,1,0.528169014084507
2025-12-23,07g00,CS2,H3-301,142,75,75,1,0.528169014084507
2025-12-23,07g00,CS2,H3-306,142,75,75,1,0.528169014084507
2025-12-23,07g00,CS2,H3-401,142,75,75,1,0.528169014084507
2025-12-23,07g00,CS2,H3-406,142,75,75,1,0.528169014084507
2025-12-23,07g00,CS2,H3-501,142,75,75,1,0.528169014084507
2025-12-23,07g00,CS2,H3-506,142,75,75,1,0.528169014084507
2025-12-23,07g00,CS2,H6-308,144,76,76,1,0.5277777777777778
2025-12-23,07g00,CS2,H6-811,150,79,79,1,0.5266666666666666
2025-12-23,07g00,CS2,H2-206,156,82,82,1,0.5256410256410257
2025-12-23,07g00,CS2,H1-307,135,71,32,1,0.23703703703703705
2025-12-23,09g30,CS1,B4-406,108,57,108,2,1.0
2025-12-23,09g30,CS1,B4-505,120,63,120,2,1.0
2025-12-23,09g30,CS1,B5-GD,130,130,130,1,1.0
2025-12-23,09g30,CS1,C6-102,100,50,100,3,1.0
2025-12-23,09g30,CS1,C6-103,100,50,100,3,1.0
2025-12-23,09g30,CS1,B1-208,84,44,47,3,0.5595238095238095
2025-12-23,09g30,CS2,H2-201,156,82,156,2,1.0
2025-12-23,09g30,CS2,H2-301,156,82,156,2,1.0
2025-12-23,09g30,CS2,H2-306,156,82,156,2,1.0
2025-12-23,09g30,CS2,H2-401,156,82,156,3,1.0
2025-12-23,09g30,CS2,H6-GD,250,250,250,1,1.0
2025-12-23,09g30,CS2,NTD,300,300,300,1,1.0
2025-12-23,09g30,CS2,H2-406,156,82,94,3,0.6025641025641025
2025-12-23,09g30,CS2,H1-101,138,73,73,1,0.5289855072463768
2025-12-23,09g30,CS2,H1-104,138,73,73,1,0.5289855072463768
2025-12-23,09g30,CS2,H3-201,142,75,75,1,0.528169014084507
2025-12-23,09g30,CS2,H3-301,142,75,75,1,0.528169014084507
2025-12-23,09g30,CS2,H3-306,142,75,75,1,0.528169014084507
2025-12-23,09g30,CS2,H3-401,142,75,75,1,0.528169014084507
2025-12-23,09g30,CS2,H3-406,142,75,75,1,0.528169014084507
2025-12-23,09g30,CS2,H3-501,142,75,75,1,0.528169014084507
2025-12-23,09g30,CS2,H3-506,142,75,75,1,0.528169014084507
2025-12-23,09g30,CS2,H6-308,144,76,76,1,0.5277777777777778
2025-12-23,09g30,CS2,H6-811,150,79,79,1,0.5266666666666666
2025-12-23,09g30,CS2,H2-206,156,82,82,1,0.5256410256410257
2025-12-23,09g30,CS2,H1-307,135,71,56,1,0.4148148148148148
2025-12-23,13g00,CS1,B4-406,108,57,108,4,1.0
2025-12-23,13g00,CS1,B4-505,120,63,120,3,1.0
2025-12-23,13g00,CS1,B5-GD,130,130,130,3,1.0
2025-12-23,13g00,CS1,C6-103,100,50,26,3,0.26
2025-12-23,13g00,CS2,H2-201,156,82,156,2,1.0
2025-12-23,13g00,CS2,H2-301,156,82,156,3,1.0
2025-12-23,13g00,CS2,H2-306,156,82,156,4,1.0
2025-12-23,13g00,CS2,H2-401,156,82,156,8,1.0
2025-12-23,13g00,CS2,H6-GD,250,250,250,1,1.0
2025-12-23,13g00,CS2,NTD,300,300,300,1,1.0
2025-12-23,13g00,CS2,H2-406,156,82,8,1,0.05128205128205128
2025-12-23,15g30,CS1,B5-GD,130,130,75,1,0.5769230769230769
2025-12-23,15g30,CS2,NTD,300,300,136,1,0.4533333333333333
2025-12-23,18g15,CS1,B4-505,120,63,120,4,1.0
2025-12-23,18g15,CS1,B5-GD,130,130,130,1,1.0
2025-12-23,18g15,CS1,B4-406,108,57,37,4,0.3425925925925926
2025-12-24,07g00,CS1,B1-208,84,44,84,2,1.0
2025-12-24,07g00,CS1,B1-306,84,44,84,2,1.0
2025-12-24,07g00,CS1,B4-305,80,42,80,2,1.0
2025-12-24,07g00,CS1,B4-406,108,57,108,2,1.0
2025-12-24,07g00,CS1,B4-501,80,42,80,2,1.0
2025-12-24,07g00,CS1,B4-502,80,42,80,2,1.0
2025-12-24,07g00,CS1,B4-505,120,63,120,2,1.0
2025-12-24,07g00,CS1,B5-GD,130,130,130,1,1.0
2025-12-24,07g00,CS1,B6-306,80,42,80,2,1.0
2025-12-24,07g00,CS1,C4-301,80,42,80,2,1.0
2025-12-24,07g00,CS1,C4-304,80,42,80,2,1.0
2025-12-24,07g00,CS1,C4-402,80,42,80,3,1.0
2025-12-24,07g00,CS1,C4-403,80,42,80,3,1.0
2025-12-24,07g00,CS1,C4-502,80,42,80,2,1.0
2025-12-24,07g00,CS1,C6-102,100,50,100,2,1.0
2025-12-24,07g00,CS1,C6-103,100,50,100,2,1.0
2025-12-24,07g00,CS1,B4-306,80,42,66,5,0.825
2025-12-24,07g00,CS2,H2-201,156,82,156,2,1.0
2025-12-24,07g00,CS2,H2-206,156,82,156,2,1.0
2025-12-24,07g00,CS2,H2-301,156,82,156,2,1.0
2025-12-24,07g00,CS2,H2-306,156,82,156,2,1.0
2025-12-24,07g00,CS2,H2-401,156,82,156,2,1.0
2025-12-24,07g00,CS2,H2-406,156,82,156,2,1.0
2025-12-24,07g00,CS2,H3-201,142,75,142,2,1.0
2025-12-24,07g00,CS2,H3-301,142,75,142,2,1.0
2025-12-24,07g00,CS2,H3-306,142,75,142,2,1.0
2025-12-24,07g00,CS2,H3-406,142,75,142,2,1.0
2025-12-24,07g00,CS2,H3-501,142,75,142,3,1.0
2025-12-24,07g00,CS2,H3-506,142,75,142,5,1.0
2025-12-24,07g00,CS2,H6-308,144,76,144,2,1.0
2025-12-24,07g00,CS2,H6-811,150,79,150,2,1.0
2025-12-24,07g00,CS2,H6-GD,250,250,250,1,1.0
2025-12-24,07g00,CS2,NTD,300,300,300,1,1.0
2025-12-24,07g00,CS2,H3-401,142,75,97,7,0.6830985915492958
2025-12-24,09g30,CS1,B4-505,120,63,120,3,1.0
2025-12-24,09g30,CS1,B5-GD,130,130,130,1,1.0
2025-12-24,09g30,CS1,B4-406,108,57,73,5,0.6759259259259259
2025-12-24,09g30,CS2,NTD,300,300,300,6,1.0
2025-12-24,09g30,CS2,H6-GD,250,250,148,7,0.592
2025-12-24,13g00,CS1,B4-505,120,63,120,2,1.0
2025-12-24,13g00,CS1,B5-GD,130,130,130,1,1.0
2025-12-24,13g00,CS1,B4-406,108,57,81,3,0.75
2025-12-24,13g00,CS1,B4-305,80,42,42,1,0.525
2025-12-24,13g00,CS1,B4-306,80,42,42,1,0.525
2025-12-24,13g00,CS1,B4-501,80,42,42,1,0.525
2025-12-24,13g00,CS1,B4-502,80,42,42,1,0.525
2025-12-24,13g00,CS1,B6-306,80,42,42,1,0.525
2025-12-24,13g00,CS1,C4-301,80,42,42,1,0.525
2025-12-24,13g00,CS1,C4-304,80,42,42,1,0.525
2025-12-24,13g00,CS1,C4-402,80,42,42,1,0.525
2025-12-24,13g00,CS1,C4-403,80,42,42,1,0.525
2025-12-24,13g00,CS1,C4-502,80,42,42,1,0.525
2025-12-24,13g00,CS1,B1-208,84,44,44,1,0.5238095238095238
2025-12-24,13g00,CS1,B1-306,84,44,44,1,0.5238095238095238
2025-12-24,13g00,CS1,C6-102,100,50,50,1,0.5
2025-12-24,13g00,CS1,C6-103,100,50,50,1,0.5
2025-12-24,13g00,CS1,B1-311,80,42,19,1,0.2375
2025-12-24,13g00,CS2,H2-201,156,82,156,2,1.0
2025-12-24,13g00,CS2,H2-301,156,82,156,2,1.0
2025-12-24,13g00,CS2,H2-306,156,82,156,3,1.0
2025-12-24,13g00,CS2,H2-401,156,82,156,3,1.0
2025-12-24,13g00,CS2,H6-GD,250,250,250,1,1.0
2025-12-24,13g00,CS2,NTD,300,300,300,1,1.0
2025-12-24,13g00,CS2,H2-406,156,82,125,3,0.8012820512820513
2025-12-24,13g00,CS2,H1-101,138,73,73,1,0.5289855072463768
2025-12-24,13g00,CS2,H1-104,138,73,73,1,0.5289855072463768
2025-12-24,13g00,CS2,H3-201,142,75,75,1,0.528169014084507
2025-12-24,13g00,CS2,H3-301,142,75,75,1,0.528169014084507
2025-12-24,13g00,CS2,H3-306,142,75,75,1,0.528169014084507
2025-12-24,13g00,CS2,H3-401,142,75,75,1,0.528169014084507
2025-12-24,13g00,CS2,H3-406,142,75,75,1,0.528169014084507
2025-12-24,13g00,CS2,H3-501,142,75,75,1,0.528169014084507
2025-12-24,13g00,CS2,H3-506,142,75,75,1,0.528169014084507
2025-12-24,13g00,CS2,H6-308,144,76,76,1,0.5277777777777778
2025-12-24,13g00,CS2,H6-113,129,68,68,1,0.5271317829457365
2025-12-24,13g00,CS2,H6-811,150,79,79,1,0.5266666666666666
2025-12-24,13g00,CS2,H1-307,135,71,71,1,0.5259259259259259
2025-12-24,13g00,CS2,H2-207,135,71,71,1,0.5259259259259259
2025-12-24,13g00,CS2,H6-311,135,71,71,1,0.5259259259259259
2025-12-24,13g00,CS2,H2-206,156,82,82,1,0.5256410256410257
2025-12-24,13g00,CS2,H1-204,129,68,38,1,0.29457364341085274
2025-12-24,15g30,CS1,B4-505,120,63,120,3,1.0
2025-12-24,15g30,CS1,B5-GD,130,130,130,1,1.0
2025-12-24,15g30,CS1,B4-406,108,57,62,2,0.5740740740740741
2025-12-24,15g30,CS2,NTD,300,300,226,2,0.7533333333333333
2025-12-24,18g15,CS1,B4-406,108,57,108,4,1.0
2025-12-24,18g15,CS1,B4-505,120,63,120,3,1.0
2025-12-24,18g15,CS1,B5-GD,130,130,130,2,1.0
2025-12-24,18g15,CS1,C6-103,100,50,72,5,0.72
2025-12-25,07g00,CS1,B1-208,84,44,84,2,1.0
2025-12-25,07g00,CS1,B1-306,84,44,84,2,1.0
2025-12-25,07g00,CS1,B4-305,80,42,80,2,1.0
2025-12-25,07g00,CS1,B4-406,108,57,108,2,1.0
2025-12-25,07g00,CS1,B4-501,80,42,80,2,1.0
2025-12-25,07g00,CS1,B4-502,80,42,80,2,1.0
2025-12-25,07g00,CS1,B4-505,120,63,120,2,1.0
2025-12-25,07g00,CS1,B5-GD,130,130,130,1,1.0
2025-12-25,07g00,CS1,B6-306,80,42,80,2,1.0
2025-12-25,07g00,CS1,C4-301,80,42,80,2,1.0
2025-12-25,07g00,CS1,C4-304,80,42,80,3,1.0
2025-12-25,07g00,CS1,C4-402,80,42,80,4,1.0
2025-12-25,07g00,CS1,C4-502,80,42,80,2,1.0
2025-12-25,07g00,CS1,C6-102,100,50,100,2,1.0
2025-12-25,07g00,CS1,C6-103,100,50,100,2,1.0
2025-12-25,07g00,CS1,C4-403,80,42,79,8,0.9875
2025-12-25,07g00,CS2,H2-201,156,82,156,2,1.0
2025-12-25,07g00,CS2,H2-206,156,82,156,2,1.0
2025-12-25,07g00,CS2,H2-301,156,82,156,2,1.0
2025-12-25,07g00,CS2,H2-306,156,82,156,2,1.0
2025-12-25,07g00,CS2,H2-401,156,82,156,2,1.0
2025-12-25,07g00,CS2,H2-406,156,82,156,2,1.0
2025-12-25,07g00,CS2,H3-301,142,75,142,5,1.0
2025-12-25,07g00,CS2,H3-306,142,75,142,3,1.0
2025-12-25,07g00,CS2,H3-406,142,75,142,3,1.0
2025-12-25,07g00,CS2,H6-308,144,76,144,3,1.0
2025-12-25,07g00,CS2,H6-811,150,79,150,2,1.0
2025-12-25,07g00,CS2,H6-GD,250,250,250,1,1.0
2025-12-25,07g00,CS2,NTD,300,300,300,1,1.0
2025-12-25,07g00,CS2,H3-201,142,75,135,8,0.9507042253521126
2025-12-25,09g30,CS1,B5-GD,130,130,130,2,1.0
2025-12-25,09g30,CS1,B4-505,120,63,49,1,0.4083333333333333
2025-12-25,09g30,CS2,NTD,300,300,300,2,1.0
2025-12-25,09g30,CS2,H6-GD,250,250,121,1,0.484
2025-12-25,13g00,CS1,B4-505,120,63,120,3,1.0
2025-12-25,13g00,CS1,B5-GD,130,130,130,3,1.0
2025-12-25,13g00,CS1,B4-406,108,57,96,4,0.8888888888888888
2025-12-25,13g00,CS2,H2-201,156,82,156,4,1.0
2025-12-25,13g00,CS2,H6-GD,250,250,250,3,1.0
2025-12-25,13g00,CS2,NTD,300,300,300,2,1.0
2025-12-25,13g00,CS2,H2-301,156,82,42,2,0.2692307692307692
2025-12-25,15g30,CS1,B5-GD,130,130,130,1,1.0
2025-12-25,15g30,CS1,B4-505,120,63,107,2,0.8916666666666667
2025-12-25,15g30,CS1,B4-406,108,57,35,1,0.32407407407407407
2025-12-25,15g30,CS2,NTD,300,300,73,1,0.24333333333333335
2025-12-25,18g15,CS1,B4-505,120,63,120,5,1.0
2025-12-25,18g15,CS1,B5-GD,130,130,130,2,1.0
2025-12-25,18g15,CS1,B4-406,108,57,36,4,0.3333333333333333
2025-12-26,07g00,CS1,B4-505,120,63,120,4,1.0
2025-12-26,07g00,CS1,B5-GD,130,130,130,1,1.0
2025-12-26,07g00,CS1,B4-406,108,57,89,4,0.8240740740740741
2025-12-26,07g00,CS1,B1-311,80,42,42,1,0.525
2025-12-26,07g00,CS1,B4-305,80,42,42,1,0.525
2025-12-26,07g00,CS1,B4-306,80,42,42,1,0.525
2025-12-26,07g00,CS1,B4-501,80,42,42,1,0.525
2025-12-26,07g00,CS1,B4-502,80,42,42,1,0.525
2025-12-26,07g00,CS1,B6-306,80,42,42,1,0.525
2025-12-26,07g00,CS1,C4-301,80,42,42,1,0.525
2025-12-26,07g00,CS1,C4-304,80,42,42,1,0.525
2025-12-26,07g00,CS1,C4-402,80,42,42,1,0.525
2025-12-26,07g00,CS1,C4-403,80,42,42,1,0.525
2025-12-26,07g00,CS1,C4-502,80,42,42,1,0.525
2025-12-26,07g00,CS1,C5-303,80,42,42,1,0.525
2025-12-26,07g00,CS1,C5-401,80,42,42,1,0.525
2025-12-26,07g00,CS1,C5-403,80,42,42,1,0.525
2025-12-26,07g00,CS1,C5-502,80,42,42,1,0.525
2025-12-26,07g00,CS1,C6-401,80,42,42,1,0.525
2025-12-26,07g00,CS1,C6-402,80,42,42,1,0.525
2025-12-26,07g00,CS1,C6-403,80,42,42,1,0.525
2025-12-26,07g00,CS1,B1-208,84,44,44,1,0.5238095238095238
2025-12-26,07g00,CS1,B1-306,84,44,44,1,0.5238095238095238
2025-12-26,07g00,CS1,C6-102,100,50,50,1,0.5
2025-12-26,07g00,CS1,C6-103,100,50,50,1,0.5
2025-12-26,07g00,CS1,C5-503,80,42,33,1,0.4125
2025-12-26,07g00,CS2,H2-201,156,82,156,2,1.0
2025-12-26,07g00,CS2,H2-206,156,82,156,2,1.0
2025-12-26,07g00,CS2,H2-301,156,82,156,2,1.0
2025-12-26,07g00,CS2,H2-306,156,82,156,2,1.0
2025-12-26,07g00,CS2,H2-401,156,82,156,2,1.0
2025-12-26,07g00,CS2,H2-406,156,82,156,2,1.0
2025-12-26,07g00,CS2,H3-406,142,75,142,5,1.0
2025-12-26,07g00,CS2,H6-308,144,76,144,3,1.0
2025-12-26,07g00,CS2,H6-811,150,79,150,3,1.0
2025-12-26,07g00,CS2,H6-GD,250,250,250,1,1.0
2025-12-26,07g00,CS2,NTD,300,300,300,1,1.0
2025-12-26,07g00,CS2,H3-306,142,75,78,2,0.5492957746478874
2025-12-26,07g00,CS2,H1-101,138,73,73,1,0.5289855072463768
2025-12-26,07g00,CS2,H1-104,138,73,73,1,0.5289855072463768
2025-12-26,07g00,CS2,H3-201,142,75,75,1,0.528169014084507
2025-12-26,07g00,CS2,H3-301,142,75,75,1,0.528169014084507
2025-12-26,07g00,CS2,H3-401,142,75,75,1,0.528169014084507
2025-12-26,07g00,CS2,H3-501,142,75,75,1,0.528169014084507
2025-12-26,07g00,CS2,H3-506,142,75,75,1,0.528169014084507
2025-12-26,07g00,CS2,H1-307,135,71,9,1,0.06666666666666667
2025-12-26,09g30,CS1,B4-406,108,57,108,2,1.0
2025-12-26,09g30,CS1,B4-505,120,63,120,2,1.0
2025-12-26,09g30,CS1,B5-GD,130,130,130,1,1.0
2025-12-26,09g30,CS1,C6-102,100,50,100,4,1.0
2025-12-26,09g30,CS1,C6-103,100,50,100,3,1.0
2025-12-26,09g30,CS1,B1-208,84,44,57,5,0.6785714285714286
2025-12-26,09g30,CS2,H6-GD,250,250,250,5,1.0
2025-12-26,09g30,CS2,NTD,300,300,300,2,1.0
2025-12-26,09g30,CS2,H2-201,156,82,154,5,0.9871794871794872
2025-12-26,13g00,CS1,B4-406,108,57,108,3,1.0
2025-12-26,13g00,CS1,B4-505,120,63,120,2,1.0
2025-12-26,13g00,CS1,B5-GD,130,130,130,1,1.0
2025-12-26,13g00,CS1,C6-103,100,50,59,4,0.59
2025-12-26,13g00,CS2,H2-201,156,82,156,2,1.0
2025-12-26,13g00,CS2,H2-206,156,82,156,2,1.0
2025-12-26,13g00,CS2,H2-301,156,82,156,2,1.0
2025-12-26,13g00,CS2,H2-306,156,82,156,2,1.0
2025-12-26,13g00,CS2,H2-401,156,82,156,2,1.0
2025-12-26,13g00,CS2,H2-406,156,82,156,2,1.0
2025-12-26,13g00,CS2,H3-201,142,75,142,3,1.0
2025-12-26,13g00,CS2,H3-301,142,75,142,3,1.0
2025-12-26,13g00,CS2,H3-306,142,75,142,2,1.0
2025-12-26,13g00,CS2,H3-406,142,75,142,2,1.0
2025-12-26,13g00,CS2,H3-501,142,75,142,3,1.0
2025-12-26,13g00,CS2,H6-308,144,76,144,2,1.0
2025-12-26,13g00,CS2,H6-811,150,79,150,2,1.0
2025-12-26,13g00,CS2,H6-GD,250,250,250,1,1.0
2025-12-26,13g00,CS2,NTD,300,300,300,1,1.0
2025-12-26,13g00,CS2,H3-506,142,75,81,5,0.5704225352112676
2025-12-26,15g30,CS1,B5-GD,130,130,130,1,1.0
2025-12-26,15g30,CS1,B4-505,120,63,86,2,0.7166666666666667
2025-12-26,15g30,CS2,NTD,300,300,124,1,0.41333333333333333
2025-12-26,18g15,CS1,B5-GD,130,130,93,5,0.7153846153846154
2025-12-27,07g00,CS1,B5-GD,130,130,78,2,0.6
2025-12-27,07g00,CS2,H6-GD,250,250,250,1,1.0
2025-12-27,07g00,CS2,NTD,300,300,300,1,1.0
2025-12-27,07g00,CS2,H2-201,156,82,82,1,0.5256410256410257
2025-12-27,07g00,CS2,H2-206,156,82,82,1,0.5256410256410257
2025-12-27,07g00,CS2,H2-301,156,82,82,1,0.5256410256410257
2025-12-27,07g00,CS2,H2-306,156,82,82,1,0.5256410256410257
2025-12-27,07g00,CS2,H2-401,156,82,82,1,0.5256410256410257
2025-12-27,07g00,CS2,H2-406,156,82,82,1,0.5256410256410257
2025-12-27,07g00,CS2,H6-811,150,79,71,1,0.47333333333333333
2025-12-27,09g30,CS1,B4-505,120,63,120,2,1.0
2025-12-27,09g30,CS1,B5-GD,130,130,130,1,1.0
2025-12-27,09g30,CS1,B4-406,108,57,61,2,0.5648148148148148
2025-12-27,09g30,CS1,C6-103,100,50,44,1,0.44
2025-12-27,09g30,CS2,NTD,300,300,300,1,1.0
2025-12-27,09g30,CS2,H6-GD,250,250,197,2,0.788
2025-12-27,13g00,CS1,B4-505,120,63,120,7,1.0
2025-12-27,13g00,CS1,B5-GD,130,130,130,2,1.0
2025-12-27,13g00,CS1,B4-406,108,57,21,3,0.19444444444444445
2025-12-27,13g00,CS2,NTD,300,300,300,2,1.0
2025-12-27,13g00,CS2,H6-GD,250,250,153,2,0.612
2025-12-27,15g30,CS1,B5-GD,130,130,130,2,1.0
2025-12-27,15g30,CS1,B4-505,120,63,39,1,0.325
2025-12-27,15g30,CS2,NTD,300,300,282,1,0.94
2025-12-28,07g00,CS1,B5-GD,130,130,127,1,0.9769230769230769
2025-12-28,07g00,CS2,NTD,300,300,159,1,0.53
2025-12-28,09g30,CS1,B5-GD,130,130,130,1,1.0
2025-12-28,09g30,CS1,B4-406,108,57,57,1,0.5277777777777778
2025-12-28,09g30,CS1,B4-505,120,63,63,1,0.525
2025-12-28,09g30,CS1,B1-208,84,44,44,1,0.5238095238095238
2025-12-28,09g30,CS1,B1-306,84,44,44,1,0.5238095238095238
2025-12-28,09g30,CS1,C6-102,100,50,50,1,0.5
2025-12-28,09g30,CS1,C6-103,100,50,50,1,0.5
2025-12-28,09g30,CS1,B4-502,80,42,24,1,0.3
2025-12-28,13g00,CS1,B4-505,120,63,120,2,1.0
2025-12-28,13g00,CS1,B5-GD,130,130,130,1,1.0
2025-12-28,13g00,CS1,B4-406,108,57,94,3,0.8703703703703703
2025-12-28,13g00,CS1,B1-208,84,44,44,1,0.5238095238095238
2025-12-28,13g00,CS1,B1-306,84,44,44,1,0.5238095238095238
2025-12-28,13g00,CS1,C6-102,100,50,50,1,0.5
2025-12-28,13g00,CS1,C6-103,100,50,50,1,0.5
2025-12-28,13g00,CS1,B4-502,80,42,34,1,0.425
2025-12-28,13g00,CS2,H2-201,156,82,156,2,1.0
2025-12-28,13g00,CS2,H6-GD,250,250,250,2,1.0
2025-12-28,13g00,CS2,NTD,300,300,300,1,1.0
2025-12-28,13g00,CS2,H2-301,156,82,49,2,0.3141025641025641
2025-12-28,15g30,CS1,B5-GD,130,130,130,1,1.0
2025-12-28,15g30,CS1,B4-505,120,63,53,5,0.44166666666666665
2025-12-29,07g00,CS1,B1-208,84,44,84,4,1.0
2025-12-29,07g00,CS1,B4-406,108,57,108,2,1.0
2025-12-29,07g00,CS1,B4-505,120,63,120,2,1.0
2025-12-29,07g00,CS1,B5-GD,130,130,130,1,1.0
2025-12-29,07g00,CS1,C6-102,100,50,100,3,1.0
2025-12-29,07g00,CS1,C6-103,100,50,100,2,1.0
2025-12-29,07g00,CS1,B1-306,84,44,60,7,0.7142857142857143
2025-12-29,07g00,CS2,H2-201,156,82,156,2,1.0
2025-12-29,07g00,CS2,H2-206,156,82,156,3,1.0
2025-12-29,07g00,CS2,H2-301,156,82,156,2,1.0
2025-12-29,07g00,CS2,H2-306,156,82,156,2,1.0
2025-12-29,07g00,CS2,H2-401,156,82,156,2,1.0
2025-12-29,07g00,CS2,H2-406,156,82,156,2,1.0
2025-12-29,07g00,CS2,H3-406,142,75,142,6,1.0
2025-12-29,07g00,CS2,H6-308,144,76,144,5,1.0
2025-12-29,07g00,CS2,H6-811,150,79,150,4,1.0
2025-12-29,07g00,CS2,H6-GD,250,250,250,1,1.0
2025-12-29,07g00,CS2,NTD,300,300,300,1,1.0
2025-12-29,07g00,CS2,H3-306,142,75,52,4,0.36619718309859156
2025-12-29,09g30,CS1,B5-GD,130,130,108,1,0.8307692307692308
2025-12-29,13g00,CS1,B4-406,108,57,108,2,1.0
2025-12-29,13g00,CS1,B4-505,120,63,120,2,1.0
2025-12-29,13g00,CS1,B5-GD,130,130,130,1,1.0
2025-12-29,13g00,CS1,C6-103,100,50,100,3,1.0
2025-12-29,13g00,CS1,C6-102,100,50,95,4,0.95
2025-12-29,13g00,CS2,H2-201,156,82,156,2,1.0
2025-12-29,13g00,CS2,H2-301,156,82,156,2,1.0
2025-12-29,13g00,CS2,H2-306,156,82,156,3,1.0
2025-12-29,13g00,CS2,H2-401,156,82,156,3,1.0
2025-12-29,13g00,CS2,H6-GD,250,250,250,2,1.0
2025-12-29,13g00,CS2,NTD,300,300,300,1,1.0
2025-12-29,13g00,CS2,H2-406,156,82,123,4,0.7884615384615384
2025-12-29,18g15,CS1,B4-505,120,63,120,3,1.0
2025-12-29,18g15,CS1,B5-GD,130,130,130,2,1.0
2025-12-29,18g15,CS1,B4-406,108,57,36,1,0.3333333333333333
2025-12-30,07g00,CS1,B1-208,84,44,84,2,1.0
2025-12-30,07g00,CS1,B1-306,84,44,84,2,1.0
2025-12-30,07g00,CS1,B4-406,108,57,108,2,1.0
2025-12-30,07g00,CS1,B4-501,80,42,80,2,1.0
2025-12-30,07g00,CS1,B4-502,80,42,80,2,1.0
2025-12-30,07g00,CS1,B4-505,120,63,120,2,1.0
2025-12-30,07g00,CS1,B5-GD,130,130,130,1,1.0
2025-12-30,07g00,CS1,B6-306,80,42,80,3,1.0
2025-12-30,07g00,CS1,C4-502,80,42,80,4,1.0
2025-12-30,07g00,CS1,C6-102,100,50,100,2,1.0
2025-12-30,07g00,CS1,C6-103,100,50,100,2,1.0
2025-12-30,07g00,CS1,B4-305,80,42,53,5,0.6625
2025-12-30,07g00,CS2,H2-201,156,82,156,2,1.0
2025-12-30,07g00,CS2,H2-206,156,82,156,2,1.0
2025-12-30,07g00,CS2,H2-301,156,82,156,2,1.0
2025-12-30,07g00,CS2,H2-306,156,82,156,2,1.0
2025-12-30,07g00,CS2,H2-401,156,82,156,2,1.0
2025-12-30,07g00,CS2,H2-406,156,82,156,2,1.0
2025-12-30,07g00,CS2,H3-201,142,75,142,6,1.0
2025-12-30,07g00,CS2,H3-301,142,75,142,4,1.0
2025-12-30,07g00,CS2,H3-306,142,75,142,3,1.0
2025-12-30,07g00,CS2,H3-406,142,75,142,3,1.0
2025-12-30,07g00,CS2,H6-308,144,76,144,2,1.0
2025-12-30,07g00,CS2,H6-811,150,79,150,2,1.0
2025-12-30,07g00,CS2,H6-GD,250,250,250,1,1.0
2025-12-30,07g00,CS2,NTD,300,300,300,1,1.0
2025-12-30,07g00,CS2,H3-501,142,75,67,7,0.47183098591549294
2025-12-30,09g30,CS1,B5-GD,130,130,130,1,1.0
2025-12-30,09g30,CS1,B4-406,108,57,57,1,0.5277777777777778
2025-12-30,09g30,CS1,B4-501,80,42,42,1,0.525
2025-12-30,09g30,CS1,B4-502,80,42,42,1,0.525
2025-12-30,09g30,CS1,B4-505,120,63,63,1,0.525
2025-12-30,09g30,CS1,B6-306,80,42,42,1,0.525
2025-12-30,09g30,CS1,C4-502,80,42,42,1,0.525
2025-12-30,09g30,CS1,B1-208,84,44,44,1,0.5238095238095238
2025-12-30,09g30,CS1,B1-306,84,44,44,1,0.5238095238095238
2025-12-30,09g30,CS1,C6-102,100,50,50,1,0.5
2025-12-30,09g30,CS1,C6-103,100,50,50,1,0.5
2025-12-30,09g30,CS1,B4-305,80,42,37,1,0.4625
2025-12-30,09g30,CS2,H6-GD,250,250,250,1,1.0
2025-12-30,09g30,CS2,NTD,300,300,300,1,1.0
2025-12-30,09g30,CS2,H1-101,138,73,73,1,0.5289855072463768
2025-12-30,09g30,CS2,H1-104,138,73,73,1,0.5289855072463768
2025-12-30,09g30,CS2,H3-201,142,75,75,1,0.528169014084507
2025-12-30,09g30,CS2,H3-301,142,75,75,1,0.528169014084507
2025-12-30,09g30,CS2,H3-306,142,75,75,1,0.528169014084507
2025-12-30,09g30,CS2,H3-401,142,75,75,1,0.528169014084507
2025-12-30,09g30,CS2,H3-406,142,75,75,1,0.528169014084507
2025-12-30,09g30,CS2,H3-501,142,75,75,1,0.528169014084507
2025-12-30,09g30,CS2,H3-506,142,75,75,1,0.528169014084507
2025-12-30,09g30,CS2,H6-308,144,76,76,1,0.5277777777777778
2025-12-30,09g30,CS2,H6-811,150,79,79,1,0.5266666666666666
2025-12-30,09g30,CS2,H2-201,156,82,82,1,0.5256410256410257
2025-12-30,09g30,CS2,H2-206,156,82,82,1,0.5256410256410257
2025-12-30,09g30,CS2,H2-301,156,82,82,1,0.5256410256410257
2025-12-30,09g30,CS2,H2-306,156,82,82,1,0.5256410256410257
2025-12-30,09g30,CS2,H2-401,156,82,82,1,0.5256410256410257
2025-12-30,09g30,CS2,H2-406,156,82,82,1,0.5256410256410257
2025-12-30,09g30,CS2,H1-307,135,71,35,1,0.25925925925925924
2025-12-30,13g00,CS1,B4-406,108,57,108,3,1.0
2025-12-30,13g00,CS1,B4-505,120,63,120,3,1.0
2025-12-30,13g00,CS1,B5-GD,130,130,130,1,1.0
2025-12-30,13g00,CS1,C6-103,100,50,55,3,0.55
2025-12-30,13g00,CS2,NTD,300,300,300,2,1.0
2025-12-30,13g00,CS2,H6-GD,250,250,233,4,0.932
2025-12-30,15g30,CS1,B5-GD,130,130,21,1,0.16153846153846155
2025-12-30,15g30,CS2,NTD,300,300,151,2,0.5033333333333333
2025-12-30,18g15,CS1,B5-GD,130,130,87,1,0.6692307692307692
2025-12-31,07g00,CS1,B1-208,84,44,84,2,1.0
2025-12-31,07g00,CS1,B1-306,84,44,84,2,1.0
2025-12-31,07g00,CS1,B4-305,80,42,80,4,1.0
2025-12-31,07g00,CS1,B4-406,108,57,108,2,1.0
2025-12-31,07g00,CS1,B4-501,80,42,80,2,1.0
2025-12-31,07g00,CS1,B4-502,80,42,80,2,1.0
2025-12-31,07g00,CS1,B4-505,120,63,120,2,1.0
2025-12-31,07g00,CS1,B5-GD,130,130,130,1,1.0
2025-12-31,07g00,CS1,B6-306,80,42,80,2,1.0
2025-12-31,07g00,CS1,C4-502,80,42,80,3,1.0
2025-12-31,07g00,CS1,C6-102,100,50,100,2,1.0
2025-12-31,07g00,CS1,C6-103,100,50,100,2,1.0
2025-12-31,07g00,CS1,C4-301,80,42,68,7,0.85
2025-12-31,07g00,CS2,H2-201,156,82,156,2,1.0
2025-12-31,07g00,CS2,H2-206,156,82,156,2,1.0
2025-12-31,07g00,CS2,H2-301,156,82,156,2,1.0
2025-12-31,07g00,CS2,H2-306,156,82,156,2,1.0
2025-12-31,07g00,CS2,H2-401,156,82,156,2,1.0
2025-12-31,07g00,CS2,H2-406,156,82,156,2,1.0
2025-12-31,07g00,CS2,H3-201,142,75,142,6,1.0
2025-12-31,07g00,CS2,H3-301,142,75,142,4,1.0
2025-12-31,07g00,CS2,H3-306,142,75,142,3,1.0
2025-12-31,07g00,CS2,H3-406,142,75,142,3,1.0
2025-12-31,07g00,CS2,H6-308,144,76,144,3,1.0
2025-12-31,07g00,CS2,H6-811,150,79,150,2,1.0
2025-12-31,07g00,CS2,H6-GD,250,250,250,1,1.0
2025-12-31,07g00,CS2,NTD,300,300,300,1,1.0
2025-12-31,07g00,CS2,H3-501,142,75,57,6,0.4014084507042254
2025-12-31,09g30,CS1,B5-GD,130,130,130,1,1.0
2025-12-31,09g30,CS1,B4-505,120,63,103,2,0.8583333333333333
2025-12-31,09g30,CS1,B4-406,108,57,2,1,0.018518518518518517
2025-12-31,09g30,CS2,NTD,300,300,300,1,1.0
2025-12-31,09g30,CS2,H6-GD,250,250,142,2,0.568
2025-12-31,13g00,CS1,B4-406,108,57,108,3,1.0
2025-12-31,13g00,CS1,B4-505,120,63,120,2,1.0
2025-12-31,13g00,CS1,B5-GD,130,130,130,1,1.0
2025-12-31,13g00,CS1,C6-103,100,50,95,4,0.95
2025-12-31,13g00,CS2,H2-201,156,82,156,2,1.0
2025-12-31,13g00,CS2,H2-301,156,82,156,3,1.0
2025-12-31,13g00,CS2,H2-306,156,82,156,3,1.0
2025-12-31,13g00,CS2,H6-GD,250,250,250,1,1.0
2025-12-31,13g00,CS2,NTD,300,300,300,1,1.0
2025-12-31,13g00,CS2,H2-401,156,82,76,3,0.48717948717948717
2025-12-31,15g30,CS1,B5-GD,130,130,130,1,1.0
2025-12-31,15g30,CS1,B4-505,120,63,61,2,0.5083333333333333
2025-12-31,15g30,CS2,NTD,300,300,300,2,1.0
2025-12-31,15g30,CS2,H6-GD,250,250,94,1,0.376
2025-12-31,18g15,CS1,B5-GD,130,130,64,3,0.49230769230769234
2026-01-02,07g00,CS1,B1-208,84,44,84,2,1.0
2026-01-02,07g00,CS1,B1-306,84,44,84,2,1.0
2026-01-02,07g00,CS1,B4-305,80,42,80,2,1.0
2026-01-02,07g00,CS1,B4-406,108,57,108,2,1.0
2026-01-02,07g00,CS1,B4-501,80,42,80,2,1.0
2026-01-02,07g00,CS1,B4-502,80,42,80,2,1.0
2026-01-02,07g00,CS1,B4-505,120,63,120,2,1.0
2026-01-02,07g00,CS1,B5-GD,130,130,130,1,1.0
2026-01-02,07g00,CS1,B6-306,80,42,80,2,1.0
2026-01-02,07g00,CS1,C4-301,80,42,80,2,1.0
2026-01-02,07g00,CS1,C4-304,80,42,80,2,1.0
2026-01-02,07g00,CS1,C4-402,80,42,80,3,1.0
2026-01-02,07g00,CS1,C4-403,80,42,80,3,1.0
2026-01-02,07g00,CS1,C4-502,80,42,80,2,1.0
2026-01-02,07g00,CS1,C6-102,100,50,100,2,1.0
2026-01-02,07g00,CS1,C6-103,100,50,100,2,1.0
2026-01-02,07g00,CS1,B4-306,80,42,71,7,0.8875
2026-01-02,07g00,CS2,H2-201,156,82,156,2,1.0
2026-01-02,07g00,CS2,H2-206,156,82,156,2,1.0
2026-01-02,07g00,CS2,H2-301,156,82,156,2,1.0
2026-01-02,07g00,CS2,H2-306,156,82,156,2,1.0
2026-01-02,07g00,CS2,H2-401,156,82,156,2,1.0
2026-01-02,07g00,CS2,H2-406,156,82,156,2,1.0
2026-01-02,07g00,CS2,H3-201,142,75,142,3,1.0
2026-01-02,07g00,CS2,H3-301,142,75,142,2,1.0
2026-01-02,07g00,CS2,H3-306,142,75,142,2,1.0
2026-01-02,07g00,CS2,H3-406,142,75,142,2,1.0
2026-01-02,07g00,CS2,H3-501,142,75,142,3,1.0
2026-01-02,07g00,CS2,H3-506,142,75,142,4,1.0
2026-01-02,07g00,CS2,H6-308,144,76,144,2,1.0
2026-01-02,07g00,CS2,H6-811,150,79,150,2,1.0
2026-01-02,07g00,CS2,H6-GD,250,250,250,1,1.0
2026-01-02,07g00,CS2,NTD,300,300,300,1,1.0
2026-01-02,07g00,CS2,H3-401,142,75,82,4,0.5774647887323944
2026-01-02,09g30,CS1,B5-GD,130,130,62,5,0.47692307692307695
2026-01-02,09g30,CS2,H6-GD,250,250,250,6,1.0
2026-01-02,09g30,CS2,NTD,300,300,300,3,1.0
2026-01-02,09g30,CS2,H2-201,156,82,78,5,0.5
2026-01-02,13g00,CS1,B4-406,108,57,108,3,1.0
2026-01-02,13g00,CS1,B4-505,120,63,120,3,1.0
2026-01-02,13g00,CS1,B5-GD,130,130,130,1,1.0
2026-01-02,13g00,CS1,C6-103,100,50,49,4,0.49
2026-01-02,13g00,CS2,H2-201,156,82,156,2,1.0
2026-01-02,13g00,CS2,H2-301,156,82,156,2,1.0
2026-01-02,13g00,CS2,H2-306,156,82,156,3,1.0
2026-01-02,13g00,CS2,H2-401,156,82,156,4,1.0
2026-01-02,13g00,CS2,H6-GD,250,250,250,1,1.0
2026-01-02,13g00,CS2,NTD,300,300,300,1,1.0
2026-01-02,13g00,CS2,H2-406,156,82,151,6,0.967948717948718
2026-01-02,15g30,CS1,B5-GD,130,130,130,1,1.0
2026-01-02,15g30,CS1,B4-505,120,63,6,1,0.05
2026-01-02,15g30,CS2,NTD,300,300,160,1,0.5333333333333333
2026-01-02,18g15,CS1,B5-GD,130,130,130,4,1.0
2026-01-02,18g15,CS1,B4-505,120,63,55,3,0.4583333333333333
2026-01-03,07g00,CS1,B4-406,108,57,108,7,1.0
2026-01-03,07g00,CS1,B4-505,120,63,120,4,1.0
2026-01-03,07g00,CS1,B5-GD,130,130,130,2,1.0
2026-01-03,07g00,CS1,C6-103,100,50,29,5,0.29
2026-01-03,07g00,CS2,H2-201,156,82,156,3,1.0
2026-01-03,07g00,CS2,H2-301,156,82,156,5,1.0
2026-01-03,07g00,CS2,H6-GD,250,250,250,4,1.0
2026-01-03,07g00,CS2,NTD,300,300,300,3,1.0
2026-01-03,07g00,CS2,H2-306,156,82,124,7,0.7948717948717948
2026-01-03,09g30,CS1,B5-GD,130,130,130,1,1.0
2026-01-03,09g30,CS1,B4-406,108,57,57,1,0.5277777777777778
2026-01-03,09g30,CS1,B4-305,80,42,42,1,0.525
2026-01-03,09g30,CS1,B4-501,80,42,42,1,0.525
2026-01-03,09g30,CS1,B4-502,80,42,42,1,0.525
2026-01-03,09g30,CS1,B4-505,120,63,63,1,0.525
2026-01-03,09g30,CS1,B6-306,80,42,42,1,0.525
2026-01-03,09g30,CS1,C4-301,80,42,42,1,0.525
2026-01-03,09g30,CS1,C4-304,80,42,42,1,0.525
2026-01-03,09g30,CS1,C4-402,80,42,42,1,0.525
2026-01-03,09g30,CS1,C4-502,80,42,42,1,0.525
2026-01-03,09g30,CS1,B1-208,84,44,44,1,0.5238095238095238
2026-01-03,09g30,CS1,B1-306,84,44,44,1,0.5238095238095238
2026-01-03,09g30,CS1,C6-102,100,50,50,1,0.5
2026-01-03,09g30,CS1,C6-103,100,50,50,1,0.5
2026-01-03,09g30,CS1,C4-403,80,42,28,1,0.35
2026-01-03,09g30,CS2,H6-GD,250,250,250,1,1.0
2026-01-03,09g30,CS2,NTD,300,300,300,1,1.0
2026-01-03,09g30,CS2,H3-201,142,75,75,1,0.528169014084507
2026-01-03,09g30,CS2,H3-301,142,75,75,1,0.528169014084507
2026-01-03,09g30,CS2,H3-306,142,75,75,1,0.528169014084507
2026-01-03,09g30,CS2,H3-406,142,75,75,1,0.528169014084507
2026-01-03,09g30,CS2,H6-308,144,76,76,1,0.5277777777777778
2026-01-03,09g30,CS2,H6-811,150,79,79,1,0.5266666666666666
2026-01-03,09g30,CS2,H2-201,156,82,82,1,0.5256410256410257
2026-01-03,09g30,CS2,H2-206,156,82,82,1,0.5256410256410257
2026-01-03,09g30,CS2,H2-301,156,82,82,1,0.5256410256410257
2026-01-03,09g30,CS2,H2-306,156,82,82,1,0.5256410256410257
2026-01-03,09g30,CS2,H2-401,156,82,82,1,0.5256410256410257
2026-01-03,09g30,CS2,H2-406,156,82,82,1,0.5256410256410257
2026-01-03,09g30,CS2,H3-501,142,75,32,1,0.22535211267605634
2026-01-03,13g00,CS1,B4-505,120,63,120,4,1.0
2026-01-03,13g00,CS1,B5-GD,130,130,130,1,1.0
2026-01-03,13g00,CS1,B4-406,108,57,58,4,0.5370370370370371
2026-01-03,13g00,CS2,NTD,300,300,300,2,1.0
2026-01-03,13g00,CS2,H6-GD,250,250,191,6,0.764
2026-01-03,15g30,CS1,B5-GD,130,130,71,1,0.5461538461538461
2026-01-03,15g30,CS2,NTD,300,300,130,1,0.43333333333333335
2026-01-04,07g00,CS1,B1-208,84,44,84,4,1.0
2026-01-04,07g00,CS1,B1-306,84,44,84,5,1.0
2026-01-04,07g00,CS1,B4-406,108,57,108,2,1.0
2026-01-04,07g00,CS1,B4-505,120,63,120,2,1.0
2026-01-04,07g00,CS1,B5-GD,130,130,130,1,1.0
2026-01-04,07g00,CS1,C6-102,100,50,100,3,1.0
2026-01-04,07g00,CS1,C6-103,100,50,100,3,1.0
2026-01-04,07g00,CS1,B4-502,80,42,76,8,0.95
2026-01-04,07g00,CS2,H2-201,156,82,156,2,1.0
2026-01-04,07g00,CS2,H2-206,156,82,156,4,1.0
2026-01-04,07g00,CS2,H2-301,156,82,156,2,1.0
2026-01-04,07g00,CS2,H2-306,156,82,156,2,1.0
2026-01-04,07g00,CS2,H2-401,156,82,156,3,1.0
2026-01-04,07g00,CS2,H2-406,156,82,156,3,1.0
2026-01-04,07g00,CS2,H6-811,150,79,150,6,1.0
2026-01-04,07g00,CS2,H6-GD,250,250,250,1,1.0
2026-01-04,07g00,CS2,NTD,300,300,300,1,1.0
2026-01-04,07g00,CS2,H6-308,144,76,86,9,0.5972222222222222
2026-01-04,09g30,CS1,B4-505,120,63,120,4,1.0
2026-01-04,09g30,CS1,B5-GD,130,130,130,2,1.0
2026-01-04,09g30,CS1,B4-406,108,57,79,8,0.7314814814814815
2026-01-04,09g30,CS2,NTD,300,300,158,1,0.5266666666666666
2026-01-04,13g00,CS1,B4-406,108,57,108,2,1.0
2026-01-04,13g00,CS1,B4-505,120,63,120,2,1.0
2026-01-04,13g00,CS1,B5-GD,130,130,130,1,1.0
2026-01-04,13g00,CS1,C6-103,100,50,100,4,1.0
2026-01-04,13g00,CS1,C6-102,100,50,64,6,0.64
2026-01-04,13g00,CS2,H2-201,156,82,156,2,1.0
2026-01-04,13g00,CS2,H2-301,156,82,156,2,1.0
2026-01-04,13g00,CS2,H2-306,156,82,156,3,1.0
2026-01-04,13g00,CS2,H2-401,156,82,156,3,1.0
2026-01-04,13g00,CS2,H2-406,156,82,156,4,1.0
2026-01-04,13g00,CS2,H6-GD,250,250,250,2,1.0
2026-01-04,13g00,CS2,NTD,300,300,300,2,1.0
2026-01-04,13g00,CS2,H2-206,156,82,69,4,0.4423076923076923
2026-01-04,15g30,CS1,B5-GD,130,130,130,2,1.0
2026-01-04,15g30,CS1,B4-505,120,63,34,2,0.2833333333333333
