DATE_ONLY,TIME,CAMPUS,TARGET ROOM,ROOM EXAM CAPACITY,TOTAL_STUDENTS,COURSES MERGED,UTILIZATION
2025-12-15,07g00,CS1,B5-GD,130,130,MT2013(130),1.0
2025-12-15,07g00,CS1,B4-505,63,63,MT2013(63),1.0
2025-12-15,07g00,CS1,B4-406,57,57,MT2013(57),1.0
2025-12-15,07g00,CS1,C6-102,50,50,MT2013(50),1.0
2025-12-15,07g00,CS1,C6-103,50,50,MT2013(50),1.0
2025-12-15,07g00,CS1,B1-208,44,44,MT2013(44),1.0
2025-12-15,07g00,CS1,B1-306,44,44,MT2013(44),1.0
2025-12-15,07g00,CS1,B1-311,42,42,MT2009(42),1.0
2025-12-15,07g00,CS1,B4-305,42,42,MT2013(42),1.0
2025-12-15,07g00,CS1,B4-306,42,42,MT2013(42),1.0
2025-12-15,07g00,CS1,B4-501,42,42,MT2013(42),1.0
2025-12-15,07g00,CS1,B4-502,42,42,MT2013(42),1.0
2025-12-15,07g00,CS1,B6-306,42,42,MT2013(42),1.0
2025-12-15,07g00,CS1,C4-301,42,42,MT2013(42),1.0
2025-12-15,07g00,CS1,C4-304,42,42,MT2013(42),1.0
2025-12-15,07g00,CS1,C4-402,42,42,MT2013(42),1.0
2025-12-15,07g00,CS1,C4-403,42,42,MT2009(42),1.0
2025-12-15,07g00,CS1,C4-502,42,42,MT2013(42),1.0
2025-12-15,07g00,CS1,C5-303,42,42,MT2013(42),1.0
2025-12-15,07g00,CS1,C5-401,42,42,MT2009(42),1.0
2025-12-15,07g00,CS1,C5-403,42,42,MT2013(42),1.0
2025-12-15,07g00,CS1,C5-502,42,42,EE3093(42),1.0
2025-12-15,07g00,CS1,C5-503,42,42,"EE3093(24), MT2009(18)",1.0
2025-12-15,07g00,CS1,C6-401,42,42,CO3057(42),1.0
2025-12-15,07g00,CS1,C6-402,42,42,MT2013(42),1.0
2025-12-15,07g00,CS1,C6-403,42,42,MT2009(42),1.0
2025-12-15,07g00,CS1,B1-212,38,38,"IM3055(16), MT2013(16), CO3057(6)",1.0
2025-12-15,07g00,CS1,B1-305,38,5,CO3057(5),0.13157894736842105
2025-12-15,07g00,CS2,H6-GD,250,250,MT2013(250),1.0
2025-12-15,07g00,CS2,H2-201,82,82,MT2013(82),1.0
2025-12-15,07g00,CS2,H2-206,82,82,MT2013(82),1.0
2025-12-15,07g00,CS2,H2-301,82,82,MT2013(82),1.0
2025-12-15,07g00,CS2,H2-306,82,82,MT2013(82),1.0
2025-12-15,07g00,CS2,H2-401,82,82,MT2013(82),1.0
2025-12-15,07g00,CS2,H2-406,82,82,MT2013(82),1.0
2025-12-15,07g00,CS2,H6-811,79,79,MT2013(79),1.0
2025-12-15,07g00,CS2,H6-308,76,76,MT2013(76),1.0
2025-12-15,07g00,CS2,H3-201,75,75,MT2013(75),1.0
2025-12-15,07g00,CS2,H3-301,75,75,MT2013(75),1.0
2025-12-15,07g00,CS2,H3-306,75,75,MT2013(75),1.0
2025-12-15,07g00,CS2,H3-401,75,75,MT2013(75),1.0
2025-12-15,07g00,CS2,H3-406,75,75,MT2013(75),1.0
2025-12-15,07g00,CS2,H3-501,75,75,MT2013(75),1.0
2025-12-15,07g00,CS2,H3-506,75,75,MT2013(75),1.0
2025-12-15,07g00,CS2,H1-101,73,73,MT2013(73),1.0
2025-12-15,07g00,CS2,H1-104,73,73,MT2013(73),1.0
2025-12-15,07g00,CS2,H1-307,71,71,MT2013(71),1.0
2025-12-15,07g00,CS2,H2-207,71,71,MT2013(71),1.0
2025-12-15,07g00,CS2,H6-311,71,71,MT2013(71),1.0
2025-12-15,07g00,CS2,H1-204,68,68,MT2013(68),1.0
2025-12-15,07g00,CS2,H6-113,68,68,MT2013(68),1.0
2025-12-15,07g00,CS2,H6-305,68,68,MT2013(68),1.0
2025-12-15,07g00,CS2,H1-401,66,66,MT2013(66),1.0
2025-12-15,07g00,CS2,H1-404,66,66,MT2013(66),1.0
2025-12-15,07g00,CS2,H6-211,66,66,MT2013(66),1.0
2025-12-15,07g00,CS2,H6-412,65,65,MT2013(65),1.0
2025-12-15,07g00,CS2,H1-405,63,63,MT2013(63),1.0
2025-12-15,07g00,CS2,H3-606,63,63,"EE3093(54), EE3063(9)",1.0
2025-12-15,07g00,CS2,H6-201,63,63,CO3057(63),1.0
2025-12-15,07g00,CS2,H6-405,63,63,MT2013(63),1.0
2025-12-15,07g00,CS2,H6-802,63,63,MT2013(63),1.0
2025-12-15,07g00,CS2,H6-810,63,63,MT2013(63),1.0
2025-12-15,07g00,CS2,H2-205,62,62,"CI4197(41), MT2013(21)",1.0
2025-12-15,07g00,CS2,H6-205,62,62,"IM3055(50), EE3063(12)",1.0
2025-12-15,07g00,CS2,H2-302,62,46,"EE3063(31), MT2013(14), CO3057(1)",0.7419354838709677
2025-12-15,09g30,CS1,B5-GD,130,130,EE2405(130),1.0
2025-12-15,09g30,CS1,B4-505,63,63,IM1029(63),1.0
2025-12-15,09g30,CS1,B4-406,57,57,EE2405(57),1.0
2025-12-15,09g30,CS1,C6-102,50,50,"EE2405(39), TR4073(11)",1.0
2025-12-15,09g30,CS1,C6-103,50,50,IM1029(50),1.0
2025-12-15,09g30,CS1,B1-208,44,44,"IM3101(27), MA3145(17)",1.0
2025-12-15,09g30,CS1,B1-306,44,44,"MA2035(18), AS3055(17), TR4073(9)",1.0
2025-12-15,09g30,CS1,B4-502,42,42,"CH3399(15), MA3153(9), TR4073(8), IM1029(7), MA4185(3)",1.0
2025-12-15,09g30,CS1,B4-501,42,10,"MA3145(6), MA4185(4)",0.23809523809523808
2025-12-15,09g30,CS2,H6-GD,250,250,"IM1029(179), IM4035(51), GE3017(20)",1.0
2025-12-15,09g30,CS2,H2-201,82,77,"GE3017(25), CI3245(13), IU3017(13), MA3031(13), CH3399(8), CI2043(3), EN3025(2)",0.9390243902439024
2025-12-15,13g00,CS1,B5-GD,130,130,IM1021(130),1.0
2025-12-15,13g00,CS1,B4-505,63,63,"CH2035(34), CI4161(29)",1.0
2025-12-15,13g00,CS1,B4-406,57,54,"CH3347(20), ME4137(17), IM1021(16), CI4161(1)",0.9473684210526315
2025-12-15,13g00,CS2,H6-GD,250,250,IM1021(250),1.0
2025-12-15,13g00,CS2,H2-201,82,82,IM1021(82),1.0
2025-12-15,13g00,CS2,H2-206,82,82,"IM1017(65), CH2035(17)",1.0
2025-12-15,13g00,CS2,H2-301,82,82,"CH3347(69), IM1021(13)",1.0
2025-12-15,13g00,CS2,H2-306,82,82,CI3243(82),1.0
2025-12-15,13g00,CS2,H2-401,82,82,IM1021(82),1.0
2025-12-15,13g00,CS2,H2-406,82,82,IM1021(82),1.0
2025-12-15,13g00,CS2,H6-811,79,79,"IM1021(53), CH2035(26)",1.0
2025-12-15,13g00,CS2,H6-308,76,58,"ME4137(31), CH2035(13), TR2033(13), CI3243(1)",0.7631578947368421
2025-12-15,15g30,CS1,B5-GD,130,54,CO3011(54),0.4153846153846154
2025-12-15,15g30,CS2,H6-GD,250,119,CO3011(119),0.476
2025-12-16,07g00,CS1,B5-GD,130,130,MT2007(130),1.0
2025-12-16,07g00,CS1,B4-505,63,63,MT2007(63),1.0
2025-12-16,07g00,CS1,B4-406,57,57,ME2113(57),1.0
2025-12-16,07g00,CS1,C6-102,50,50,"CI2135(22), ME2113(20), TR5005(8)",1.0
2025-12-16,07g00,CS1,C6-103,50,50,CO3007(50),1.0
2025-12-16,07g00,CS1,B1-208,44,44,"MT2007(16), ME5003(14), EE5013(11), TR5005(3)",1.0
2025-12-16,07g00,CS1,B1-306,44,15,"CO3007(8), TR5005(7)",0.3409090909090909
2025-12-16,07g00,CS2,H6-GD,250,250,"CO3007(212), TR4051(20), MA4119(12), GE1021(6)",1.0
2025-12-16,07g00,CS2,H2-201,82,2,GE1021(2),0.024390243902439025
2025-12-16,09g30,CS1,B5-GD,130,130,MT1005(130),1.0
2025-12-16,09g30,CS1,B4-505,63,63,LA2017(63),1.0
2025-12-16,09g30,CS1,B4-406,57,57,"LA2017(34), CO3059(20), MT1005(3)",1.0
2025-12-16,09g30,CS1,C6-103,50,6,MT1005(6),0.12
2025-12-16,09g30,CS2,H6-GD,250,250,MT1005(250),1.0
2025-12-16,09g30,CS2,H2-201,82,82,MT1005(82),1.0
2025-12-16,09g30,CS2,H2-301,82,82,"MT1005(38), CH4139(30), EE3121(14)",1.0
2025-12-16,09g30,CS2,H2-306,82,82,"CO3059(61), MT1005(21)",1.0
2025-12-16,09g30,CS2,H2-401,82,82,MT1005(82),1.0
2025-12-16,09g30,CS2,H2-406,82,82,MT1005(82),1.0
2025-12-16,09g30,CS2,H2-206,82,13,EE3121(13),0.15853658536585366
2025-12-16,13g00,CS1,B5-GD,130,130,SP1033(130),1.0
2025-12-16,13g00,CS1,B4-505,63,63,SP1033(63),1.0
2025-12-16,13g00,CS1,B4-406,57,57,SP1033(57),1.0
2025-12-16,13g00,CS1,C6-102,50,50,SP1033(50),1.0
2025-12-16,13g00,CS1,C6-103,50,50,SP1033(50),1.0
2025-12-16,13g00,CS1,B1-208,44,44,SP1033(44),1.0
2025-12-16,13g00,CS1,B1-306,44,44,SP1033(44),1.0
2025-12-16,13g00,CS1,B4-501,42,42,SP1033(42),1.0
2025-12-16,13g00,CS1,B4-502,42,42,CO3017(42),1.0
2025-12-16,13g00,CS1,B6-306,42,42,"CO3017(30), SP1033(12)",1.0
2025-12-16,13g00,CS1,C4-502,42,2,SP1033(2),0.047619047619047616
2025-12-16,13g00,CS2,H6-GD,250,250,SP1033(250),1.0
2025-12-16,13g00,CS2,H2-201,82,82,SP1033(82),1.0
2025-12-16,13g00,CS2,H2-206,82,82,SP1033(82),1.0
2025-12-16,13g00,CS2,H2-301,82,82,SP1033(82),1.0
2025-12-16,13g00,CS2,H2-306,82,82,SP1033(82),1.0
2025-12-16,13g00,CS2,H2-401,82,82,SP1033(82),1.0
2025-12-16,13g00,CS2,H2-406,82,82,SP1033(82),1.0
2025-12-16,13g00,CS2,H6-811,79,79,SP1033(79),1.0
2025-12-16,13g00,CS2,H6-308,76,76,SP1033(76),1.0
2025-12-16,13g00,CS2,H3-301,75,75,"EE3085(46), CO3017(29)",1.0
2025-12-16,13g00,CS2,H3-306,75,75,"ME4533(61), EE3085(14)",1.0
2025-12-16,13g00,CS2,H3-401,75,75,CI2145(75),1.0
2025-12-16,13g00,CS2,H3-406,75,75,SP1033(75),1.0
2025-12-16,13g00,CS2,H3-501,75,75,CO3017(75),1.0
2025-12-16,13g00,CS2,H3-506,75,75,SP1033(75),1.0
2025-12-16,13g00,CS2,H3-201,75,48,"SP1033(21), CO3017(15), CI2145(12)",0.64
2025-12-16,15g30,CS1,B5-GD,130,130,"ME4217(103), CH3015(27)",1.0
2025-12-16,15g30,CS1,B4-505,63,63,"TR4085(42), CH3015(21)",1.0
2025-12-16,15g30,CS1,B4-406,57,6,EE3009(6),0.10526315789473684
2025-12-16,15g30,CS2,H6-GD,250,250,"TR4085(158), CH3015(92)",1.0
2025-12-16,15g30,CS2,H2-201,82,82,ME4217(82),1.0
2025-12-16,15g30,CS2,H2-406,82,82,"EE3009(81), CH3015(1)",1.0
2025-12-16,15g30,CS2,H2-401,82,80,"CH3015(32), EE3007(27), ME4217(21)",0.975609756097561
2025-12-17,07g00,CS1,B5-GD,130,130,SP1007(130),1.0
2025-12-17,07g00,CS1,B4-505,63,63,SP1007(63),1.0
2025-12-17,07g00,CS1,B4-406,57,57,SP1007(57),1.0
2025-12-17,07g00,CS1,C6-102,50,50,PH2005(50),1.0
2025-12-17,07g00,CS1,C6-103,50,50,SP1007(50),1.0
2025-12-17,07g00,CS1,B1-208,44,44,SP1007(44),1.0
2025-12-17,07g00,CS1,B1-306,44,44,SP1007(44),1.0
2025-12-17,07g00,CS1,B1-311,42,42,"CO3037(28), TR4047(14)",1.0
2025-12-17,07g00,CS1,B4-305,42,42,CO3037(42),1.0
2025-12-17,07g00,CS1,B4-306,42,42,"EE3069(30), TR4081(12)",1.0
2025-12-17,07g00,CS1,B4-501,42,42,EE3091(42),1.0
2025-12-17,07g00,CS1,B4-502,42,42,PH2005(42),1.0
2025-12-17,07g00,CS1,B6-306,42,42,SP1007(42),1.0
2025-12-17,07g00,CS1,C4-301,42,42,EE3091(42),1.0
2025-12-17,07g00,CS1,C4-304,42,42,SP1007(42),1.0
2025-12-17,07g00,CS1,C4-402,42,42,TR4089(42),1.0
2025-12-17,07g00,CS1,C4-403,42,42,PH2005(42),1.0
2025-12-17,07g00,CS1,C4-502,42,42,PH2005(42),1.0
2025-12-17,07g00,CS1,C5-303,42,42,"MA2015(21), EE4451(18), TR4081(3)",1.0
2025-12-17,07g00,CS1,C5-401,42,42,"EE3091(17), EE3043(15), IM4019(10)",1.0
2025-12-17,07g00,CS1,C5-403,42,42,"TR4081(15), EN3209(14), ME5005(13)",1.0
2025-12-17,07g00,CS1,C5-502,42,42,"MA4141(11), TR4047(11), IM4019(5), MA4189(5), SP1007(4), TR4089(3), PH2005(2), ME5005(1)",1.0
2025-12-17,07g00,CS2,H6-GD,250,250,SP1007(250),1.0
2025-12-17,07g00,CS2,H2-201,82,82,SP1007(82),1.0
2025-12-17,07g00,CS2,H2-206,82,82,SP1007(82),1.0
2025-12-17,07g00,CS2,H2-301,82,82,SP1007(82),1.0
2025-12-17,07g00,CS2,H2-306,82,82,SP1007(82),1.0
2025-12-17,07g00,CS2,H2-401,82,82,SP1007(82),1.0
2025-12-17,07g00,CS2,H2-406,82,82,SP1007(82),1.0
2025-12-17,07g00,CS2,H6-811,79,79,SP1007(79),1.0
2025-12-17,07g00,CS2,H6-308,76,76,SP1007(76),1.0
2025-12-17,07g00,CS2,H3-201,75,75,SP1007(75),1.0
2025-12-17,07g00,CS2,H3-301,75,75,SP1007(75),1.0
2025-12-17,07g00,CS2,H3-306,75,75,SP1007(75),1.0
2025-12-17,07g00,CS2,H3-401,75,75,SP1007(75),1.0
2025-12-17,07g00,CS2,H3-406,75,75,SP1007(75),1.0
2025-12-17,07g00,CS2,H3-501,75,75,SP1007(75),1.0
2025-12-17,07g00,CS2,H3-506,75,75,SP1007(75),1.0
2025-12-17,07g00,CS2,H1-101,73,73,SP1007(73),1.0
2025-12-17,07g00,CS2,H1-104,73,73,TR4089(73),1.0
2025-12-17,07g00,CS2,H1-307,71,71,CI3241(71),1.0
2025-12-17,07g00,CS2,H2-207,71,71,SP1007(71),1.0
2025-12-17,07g00,CS2,H6-311,71,71,TR4089(71),1.0
2025-12-17,07g00,CS2,H1-204,68,68,"CI3241(50), EE3069(18)",1.0
2025-12-17,07g00,CS2,H6-113,68,68,"TR3017(57), EE3069(11)",1.0
2025-12-17,07g00,CS2,H6-305,68,68,EE3043(68),1.0
2025-12-17,07g00,CS2,H1-401,66,66,"IU2011(36), ME3171(30)",1.0
2025-12-17,07g00,CS2,H1-404,66,66,"EN3209(42), CH3321(24)",1.0
2025-12-17,07g00,CS2,H6-211,66,66,"MA4087(29), CI3067(26), EE3069(11)",1.0
2025-12-17,07g00,CS2,H6-412,65,65,"MA2015(22), SP1007(22), TR4089(21)",1.0
2025-12-17,07g00,CS2,H1-405,63,63,"IM4019(18), CH3321(16), EE3069(15), CH3429(12), MA3011(2)",1.0
2025-12-17,07g00,CS2,H6-810,63,18,"MA3011(8), EE3043(7), ME3171(3)",0.2857142857142857
2025-12-17,13g00,CS1,B5-GD,130,130,CO2003(130),1.0
2025-12-17,13g00,CS1,B4-505,63,63,CH2013(63),1.0
2025-12-17,13g00,CS1,B4-406,57,57,CO2003(57),1.0
2025-12-17,13g00,CS1,C6-102,50,50,CH2013(50),1.0
2025-12-17,13g00,CS1,C6-103,50,50,EE2417(50),1.0
2025-12-17,13g00,CS1,B1-208,44,44,CO1003(44),1.0
2025-12-17,13g00,CS1,B1-306,44,44,CO2003(44),1.0
2025-12-17,13g00,CS1,B1-311,42,42,ME2123(42),1.0
2025-12-17,13g00,CS1,B4-305,42,42,CH2013(42),1.0
2025-12-17,13g00,CS1,B4-306,42,42,CH2013(42),1.0
2025-12-17,13g00,CS1,B4-501,42,42,CO1003(42),1.0
2025-12-17,13g00,CS1,B4-502,42,42,EE2417(42),1.0
2025-12-17,13g00,CS1,B6-306,42,42,CO2003(42),1.0
2025-12-17,13g00,CS1,C4-301,42,42,CI2095(42),1.0
2025-12-17,13g00,CS1,C4-304,42,42,CO1003(42),1.0
2025-12-17,13g00,CS1,C4-402,42,42,CO2003(42),1.0
2025-12-17,13g00,CS1,C4-403,42,42,EE2417(42),1.0
2025-12-17,13g00,CS1,C4-502,42,42,EE2417(42),1.0
2025-12-17,13g00,CS1,C5-303,42,42,IM3087(42),1.0
2025-12-17,13g00,CS1,C5-401,42,42,CI2095(42),1.0
2025-12-17,13g00,CS1,C5-403,42,42,CO1003(42),1.0
2025-12-17,13g00,CS1,C5-502,42,42,CO2003(42),1.0
2025-12-17,13g00,CS1,C5-503,42,42,"ME2123(26), CI1003(16)",1.0
2025-12-17,13g00,CS1,C6-401,42,42,"CO3027(36), TR3143(6)",1.0
2025-12-17,13g00,CS1,C6-402,42,42,CH2013(42),1.0
2025-12-17,13g00,CS1,C6-403,42,42,EE2417(42),1.0
2025-12-17,13g00,CS1,B1-212,38,38,"TR3143(23), ME3011(15)",1.0
2025-12-17,13g00,CS1,B1-305,38,38,"IM3087(15), CI2095(10), CI1003(8), CO1003(5)",1.0
2025-12-17,13g00,CS1,B1-308,38,22,"CO2003(8), ME3011(6), CO1003(3), EE2417(3), CH2013(2)",0.5789473684210527
2025-12-17,13g00,CS2,H6-GD,250,250,CI2095(250),1.0
2025-12-17,13g00,CS2,H2-201,82,82,CO2003(82),1.0
2025-12-17,13g00,CS2,H2-206,82,82,IM3087(82),1.0
2025-12-17,13g00,CS2,H2-301,82,82,CO2003(82),1.0
2025-12-17,13g00,CS2,H2-306,82,82,CO1003(82),1.0
2025-12-17,13g00,CS2,H2-401,82,82,CO2003(82),1.0
2025-12-17,13g00,CS2,H2-406,82,82,CO1003(82),1.0
2025-12-17,13g00,CS2,H6-811,79,79,CH2013(79),1.0
2025-12-17,13g00,CS2,H6-308,76,76,CO1003(76),1.0
2025-12-17,13g00,CS2,H3-201,75,75,CO3027(75),1.0
2025-12-17,13g00,CS2,H3-301,75,75,CH2013(75),1.0
2025-12-17,13g00,CS2,H3-306,75,75,IM3087(75),1.0
2025-12-17,13g00,CS2,H3-401,75,75,ME2123(75),1.0
2025-12-17,13g00,CS2,H3-406,75,75,CO2003(75),1.0
2025-12-17,13g00,CS2,H3-501,75,75,TR3143(75),1.0
2025-12-17,13g00,CS2,H3-506,75,75,CI2095(75),1.0
2025-12-17,13g00,CS2,H1-101,73,73,CO1003(73),1.0
2025-12-17,13g00,CS2,H1-104,73,73,CI2095(73),1.0
2025-12-17,13g00,CS2,H1-307,71,71,TR3143(71),1.0
2025-12-17,13g00,CS2,H2-207,71,71,CO2003(71),1.0
2025-12-17,13g00,CS2,H6-311,71,71,EE1007(71),1.0
2025-12-17,13g00,CS2,H1-204,68,68,IM3087(68),1.0
2025-12-17,13g00,CS2,H6-113,68,68,ME2123(68),1.0
2025-12-17,13g00,CS2,H6-305,68,68,CI1003(68),1.0
2025-12-17,13g00,CS2,H1-401,66,66,EE3075(66),1.0
2025-12-17,13g00,CS2,H1-404,66,66,CH2013(66),1.0
2025-12-17,13g00,CS2,H6-211,66,66,"EE3167(61), ME3011(5)",1.0
2025-12-17,13g00,CS2,H6-412,65,65,"ME3011(48), CO3027(17)",1.0
2025-12-17,13g00,CS2,H1-405,63,63,"CO1003(45), CI2095(18)",1.0
2025-12-17,13g00,CS2,H6-802,63,63,"CI2095(23), CO2003(19), EE1007(16), CI1003(5)",1.0
2025-12-17,13g00,CS2,H6-810,63,63,"TR3143(33), CO3027(29), CI2095(1)",1.0
2025-12-17,13g00,CS2,H6-405,63,31,"ME2123(13), CI1003(8), IM3087(4), CH2013(3), EE3075(3)",0.49206349206349204
2025-12-17,15g30,CS1,B5-GD,130,35,CH2045(35),0.2692307692307692
2025-12-17,15g30,CS2,H6-GD,250,48,CH2045(48),0.192
2025-12-18,07g00,CS1,B5-GD,130,130,SP1039(130),1.0
2025-12-18,07g00,CS1,B4-505,63,63,SP1039(63),1.0
2025-12-18,07g00,CS1,B4-406,57,57,SP1039(57),1.0
2025-12-18,07g00,CS1,C6-102,50,50,SP1039(50),1.0
2025-12-18,07g00,CS1,C6-103,50,50,SP1039(50),1.0
2025-12-18,07g00,CS1,B1-208,44,44,SP1039(44),1.0
2025-12-18,07g00,CS1,B1-306,44,44,SP1039(44),1.0
2025-12-18,07g00,CS1,B4-501,42,42,"ME1021(29), MA5023(13)",1.0
2025-12-18,07g00,CS1,B4-502,42,42,SP1039(42),1.0
2025-12-18,07g00,CS1,B6-306,42,42,"SP1039(20), CI4193(16), EE5015(6)",1.0
2025-12-18,07g00,CS1,C4-502,42,21,"MA5023(9), EE5015(8), LA1027(4)",0.5
2025-12-18,07g00,CS2,H6-GD,250,250,SP1039(250),1.0
2025-12-18,07g00,CS2,H2-201,82,82,SP1039(82),1.0
2025-12-18,07g00,CS2,H2-206,82,82,SP1039(82),1.0
2025-12-18,07g00,CS2,H2-301,82,82,SP1039(82),1.0
2025-12-18,07g00,CS2,H2-306,82,82,SP1039(82),1.0
2025-12-18,07g00,CS2,H2-401,82,82,SP1039(82),1.0
2025-12-18,07g00,CS2,H2-406,82,82,SP1039(82),1.0
2025-12-18,07g00,CS2,H6-811,79,79,SP1039(79),1.0
2025-12-18,07g00,CS2,H6-308,76,76,SP1039(76),1.0
2025-12-18,07g00,CS2,H3-201,75,75,CI2159(75),1.0
2025-12-18,07g00,CS2,H3-301,75,75,GE1027(75),1.0
2025-12-18,07g00,CS2,H3-306,75,75,SP1039(75),1.0
2025-12-18,07g00,CS2,H3-401,75,75,SP1039(75),1.0
2025-12-18,07g00,CS2,H3-406,75,75,SP1039(75),1.0
2025-12-18,07g00,CS2,H3-501,75,75,SP1039(75),1.0
2025-12-18,07g00,CS2,H3-506,75,75,SP1039(75),1.0
2025-12-18,07g00,CS2,H1-101,73,73,"IM3035(61), ME2059(12)",1.0
2025-12-18,07g00,CS2,H1-104,73,73,"SP1039(44), ME2059(29)",1.0
2025-12-18,07g00,CS2,H1-307,71,71,"IU4021(30), GE1027(26), ME4083(15)",1.0
2025-12-18,07g00,CS2,H2-207,71,19,"CI2159(8), ME4083(7), ME2059(4)",0.2676056338028169
2025-12-18,09g30,CS1,B5-GD,130,129,"IM1033(128), LA3019(1)",0.9923076923076923
2025-12-18,09g30,CS2,H6-GD,250,250,"IM1033(169), PH1005(81)",1.0
2025-12-18,09g30,CS2,H2-201,82,14,PH1005(14),0.17073170731707318
2025-12-18,13g00,CS1,B5-GD,130,130,CO2007(130),1.0
2025-12-18,13g00,CS1,B4-505,63,63,CO2007(63),1.0
2025-12-18,13g00,CS1,B4-406,57,57,EE2033(57),1.0
2025-12-18,13g00,CS1,C6-102,50,50,EE2401(50),1.0
2025-12-18,13g00,CS1,C6-103,50,50,CO2007(50),1.0
2025-12-18,13g00,CS1,B1-208,44,44,EE2033(44),1.0
2025-12-18,13g00,CS1,B1-306,44,44,CO2007(44),1.0
2025-12-18,13g00,CS1,B1-311,42,42,ME3009(42),1.0
2025-12-18,13g00,CS1,B4-305,42,42,EE2401(42),1.0
2025-12-18,13g00,CS1,B4-306,42,42,TR1003(42),1.0
2025-12-18,13g00,CS1,B4-501,42,42,EE2401(42),1.0
2025-12-18,13g00,CS1,B4-502,42,42,EE2033(42),1.0
2025-12-18,13g00,CS1,B6-306,42,42,CO2007(42),1.0
2025-12-18,13g00,CS1,C4-301,42,42,CO2007(42),1.0
2025-12-18,13g00,CS1,C4-304,42,42,EE2033(42),1.0
2025-12-18,13g00,CS1,C4-402,42,42,EE2401(42),1.0
2025-12-18,13g00,CS1,C4-403,42,42,CI1007(42),1.0
2025-12-18,13g00,CS1,C4-502,42,42,EE2033(42),1.0
2025-12-18,13g00,CS1,C5-303,42,42,CO2007(42),1.0
2025-12-18,13g00,CS1,C5-401,42,42,EE2033(42),1.0
2025-12-18,13g00,CS1,C5-403,42,42,EE2401(42),1.0
2025-12-18,13g00,CS1,C5-502,42,42,ME4021(42),1.0
2025-12-18,13g00,CS1,C5-503,42,42,"CO3137(20), CO2007(16), ME3009(6)",1.0
2025-12-18,13g00,CS1,C6-401,42,42,"AS2059(22), CH3327(20)",1.0
2025-12-18,13g00,CS1,C6-402,42,42,"TR1003(28), ME3009(14)",1.0
2025-12-18,13g00,CS1,C6-403,42,42,CI1007(42),1.0
2025-12-18,13g00,CS1,B1-212,38,33,"EE2033(8), EE2401(7), ME4021(7), CI1007(5), ME3009(5), CH3327(1)",0.868421052631579
2025-12-18,13g00,CS2,H6-GD,250,250,EE2033(250),1.0
2025-12-18,13g00,CS2,H2-201,82,82,EE2033(82),1.0
2025-12-18,13g00,CS2,H2-206,82,82,EE2033(82),1.0
2025-12-18,13g00,CS2,H2-301,82,82,CI1007(82),1.0
2025-12-18,13g00,CS2,H2-306,82,82,CO2007(82),1.0
2025-12-18,13g00,CS2,H2-401,82,82,EE2033(82),1.0
2025-12-18,13g00,CS2,H2-406,82,82,CI1007(82),1.0
2025-12-18,13g00,CS2,H6-811,79,79,CO2007(79),1.0
2025-12-18,13g00,CS2,H6-308,76,76,CI1007(76),1.0
2025-12-18,13g00,CS2,H3-201,75,75,TR1003(75),1.0
2025-12-18,13g00,CS2,H3-301,75,75,ME4021(75),1.0
2025-12-18,13g00,CS2,H3-306,75,75,EE2033(75),1.0
2025-12-18,13g00,CS2,H3-401,75,75,CO2007(75),1.0
2025-12-18,13g00,CS2,H3-406,75,75,CI1007(75),1.0
2025-12-18,13g00,CS2,H3-501,75,75,EE2033(75),1.0
2025-12-18,13g00,CS2,H3-506,75,75,CO2007(75),1.0
2025-12-18,13g00,CS2,H1-101,73,73,CI1007(73),1.0
2025-12-18,13g00,CS2,H1-104,73,73,CI1003(73),1.0
2025-12-18,13g00,CS2,H1-307,71,71,CO2007(71),1.0
2025-12-18,13g00,CS2,H2-207,71,71,EE2033(71),1.0
2025-12-18,13g00,CS2,H6-311,71,71,ME4021(71),1.0
2025-12-18,13g00,CS2,H1-204,68,68,"CI1007(50), AS2059(18)",1.0
2025-12-18,13g00,CS2,H6-113,68,68,"TR1003(60), CI1007(8)",1.0
2025-12-18,13g00,CS2,H6-305,68,68,ME3009(68),1.0
2025-12-18,13g00,CS2,H1-401,66,66,"AS2059(16), CO2007(15), EE2033(14), CH3327(12), ME3009(9)",1.0
2025-12-18,13g00,CS2,H1-404,66,66,"CI1003(32), CO3137(27), AS2059(7)",1.0
2025-12-18,13g00,CS2,H6-211,66,14,"ME4021(11), ME3009(3)",0.21212121212121213
2025-12-18,15g30,CS1,B5-GD,130,103,"CO3065(57), CI4131(46)",0.7923076923076923
2025-12-18,15g30,CS2,H6-GD,250,187,"CO3065(119), CI1003(68)",0.748
2025-12-19,07g00,CS1,B5-GD,130,130,"IM3063(97), ME2141(33)",1.0
2025-12-19,07g00,CS1,B4-505,63,63,"ME2141(40), MA5015(23)",1.0
2025-12-19,07g00,CS1,B4-406,57,57,"AS2039(22), EE3015(22), CH4113(13)",1.0
2025-12-19,07g00,CS1,C6-103,50,40,"AS3169(14), MA2039(11), CH4113(6), GE2059(5), MA5015(4)",0.8
2025-12-19,07g00,CS2,H6-GD,250,250,EE3015(250),1.0
2025-12-19,07g00,CS2,H2-201,82,82,IM3063(82),1.0
2025-12-19,07g00,CS2,H2-206,82,82,"CI3269(80), EE3057(2)",1.0
2025-12-19,07g00,CS2,H2-301,82,82,EE3205(82),1.0
2025-12-19,07g00,CS2,H2-306,82,82,ME2141(82),1.0
2025-12-19,07g00,CS2,H2-401,82,82,IM3063(82),1.0
2025-12-19,07g00,CS2,H2-406,82,82,ME2141(82),1.0
2025-12-19,07g00,CS2,H6-811,79,79,"GE3105(60), IM3063(19)",1.0
2025-12-19,07g00,CS2,H6-308,76,76,"EE3057(58), ME2161(18)",1.0
2025-12-19,07g00,CS2,H3-301,75,75,"EN3023(22), EE3015(21), MA3103(18), ME2141(14)",1.0
2025-12-19,07g00,CS2,H3-306,75,75,"CH4113(29), TR4001(24), CI3251(22)",1.0
2025-12-19,07g00,CS2,H3-401,75,75,"ME2161(35), GE2059(32), EN3023(8)",1.0
2025-12-19,07g00,CS2,H3-406,75,75,"MA4069(41), IU3061(34)",1.0
2025-12-19,07g00,CS2,H3-501,75,75,"AS2039(42), IM3063(33)",1.0
2025-12-19,07g00,CS2,H3-506,75,75,"AS3169(51), EE3015(24)",1.0
2025-12-19,07g00,CS2,H3-201,75,17,"EE3205(8), IM3063(8), IU3061(1)",0.22666666666666666
2025-12-19,09g30,CS1,B5-GD,130,130,SP1031(130),1.0
2025-12-19,09g30,CS1,B4-505,63,63,SP1031(63),1.0
2025-12-19,09g30,CS1,B4-406,57,57,SP1031(57),1.0
2025-12-19,09g30,CS1,C6-102,50,50,SP1031(50),1.0
2025-12-19,09g30,CS1,C6-103,50,50,SP1031(50),1.0
2025-12-19,09g30,CS1,B1-208,44,44,SP1031(44),1.0
2025-12-19,09g30,CS1,B1-306,44,44,SP1031(44),1.0
2025-12-19,09g30,CS1,B1-311,42,42,SP1031(42),1.0
2025-12-19,09g30,CS1,B4-305,42,42,SP1031(42),1.0
2025-12-19,09g30,CS1,B4-306,42,42,SP1031(42),1.0
2025-12-19,09g30,CS1,B4-501,42,42,SP1031(42),1.0
2025-12-19,09g30,CS1,B4-502,42,42,SP1031(42),1.0
2025-12-19,09g30,CS1,B6-306,42,42,SP1031(42),1.0
2025-12-19,09g30,CS1,C4-301,42,42,SP1031(42),1.0
2025-12-19,09g30,CS1,C4-304,42,42,SP1031(42),1.0
2025-12-19,09g30,CS1,C4-402,42,42,SP1031(42),1.0
2025-12-19,09g30,CS1,C4-403,42,42,SP1031(42),1.0
2025-12-19,09g30,CS1,C4-502,42,42,SP1031(42),1.0
2025-12-19,09g30,CS1,C5-303,42,42,SP1031(42),1.0
2025-12-19,09g30,CS1,C5-401,42,42,SP1031(42),1.0
2025-12-19,09g30,CS1,C5-403,42,42,SP1031(42),1.0
2025-12-19,09g30,CS1,C5-502,42,42,SP1031(42),1.0
2025-12-19,09g30,CS1,C6-401,42,42,"TR3137(38), SP1031(4)",1.0
2025-12-19,09g30,CS1,C6-402,42,42,SP1031(42),1.0
2025-12-19,09g30,CS1,C6-403,42,42,SP1031(42),1.0
2025-12-19,09g30,CS1,C5-503,42,15,SP1031(15),0.35714285714285715
2025-12-19,09g30,CS2,H6-GD,250,250,SP1031(250),1.0
2025-12-19,09g30,CS2,H2-201,82,82,SP1031(82),1.0
2025-12-19,09g30,CS2,H2-206,82,82,SP1031(82),1.0
2025-12-19,09g30,CS2,H2-301,82,82,SP1031(82),1.0
2025-12-19,09g30,CS2,H2-306,82,82,SP1031(82),1.0
2025-12-19,09g30,CS2,H2-401,82,82,SP1031(82),1.0
2025-12-19,09g30,CS2,H2-406,82,82,SP1031(82),1.0
2025-12-19,09g30,CS2,H6-811,79,79,SP1031(79),1.0
2025-12-19,09g30,CS2,H6-308,76,76,SP1031(76),1.0
2025-12-19,09g30,CS2,H3-201,75,75,SP1031(75),1.0
2025-12-19,09g30,CS2,H3-301,75,75,SP1031(75),1.0
2025-12-19,09g30,CS2,H3-306,75,75,SP1031(75),1.0
2025-12-19,09g30,CS2,H3-401,75,75,SP1031(75),1.0
2025-12-19,09g30,CS2,H3-406,75,75,SP1031(75),1.0
2025-12-19,09g30,CS2,H3-501,75,75,SP1031(75),1.0
2025-12-19,09g30,CS2,H3-506,75,75,SP1031(75),1.0
2025-12-19,09g30,CS2,H1-101,73,73,SP1031(73),1.0
2025-12-19,09g30,CS2,H1-104,73,73,SP1031(73),1.0
2025-12-19,09g30,CS2,H1-307,71,71,SP1031(71),1.0
2025-12-19,09g30,CS2,H2-207,71,71,SP1031(71),1.0
2025-12-19,09g30,CS2,H6-311,71,71,SP1031(71),1.0
2025-12-19,09g30,CS2,H6-305,68,68,"TR3137(49), EE3099(19)",1.0
2025-12-19,09g30,CS2,H6-113,68,50,"EE3099(29), SP1031(21)",0.7352941176470589
2025-12-19,13g00,CS1,B5-GD,130,130,CH2051(130),1.0
2025-12-19,13g00,CS1,B4-505,63,63,ME2009(63),1.0
2025-12-19,13g00,CS1,B4-406,57,57,EE2021(57),1.0
2025-12-19,13g00,CS1,C6-102,50,50,IM2017(50),1.0
2025-12-19,13g00,CS1,C6-103,50,50,ME2009(50),1.0
2025-12-19,13g00,CS1,B1-208,44,44,EE2021(44),1.0
2025-12-19,13g00,CS1,B1-306,44,44,ME2009(44),1.0
2025-12-19,13g00,CS1,B4-305,42,42,"CI2133(32), TR3145(10)",1.0
2025-12-19,13g00,CS1,B4-501,42,42,CO3053(42),1.0
2025-12-19,13g00,CS1,B4-502,42,42,IM2017(42),1.0
2025-12-19,13g00,CS1,B6-306,42,42,CH2051(42),1.0
2025-12-19,13g00,CS1,C4-301,42,42,"ME2009(24), IM2017(18)",1.0
2025-12-19,13g00,CS1,C4-304,42,42,"TR3145(21), CI1033(18), CO3053(3)",1.0
2025-12-19,13g00,CS1,C4-502,42,42,EE2021(42),1.0
2025-12-19,13g00,CS1,C4-402,42,34,"CO3053(13), CH2051(10), EE2021(8), IM2017(3)",0.8095238095238095
2025-12-19,13g00,CS2,H6-GD,250,250,EE2021(250),1.0
2025-12-19,13g00,CS2,H2-201,82,82,ME2009(82),1.0
2025-12-19,13g00,CS2,H2-206,82,82,CI2133(82),1.0
2025-12-19,13g00,CS2,H2-301,82,82,CO3053(82),1.0
2025-12-19,13g00,CS2,H2-306,82,82,CH2051(82),1.0
2025-12-19,13g00,CS2,H2-401,82,82,ME2009(82),1.0
2025-12-19,13g00,CS2,H2-406,82,82,CI2133(82),1.0
2025-12-19,13g00,CS2,H6-811,79,79,ME2009(79),1.0
2025-12-19,13g00,CS2,H6-308,76,76,TR3145(76),1.0
2025-12-19,13g00,CS2,H3-201,75,75,TR3145(75),1.0
2025-12-19,13g00,CS2,H3-301,75,75,ME2009(75),1.0
2025-12-19,13g00,CS2,H3-306,75,75,CI2133(75),1.0
2025-12-19,13g00,CS2,H3-401,75,75,CO3053(75),1.0
2025-12-19,13g00,CS2,H3-406,75,75,CH2051(75),1.0
2025-12-19,13g00,CS2,H3-501,75,75,IM2017(75),1.0
2025-12-19,13g00,CS2,H3-506,75,75,EE2021(75),1.0
2025-12-19,13g00,CS2,H1-101,73,73,EE2021(73),1.0
2025-12-19,13g00,CS2,H1-104,73,73,IM2017(73),1.0
2025-12-19,13g00,CS2,H1-307,71,71,CI1033(71),1.0
2025-12-19,13g00,CS2,H2-207,71,71,"CH2051(70), CO3053(1)",1.0
2025-12-19,13g00,CS2,H6-311,71,71,"CO3053(58), EE3041(13)",1.0
2025-12-19,13g00,CS2,H6-113,68,68,"ME2009(41), TR3145(27)",1.0
2025-12-19,13g00,CS2,H6-305,68,68,"CI2133(46), EE3041(22)",1.0
2025-12-19,13g00,CS2,H1-204,68,67,"EE3041(23), EE2021(19), CI1033(10), IM2017(10), TR3145(5)",0.9852941176470589
2025-12-19,15g30,CS1,B5-GD,130,62,CO3015(62),0.47692307692307695
2025-12-19,15g30,CS2,H6-GD,250,157,CO3015(157),0.628
2025-12-20,07g00,CS2,H6-GD,250,66,"LA1057(38), LA1041(28)",0.264
2025-12-20,09g30,CS1,B5-GD,130,19,LA1043(19),0.14615384615384616
2025-12-20,09g30,CS2,H6-GD,250,50,LA1043(50),0.2
2025-12-22,07g00,CS1,B5-GD,130,130,PH1003(130),1.0
2025-12-22,07g00,CS1,B4-505,63,63,PH1003(63),1.0
2025-12-22,07g00,CS1,B4-406,57,57,PH1003(57),1.0
2025-12-22,07g00,CS1,C6-102,50,50,PH1003(50),1.0
2025-12-22,07g00,CS1,C6-103,50,50,PH1003(50),1.0
2025-12-22,07g00,CS1,B1-208,44,44,PH1003(44),1.0
2025-12-22,07g00,CS1,B1-306,44,44,PH1003(44),1.0
2025-12-22,07g00,CS1,B1-311,42,42,PH1003(42),1.0
2025-12-22,07g00,CS1,B4-305,42,42,PH1003(42),1.0
2025-12-22,07g00,CS1,B4-306,42,42,PH1003(42),1.0
2025-12-22,07g00,CS1,B4-501,42,42,PH1003(42),1.0
2025-12-22,07g00,CS1,B4-502,42,42,PH1003(42),1.0
2025-12-22,07g00,CS1,B6-306,42,42,PH1003(42),1.0
2025-12-22,07g00,CS1,C4-301,42,42,PH1003(42),1.0
2025-12-22,07g00,CS1,C4-304,42,42,PH1003(42),1.0
2025-12-22,07g00,CS1,C4-402,42,42,PH1003(42),1.0
2025-12-22,07g00,CS1,C4-403,42,42,PH1003(42),1.0
2025-12-22,07g00,CS1,C4-502,42,42,PH1003(42),1.0
2025-12-22,07g00,CS1,C5-303,42,42,PH1003(42),1.0
2025-12-22,07g00,CS1,C5-401,42,42,PH1003(42),1.0
2025-12-22,07g00,CS1,C5-403,42,42,PH1003(42),1.0
2025-12-22,07g00,CS1,C5-502,42,42,PH1003(42),1.0
2025-12-22,07g00,CS1,C5-503,42,42,PH1003(42),1.0
2025-12-22,07g00,CS1,C6-401,42,42,PH1003(42),1.0
2025-12-22,07g00,CS1,C6-402,42,42,PH1003(42),1.0
2025-12-22,07g00,CS1,C6-403,42,42,PH1003(42),1.0
2025-12-22,07g00,CS1,B1-212,38,38,PH1003(38),1.0
2025-12-22,07g00,CS1,B1-213,38,38,PH1011(38),1.0
2025-12-22,07g00,CS1,B1-305,38,38,PH1003(38),1.0
2025-12-22,07g00,CS1,B1-308,38,38,PH1003(38),1.0
2025-12-22,07g00,CS1,B10-203,37,37,PH1003(37),1.0
2025-12-22,07g00,CS1,B8-301,35,35,PH1011(35),1.0
2025-12-22,07g00,CS1,B8-303,33,33,PH1003(33),1.0
2025-12-22,07g00,CS1,B8-304,33,33,PH1011(33),1.0
2025-12-22,07g00,CS1,B4-405,32,32,"IM3021(30), PH1011(2)",1.0
2025-12-22,07g00,CS1,B4-504,32,32,CI2139(32),1.0
2025-12-22,07g00,CS1,B6-302,32,32,PH1003(32),1.0
2025-12-22,07g00,CS1,B6-303,32,32,PH1003(32),1.0
2025-12-22,07g00,CS1,B6-304,32,32,PH1011(32),1.0
2025-12-22,07g00,CS1,B6-305,32,32,PH1003(32),1.0
2025-12-22,07g00,CS1,B9-201,32,32,PH1011(32),1.0
2025-12-22,07g00,CS1,B4-403,32,23,"PH1011(13), PH1003(6), CI2139(4)",0.71875
2025-12-22,07g00,CS2,H6-GD,250,250,PH1003(250),1.0
2025-12-22,07g00,CS2,H2-201,82,82,PH1003(82),1.0
2025-12-22,07g00,CS2,H2-206,82,82,PH1003(82),1.0
2025-12-22,07g00,CS2,H2-301,82,82,PH1003(82),1.0
2025-12-22,07g00,CS2,H2-306,82,82,PH1003(82),1.0
2025-12-22,07g00,CS2,H2-401,82,82,PH1003(82),1.0
2025-12-22,07g00,CS2,H2-406,82,82,PH1003(82),1.0
2025-12-22,07g00,CS2,H6-811,79,79,PH1003(79),1.0
2025-12-22,07g00,CS2,H6-308,76,76,PH1003(76),1.0
2025-12-22,07g00,CS2,H3-201,75,75,PH1003(75),1.0
2025-12-22,07g00,CS2,H3-301,75,75,PH1003(75),1.0
2025-12-22,07g00,CS2,H3-306,75,75,PH1003(75),1.0
2025-12-22,07g00,CS2,H3-401,75,75,PH1003(75),1.0
2025-12-22,07g00,CS2,H3-406,75,75,PH1003(75),1.0
2025-12-22,07g00,CS2,H3-501,75,75,PH1003(75),1.0
2025-12-22,07g00,CS2,H3-506,75,75,PH1003(75),1.0
2025-12-22,07g00,CS2,H1-101,73,73,PH1003(73),1.0
2025-12-22,07g00,CS2,H1-104,73,73,PH1003(73),1.0
2025-12-22,07g00,CS2,H1-307,71,71,PH1003(71),1.0
2025-12-22,07g00,CS2,H2-207,71,71,PH1003(71),1.0
2025-12-22,07g00,CS2,H6-311,71,71,PH1003(71),1.0
2025-12-22,07g00,CS2,H1-204,68,68,CI2139(68),1.0
2025-12-22,07g00,CS2,H6-113,68,68,PH1003(68),1.0
2025-12-22,07g00,CS2,H6-305,68,68,CI2139(68),1.0
2025-12-22,07g00,CS2,H1-401,66,66,PH1003(66),1.0
2025-12-22,07g00,CS2,H1-404,66,66,IM3021(66),1.0
2025-12-22,07g00,CS2,H6-211,66,66,CI2139(66),1.0
2025-12-22,07g00,CS2,H6-412,65,65,IM3021(65),1.0
2025-12-22,07g00,CS2,H1-405,63,63,"PH1003(58), CI2139(5)",1.0
2025-12-22,07g00,CS2,H6-810,63,63,"CI2139(52), IM3021(11)",1.0
2025-12-22,07g00,CS2,H6-802,63,3,IM3021(3),0.047619047619047616
2025-12-22,09g30,CS1,B5-GD,130,130,PH1003(130),1.0
2025-12-22,09g30,CS1,B4-505,63,63,IM1003(63),1.0
2025-12-22,09g30,CS1,B4-406,57,57,IM1003(57),1.0
2025-12-22,09g30,CS1,C6-103,50,50,"PH1003(48), IM1003(2)",1.0
2025-12-22,09g30,CS1,C6-102,50,28,IM1003(28),0.56
2025-12-22,09g30,CS2,H6-GD,250,250,PH1003(250),1.0
2025-12-22,09g30,CS2,H2-201,82,82,PH1003(82),1.0
2025-12-22,09g30,CS2,H2-206,82,82,PH1003(82),1.0
2025-12-22,09g30,CS2,H2-301,82,82,PH1003(82),1.0
2025-12-22,09g30,CS2,H2-306,82,82,PH1003(82),1.0
2025-12-22,09g30,CS2,H2-401,82,82,PH1003(82),1.0
2025-12-22,09g30,CS2,H2-406,82,82,PH1003(82),1.0
2025-12-22,09g30,CS2,H6-811,79,79,PH1003(79),1.0
2025-12-22,09g30,CS2,H6-308,76,76,PH1003(76),1.0
2025-12-22,09g30,CS2,H3-201,75,75,PH1003(75),1.0
2025-12-22,09g30,CS2,H3-301,75,75,PH1003(75),1.0
2025-12-22,09g30,CS2,H3-306,75,75,PH1003(75),1.0
2025-12-22,09g30,CS2,H3-401,75,75,PH1003(75),1.0
2025-12-22,09g30,CS2,H3-406,75,75,PH1003(75),1.0
2025-12-22,09g30,CS2,H3-501,75,75,PH1003(75),1.0
2025-12-22,09g30,CS2,H3-506,75,75,PH1003(75),1.0
2025-12-22,09g30,CS2,H1-101,73,73,PH1003(73),1.0
2025-12-22,09g30,CS2,H1-104,73,73,PH1003(73),1.0
2025-12-22,09g30,CS2,H1-307,71,71,PH1003(71),1.0
2025-12-22,09g30,CS2,H2-207,71,71,PH1003(71),1.0
2025-12-22,09g30,CS2,H6-311,71,71,IM1003(71),1.0
2025-12-22,09g30,CS2,H6-113,68,68,IM1003(68),1.0
2025-12-22,09g30,CS2,H6-305,68,68,PH1003(68),1.0
2025-12-22,09g30,CS2,H1-204,68,64,"CI1003(47), PH1003(15), IM1003(2)",0.9411764705882353
2025-12-22,13g00,CS1,B5-GD,130,130,AS2071(130),1.0
2025-12-22,13g00,CS1,B4-505,63,63,CH4051(63),1.0
2025-12-22,13g00,CS1,B4-406,57,57,CH4051(57),1.0
2025-12-22,13g00,CS1,C6-102,50,50,ME3015(50),1.0
2025-12-22,13g00,CS1,C6-103,50,50,EE3413(50),1.0
2025-12-22,13g00,CS1,B1-208,44,44,"CO3045(40), ME4631(4)",1.0
2025-12-22,13g00,CS1,B1-306,44,44,"AS2071(35), ME4631(9)",1.0
2025-12-22,13g00,CS1,B4-501,42,42,"EE3413(25), TR3003(17)",1.0
2025-12-22,13g00,CS1,B4-502,42,42,"EE4441(34), ME4631(8)",1.0
2025-12-22,13g00,CS1,B6-306,42,42,"CH4051(22), ME4631(18), CH3021(2)",1.0
2025-12-22,13g00,CS1,C4-502,42,42,"MA3111(15), MA4169(15), CH3021(12)",1.0
2025-12-22,13g00,CS1,B4-305,42,17,"ME3015(9), TR3003(7), CH3021(1)",0.40476190476190477
2025-12-22,13g00,CS2,H6-GD,250,250,"CH4051(246), EE3071(4)",1.0
2025-12-22,13g00,CS2,H2-201,82,82,EE3071(82),1.0
2025-12-22,13g00,CS2,H2-206,82,82,"ME3299(72), MA4091(10)",1.0
2025-12-22,13g00,CS2,H2-301,82,82,"EE3203(78), ME3299(4)",1.0
2025-12-22,13g00,CS2,H2-306,82,82,"CO3045(80), EE3203(2)",1.0
2025-12-22,13g00,CS2,H2-401,82,82,CH3021(82),1.0
2025-12-22,13g00,CS2,H2-406,82,82,AS2071(82),1.0
2025-12-22,13g00,CS2,H6-811,79,79,"IM3029(58), CI1069(21)",1.0
2025-12-22,13g00,CS2,H6-308,76,76,"ME3015(52), MA4091(24)",1.0
2025-12-22,13g00,CS2,H3-401,75,75,"MA4091(25), AS2071(24), IM2031(24), ME3215(2)",1.0
2025-12-22,13g00,CS2,H3-406,75,75,"TR3061(29), IU4025(27), MA2013(19)",1.0
2025-12-22,13g00,CS2,H3-501,75,75,"GE3219(34), EE3071(30), ME3215(11)",1.0
2025-12-22,13g00,CS2,H3-506,75,75,"EE3027(37), CI1069(34), EE3071(4)",1.0
2025-12-22,13g00,CS2,H3-306,75,48,"ME3215(16), CI3301(15), ME3031(8), MA2013(7), CH3021(2)",0.64
2025-12-22,15g30,CS1,B5-GD,130,93,LA1007(93),0.7153846153846154
2025-12-22,15g30,CS2,H6-GD,250,250,LA1007(250),1.0
2025-12-22,15g30,CS2,H2-201,82,82,LA1007(82),1.0
2025-12-22,15g30,CS2,H2-206,82,82,LA1007(82),1.0
2025-12-22,15g30,CS2,H2-301,82,82,LA1007(82),1.0
2025-12-22,15g30,CS2,H2-306,82,82,LA1007(82),1.0
2025-12-22,15g30,CS2,H2-401,82,82,LA1007(82),1.0
2025-12-22,15g30,CS2,H2-406,82,82,LA1007(82),1.0
2025-12-22,15g30,CS2,H6-811,79,79,LA1007(79),1.0
2025-12-22,15g30,CS2,H6-308,76,76,LA1007(76),1.0
2025-12-22,15g30,CS2,H3-506,75,16,LA1007(16),0.21333333333333335
2025-12-22,18g15,CS1,B5-GD,130,130,"CH5703(57), CO5087(41), EE5191(32)",1.0
2025-12-22,18g15,CS1,B4-505,63,63,"CI5403(30), IM5127(28), ME5269(5)",1.0
2025-12-22,18g15,CS1,B4-406,57,57,"CI5251(21), ME5269(19), CH5407(14), CO5161(3)",1.0
2025-12-22,18g15,CS1,C6-103,50,23,"TR5063(9), MA5097(8), CO5161(6)",0.46
2025-12-23,07g00,CS1,B5-GD,130,130,MT1003(130),1.0
2025-12-23,07g00,CS1,B4-505,63,63,MT1003(63),1.0
2025-12-23,07g00,CS1,B4-406,57,57,MT1003(57),1.0
2025-12-23,07g00,CS1,C6-102,50,50,MT1003(50),1.0
2025-12-23,07g00,CS1,C6-103,50,50,MT1003(50),1.0
2025-12-23,07g00,CS1,B1-208,44,44,MT1003(44),1.0
2025-12-23,07g00,CS1,B1-306,44,44,MT1003(44),1.0
2025-12-23,07g00,CS1,B1-311,42,42,MT1003(42),1.0
2025-12-23,07g00,CS1,B4-305,42,42,MT1003(42),1.0
2025-12-23,07g00,CS1,B4-306,42,42,MT1003(42),1.0
2025-12-23,07g00,CS1,B4-501,42,42,MT1003(42),1.0
2025-12-23,07g00,CS1,B4-502,42,42,MT1003(42),1.0
2025-12-23,07g00,CS1,B6-306,42,42,MT1003(42),1.0
2025-12-23,07g00,CS1,C4-301,42,42,MT1003(42),1.0
2025-12-23,07g00,CS1,C4-304,42,42,MT1003(42),1.0
2025-12-23,07g00,CS1,C4-402,42,42,MT1003(42),1.0
2025-12-23,07g00,CS1,C4-403,42,42,MT1003(42),1.0
2025-12-23,07g00,CS1,C4-502,42,42,MT1003(42),1.0
2025-12-23,07g00,CS1,C5-303,42,42,MT1003(42),1.0
2025-12-23,07g00,CS1,C5-401,42,42,MT1003(42),1.0
2025-12-23,07g00,CS1,C5-403,42,42,MT1003(42),1.0
2025-12-23,07g00,CS1,C5-502,42,42,MT1003(42),1.0
2025-12-23,07g00,CS1,C5-503,42,42,MT1003(42),1.0
2025-12-23,07g00,CS1,C6-401,42,42,MT1003(42),1.0
2025-12-23,07g00,CS1,C6-402,42,42,MT1003(42),1.0
2025-12-23,07g00,CS1,C6-403,42,42,MT1003(42),1.0
2025-12-23,07g00,CS1,B1-212,38,38,MT1003(38),1.0
2025-12-23,07g00,CS1,B1-213,38,38,MT1003(38),1.0
2025-12-23,07g00,CS1,B1-305,38,38,MT1003(38),1.0
2025-12-23,07g00,CS1,B1-308,38,38,MT1003(38),1.0
2025-12-23,07g00,CS1,B10-203,37,37,MT1019(37),1.0
2025-12-23,07g00,CS1,B8-301,35,35,MT1003(35),1.0
2025-12-23,07g00,CS1,B8-303,33,33,MT1019(33),1.0
2025-12-23,07g00,CS1,B8-304,33,33,MT1003(33),1.0
2025-12-23,07g00,CS1,B4-405,32,32,"IM3109(21), MT1019(11)",1.0
2025-12-23,07g00,CS1,B4-504,32,32,MT1003(32),1.0
2025-12-23,07g00,CS1,B6-302,32,32,MT1019(32),1.0
2025-12-23,07g00,CS1,B6-303,32,32,MT1019(32),1.0
2025-12-23,07g00,CS1,B6-304,32,32,MT1003(32),1.0
2025-12-23,07g00,CS1,B6-305,32,32,MT1019(32),1.0
2025-12-23,07g00,CS1,B9-201,32,32,MT1003(32),1.0
2025-12-23,07g00,CS1,B4-403,32,13,"MT1003(7), MT1019(6)",0.40625
2025-12-23,07g00,CS2,H6-GD,250,250,MT1003(250),1.0
2025-12-23,07g00,CS2,H2-201,82,82,MT1003(82),1.0
2025-12-23,07g00,CS2,H2-206,82,82,MT1003(82),1.0
2025-12-23,07g00,CS2,H2-301,82,82,MT1003(82),1.0
2025-12-23,07g00,CS2,H2-306,82,82,MT1003(82),1.0
2025-12-23,07g00,CS2,H2-401,82,82,MT1003(82),1.0
2025-12-23,07g00,CS2,H2-406,82,82,MT1003(82),1.0
2025-12-23,07g00,CS2,H6-811,79,79,MT1003(79),1.0
2025-12-23,07g00,CS2,H6-308,76,76,MT1003(76),1.0
2025-12-23,07g00,CS2,H3-201,75,75,MT1003(75),1.0
2025-12-23,07g00,CS2,H3-301,75,75,MT1003(75),1.0
2025-12-23,07g00,CS2,H3-306,75,75,MT1003(75),1.0
2025-12-23,07g00,CS2,H3-401,75,75,MT1003(75),1.0
2025-12-23,07g00,CS2,H3-406,75,75,MT1003(75),1.0
2025-12-23,07g00,CS2,H3-501,75,75,MT1003(75),1.0
2025-12-23,07g00,CS2,H3-506,75,75,MT1003(75),1.0
2025-12-23,07g00,CS2,H1-101,73,73,MT1003(73),1.0
2025-12-23,07g00,CS2,H1-104,73,73,MT1003(73),1.0
2025-12-23,07g00,CS2,H1-307,71,71,MT1003(71),1.0
2025-12-23,07g00,CS2,H2-207,71,71,MT1003(71),1.0
2025-12-23,07g00,CS2,H6-311,71,71,EE3025(71),1.0
2025-12-23,07g00,CS2,H1-204,68,68,MT1003(68),1.0
2025-12-23,07g00,CS2,H6-113,68,68,EE3025(68),1.0
2025-12-23,07g00,CS2,H6-305,68,68,MT1003(68),1.0
2025-12-23,07g00,CS2,H1-401,66,66,"CH2019(61), MT1003(5)",1.0
2025-12-23,07g00,CS2,H1-404,66,66,EE3025(66),1.0
2025-12-23,07g00,CS2,H6-211,66,66,"MT1003(49), EE3025(17)",1.0
2025-12-23,07g00,CS2,H6-412,65,57,"EE3025(31), IM3109(26)",0.8769230769230769
2025-12-23,09g30,CS1,B5-GD,130,130,MT1015(130),1.0
2025-12-23,09g30,CS1,B4-505,63,63,MT1003(63),1.0
2025-12-23,09g30,CS1,B4-406,57,57,MT1017(57),1.0
2025-12-23,09g30,CS1,C6-102,50,50,MT1017(50),1.0
2025-12-23,09g30,CS1,C6-103,50,50,MT1003(50),1.0
2025-12-23,09g30,CS1,B1-208,44,44,ME4645(44),1.0
2025-12-23,09g30,CS1,B1-306,44,44,MT1003(44),1.0
2025-12-23,09g30,CS1,B4-501,42,42,MT1017(42),1.0
2025-12-23,09g30,CS1,B4-502,42,42,MT1015(42),1.0
2025-12-23,09g30,CS1,B6-306,42,42,"TR3055(32), ME4645(10)",1.0
2025-12-23,09g30,CS1,C4-502,42,41,"CO3071(15), MT1003(12), ME4645(6), MT1015(5), MT1017(3)",0.9761904761904762
2025-12-23,09g30,CS2,H6-GD,250,250,MT1003(250),1.0
2025-12-23,09g30,CS2,H2-201,82,82,MT1003(82),1.0
2025-12-23,09g30,CS2,H2-206,82,82,MT1003(82),1.0
2025-12-23,09g30,CS2,H2-301,82,82,MT1003(82),1.0
2025-12-23,09g30,CS2,H2-306,82,82,MT1003(82),1.0
2025-12-23,09g30,CS2,H2-401,82,82,MT1003(82),1.0
2025-12-23,09g30,CS2,H2-406,82,82,MT1003(82),1.0
2025-12-23,09g30,CS2,H6-811,79,79,MT1003(79),1.0
2025-12-23,09g30,CS2,H6-308,76,76,MT1003(76),1.0
2025-12-23,09g30,CS2,H3-201,75,75,MT1003(75),1.0
2025-12-23,09g30,CS2,H3-301,75,75,MT1003(75),1.0
2025-12-23,09g30,CS2,H3-306,75,75,MT1003(75),1.0
2025-12-23,09g30,CS2,H3-401,75,75,MT1003(75),1.0
2025-12-23,09g30,CS2,H3-406,75,75,MT1003(75),1.0
2025-12-23,09g30,CS2,H3-501,75,75,MT1003(75),1.0
2025-12-23,09g30,CS2,H3-506,75,75,MT1003(75),1.0
2025-12-23,09g30,CS2,H1-101,73,73,MT1003(73),1.0
2025-12-23,09g30,CS2,H1-104,73,73,MT1003(73),1.0
2025-12-23,09g30,CS2,H1-307,71,71,MT1003(71),1.0
2025-12-23,09g30,CS2,H2-207,71,71,MT1003(71),1.0
2025-12-23,09g30,CS2,H6-311,71,71,MT1003(71),1.0
2025-12-23,09g30,CS2,H1-204,68,68,ME4645(68),1.0
2025-12-23,09g30,CS2,H6-113,68,68,MT1003(68),1.0
2025-12-23,09g30,CS2,H6-305,68,68,MT1017(68),1.0
2025-12-23,09g30,CS2,H1-401,66,66,CO3071(66),1.0
2025-12-23,09g30,CS2,H1-404,66,66,MT1017(66),1.0
2025-12-23,09g30,CS2,H6-211,66,66,MT1003(66),1.0
2025-12-23,09g30,CS2,H6-412,65,49,"ME4645(17), MT1017(12), CO3071(11), MT1003(9)",0.7538461538461538
2025-12-23,13g00,CS1,B5-GD,130,130,"CO3143(64), ME4201(51), EE3403(15)",1.0
2025-12-23,13g00,CS1,B4-505,63,63,"LA1009(48), TR3135(15)",1.0
2025-12-23,13g00,CS1,B4-406,57,57,"CH4085(37), EE3403(20)",1.0
2025-12-23,13g00,CS1,C6-102,50,50,"TR3135(27), AS3105(17), EE4053(6)",1.0
2025-12-23,13g00,CS1,C6-103,50,50,"CH3049(31), CI1003(19)",1.0
2025-12-23,13g00,CS1,B1-208,44,34,"EE3403(14), EE4053(11), CI1003(9)",0.7727272727272727
2025-12-23,13g00,CS2,H6-GD,250,250,LA1009(250),1.0
2025-12-23,13g00,CS2,H2-201,82,82,LA1009(82),1.0
2025-12-23,13g00,CS2,H2-206,82,82,LA1009(82),1.0
2025-12-23,13g00,CS2,H2-301,82,82,CH4085(82),1.0
2025-12-23,13g00,CS2,H2-306,82,82,LA1009(82),1.0
2025-12-23,13g00,CS2,H2-401,82,82,LA1009(82),1.0
2025-12-23,13g00,CS2,H2-406,82,82,LA1009(82),1.0
2025-12-23,13g00,CS2,H6-811,79,79,"EE3077(56), AS3105(23)",1.0
2025-12-23,13g00,CS2,H6-308,76,76,"CI4165(54), ME4201(22)",1.0
2025-12-23,13g00,CS2,H3-406,75,75,"ME3207(23), ME4201(23), CH3049(21), LA1009(8)",1.0
2025-12-23,13g00,CS2,H3-501,75,75,"CH4085(32), AS3015(28), EE3133(15)",1.0
2025-12-23,13g00,CS2,H3-506,75,75,"TR3135(43), AS3105(32)",1.0
2025-12-23,13g00,CS2,H3-401,75,60,"CH3403(20), IM1015(16), LA1009(13), EE3133(11)",0.8
2025-12-23,15g30,CS1,B5-GD,130,75,ME2151(75),0.5769230769230769
2025-12-23,15g30,CS2,H6-GD,250,136,EE2017(136),0.544
2025-12-23,18g15,CS1,B5-GD,130,130,GK5025(130),1.0
2025-12-23,18g15,CS1,B4-505,63,63,"CH5603(46), CI5407(17)",1.0
2025-12-23,18g15,CS1,B4-406,57,57,"IM5067(27), EE5193(25), CI5137(5)",1.0
2025-12-23,18g15,CS1,C6-103,50,37,"CI5407(14), CI5137(9), TR5067(8), TR5089(6)",0.74
2025-12-24,07g00,CS1,B5-GD,130,130,CO1005(130),1.0
2025-12-24,07g00,CS1,B4-505,63,63,CH2113(63),1.0
2025-12-24,07g00,CS1,B4-406,57,57,CO1005(57),1.0
2025-12-24,07g00,CS1,C6-102,50,50,EE1009(50),1.0
2025-12-24,07g00,CS1,C6-103,50,50,EE1009(50),1.0
2025-12-24,07g00,CS1,B1-208,44,44,CH2113(44),1.0
2025-12-24,07g00,CS1,B1-306,44,44,CO1005(44),1.0
2025-12-24,07g00,CS1,B1-311,42,42,IM2019(42),1.0
2025-12-24,07g00,CS1,B4-305,42,42,EE1009(42),1.0
2025-12-24,07g00,CS1,B4-306,42,42,CO1005(42),1.0
2025-12-24,07g00,CS1,B4-501,42,42,EE1009(42),1.0
2025-12-24,07g00,CS1,B4-502,42,42,CH2113(42),1.0
2025-12-24,07g00,CS1,B6-306,42,42,CO1005(42),1.0
2025-12-24,07g00,CS1,C4-301,42,42,CO1005(42),1.0
2025-12-24,07g00,CS1,C4-304,42,42,ME2179(42),1.0
2025-12-24,07g00,CS1,C4-402,42,42,CH2113(42),1.0
2025-12-24,07g00,CS1,C4-403,42,42,EE1009(42),1.0
2025-12-24,07g00,CS1,C4-502,42,42,CH2113(42),1.0
2025-12-24,07g00,CS1,C5-303,42,42,ME2179(42),1.0
2025-12-24,07g00,CS1,C5-401,42,42,CH2113(42),1.0
2025-12-24,07g00,CS1,C5-403,42,42,EE1009(42),1.0
2025-12-24,07g00,CS1,C5-502,42,42,CO1005(42),1.0
2025-12-24,07g00,CS1,C5-503,42,42,CI2135(42),1.0
2025-12-24,07g00,CS1,C6-401,42,42,CO3049(42),1.0
2025-12-24,07g00,CS1,C6-402,42,42,ME2179(42),1.0
2025-12-24,07g00,CS1,C6-403,42,42,IM2019(42),1.0
2025-12-24,07g00,CS1,B1-212,38,38,CH2113(38),1.0
2025-12-24,07g00,CS1,B1-213,38,38,ME3281(38),1.0
2025-12-24,07g00,CS1,B1-305,38,38,EE1009(38),1.0
2025-12-24,07g00,CS1,B1-308,38,38,CO1005(38),1.0
2025-12-24,07g00,CS1,B10-203,37,37,EE2409(37),1.0
2025-12-24,07g00,CS1,B8-301,35,35,"IM2019(26), ME2179(9)",1.0
2025-12-24,07g00,CS1,B8-303,33,33,"ME2179(10), CH2113(8), CO3049(8), CI2135(7)",1.0
2025-12-24,07g00,CS1,B8-304,33,19,"EE1009(7), CO1005(6), ME3281(4), EE2409(2)",0.5757575757575758
2025-12-24,07g00,CS2,H6-GD,250,250,EE1009(250),1.0
2025-12-24,07g00,CS2,H2-201,82,82,EE1009(82),1.0
2025-12-24,07g00,CS2,H2-206,82,82,CH2113(82),1.0
2025-12-24,07g00,CS2,H2-301,82,82,EE1009(82),1.0
2025-12-24,07g00,CS2,H2-306,82,82,CO1005(82),1.0
2025-12-24,07g00,CS2,H2-401,82,82,EE1009(82),1.0
2025-12-24,07g00,CS2,H2-406,82,82,EE1009(82),1.0
2025-12-24,07g00,CS2,H6-811,79,79,CO1005(79),1.0
2025-12-24,07g00,CS2,H6-308,76,76,EE1009(76),1.0
2025-12-24,07g00,CS2,H3-201,75,75,CO1005(75),1.0
2025-12-24,07g00,CS2,H3-301,75,75,CH2113(75),1.0
2025-12-24,07g00,CS2,H3-306,75,75,ME3281(75),1.0
2025-12-24,07g00,CS2,H3-401,75,75,EE1009(75),1.0
2025-12-24,07g00,CS2,H3-406,75,75,CI2135(75),1.0
2025-12-24,07g00,CS2,H3-501,75,75,CO1005(75),1.0
2025-12-24,07g00,CS2,H3-506,75,75,CH2113(75),1.0
2025-12-24,07g00,CS2,H1-101,73,73,CI2135(73),1.0
2025-12-24,07g00,CS2,H1-104,73,73,EE1009(73),1.0
2025-12-24,07g00,CS2,H1-307,71,71,CO3049(71),1.0
2025-12-24,07g00,CS2,H2-207,71,71,ME3281(71),1.0
2025-12-24,07g00,CS2,H6-311,71,71,IM2019(71),1.0
2025-12-24,07g00,CS2,H1-204,68,68,CO1005(68),1.0
2025-12-24,07g00,CS2,H6-113,68,68,ME2103(68),1.0
2025-12-24,07g00,CS2,H6-305,68,68,CH2113(68),1.0
2025-12-24,07g00,CS2,H1-401,66,66,CI2135(66),1.0
2025-12-24,07g00,CS2,H1-404,66,66,ME2179(66),1.0
2025-12-24,07g00,CS2,H6-211,66,66,CO3049(66),1.0
2025-12-24,07g00,CS2,H6-412,65,65,EE1009(65),1.0
2025-12-24,07g00,CS2,H1-405,63,63,ME3281(63),1.0
2025-12-24,07g00,CS2,H3-606,63,63,"ME2015(26), ME2103(26), CI2135(11)",1.0
2025-12-24,07g00,CS2,H6-201,63,63,"CO3083(28), ME2179(28), CO1005(7)",1.0
2025-12-24,07g00,CS2,H6-405,63,63,"CH2113(59), ME2103(4)",1.0
2025-12-24,07g00,CS2,H6-802,63,63,IM3095(63),1.0
2025-12-24,07g00,CS2,H6-810,63,63,IM2019(63),1.0
2025-12-24,07g00,CS2,H6-205,62,62,"CO1005(20), CH3421(18), CI2135(14), CO3049(10)",1.0
2025-12-24,07g00,CS2,H2-205,62,41,"EE1009(13), ME3281(13), IM2019(10), CO3049(3), IM3095(2)",0.6612903225806451
2025-12-24,09g30,CS1,B5-GD,130,130,MT1011(130),1.0
2025-12-24,09g30,CS1,B4-505,63,63,TR1005(63),1.0
2025-12-24,09g30,CS1,B4-406,57,57,"MT1011(47), EE4455(10)",1.0
2025-12-24,09g30,CS1,C6-103,50,50,"CH3371(31), EE4455(19)",1.0
2025-12-24,09g30,CS1,C6-102,50,23,"EN3005(7), EE4455(6), TR1005(6), MA3163(4)",0.46
2025-12-24,09g30,CS2,H6-GD,250,250,"TR1005(69), CH3371(60), ME2159(51), ME3105(51), EN3005(19)",1.0
2025-12-24,09g30,CS2,H2-201,82,82,"GE2035(43), MA4081(32), EN3005(7)",1.0
2025-12-24,09g30,CS2,H2-406,82,82,"AS2001(23), IU4019(21), EN3069(20), MA3021(18)",1.0
2025-12-24,09g30,CS2,H2-401,82,34,"EN3005(17), CI3013(15), MA3021(2)",0.4146341463414634
2025-12-24,13g00,CS1,B5-GD,130,130,MT1007(130),1.0
2025-12-24,13g00,CS1,B4-505,63,63,MT1007(63),1.0
2025-12-24,13g00,CS1,B4-406,57,57,MT1007(57),1.0
2025-12-24,13g00,CS1,C6-102,50,50,MT1007(50),1.0
2025-12-24,13g00,CS1,C6-103,50,50,MT1007(50),1.0
2025-12-24,13g00,CS1,B1-208,44,44,MT1007(44),1.0
2025-12-24,13g00,CS1,B1-306,44,44,MT1007(44),1.0
2025-12-24,13g00,CS1,B1-311,42,42,ME4625(42),1.0
2025-12-24,13g00,CS1,B4-305,42,42,MT1007(42),1.0
2025-12-24,13g00,CS1,B4-306,42,42,MT1007(42),1.0
2025-12-24,13g00,CS1,B4-501,42,42,MT1007(42),1.0
2025-12-24,13g00,CS1,B4-502,42,42,MT1007(42),1.0
2025-12-24,13g00,CS1,B6-306,42,42,MT1007(42),1.0
2025-12-24,13g00,CS1,C4-301,42,42,MT1007(42),1.0
2025-12-24,13g00,CS1,C4-304,42,42,MT1007(42),1.0
2025-12-24,13g00,CS1,C4-402,42,42,MT1007(42),1.0
2025-12-24,13g00,CS1,C4-403,42,42,MT1007(42),1.0
2025-12-24,13g00,CS1,C4-502,42,42,MT1007(42),1.0
2025-12-24,13g00,CS1,C5-303,42,42,"EE3031(22), MT1007(19), ME4625(1)",1.0
2025-12-24,13g00,CS1,C5-401,42,16,ME4625(16),0.38095238095238093
2025-12-24,13g00,CS2,H6-GD,250,250,MT1007(250),1.0
2025-12-24,13g00,CS2,H2-201,82,82,MT1007(82),1.0
2025-12-24,13g00,CS2,H2-206,82,82,MT1007(82),1.0
2025-12-24,13g00,CS2,H2-301,82,82,MT1007(82),1.0
2025-12-24,13g00,CS2,H2-306,82,82,MT1007(82),1.0
2025-12-24,13g00,CS2,H2-401,82,82,MT1007(82),1.0
2025-12-24,13g00,CS2,H2-406,82,82,MT1007(82),1.0
2025-12-24,13g00,CS2,H6-811,79,79,MT1007(79),1.0
2025-12-24,13g00,CS2,H6-308,76,76,MT1007(76),1.0
2025-12-24,13g00,CS2,H3-201,75,75,MT1007(75),1.0
2025-12-24,13g00,CS2,H3-301,75,75,MT1007(75),1.0
2025-12-24,13g00,CS2,H3-306,75,75,MT1007(75),1.0
2025-12-24,13g00,CS2,H3-401,75,75,MT1007(75),1.0
2025-12-24,13g00,CS2,H3-406,75,75,MT1007(75),1.0
2025-12-24,13g00,CS2,H3-501,75,75,MT1007(75),1.0
2025-12-24,13g00,CS2,H3-506,75,75,MT1007(75),1.0
2025-12-24,13g00,CS2,H1-101,73,73,MT1007(73),1.0
2025-12-24,13g00,CS2,H1-104,73,73,MT1007(73),1.0
2025-12-24,13g00,CS2,H1-307,71,71,MT1007(71),1.0
2025-12-24,13g00,CS2,H2-207,71,71,MT1007(71),1.0
2025-12-24,13g00,CS2,H6-311,71,71,MT1007(71),1.0
2025-12-24,13g00,CS2,H1-204,68,68,MT1007(68),1.0
2025-12-24,13g00,CS2,H6-113,68,68,MT1007(68),1.0
2025-12-24,13g00,CS2,H6-305,68,68,MT1007(68),1.0
2025-12-24,13g00,CS2,H1-401,66,66,ME4625(66),1.0
2025-12-24,13g00,CS2,H1-404,66,66,MT1007(66),1.0
2025-12-24,13g00,CS2,H6-211,66,66,MT1007(66),1.0
2025-12-24,13g00,CS2,H6-412,65,65,ME4625(65),1.0
2025-12-24,13g00,CS2,H1-405,63,63,MT1007(63),1.0
2025-12-24,13g00,CS2,H6-405,63,63,"EE3107(43), ME4625(20)",1.0
2025-12-24,13g00,CS2,H6-802,63,63,"EE3131(53), ME4625(10)",1.0
2025-12-24,13g00,CS2,H6-810,63,63,"EE3031(59), EE3131(4)",1.0
2025-12-24,13g00,CS2,H6-201,63,26,"ME4625(19), MT1007(7)",0.4126984126984127
2025-12-24,15g30,CS1,B5-GD,130,130,CO2017(130),1.0
2025-12-24,15g30,CS1,B4-505,63,63,LA1049(63),1.0
2025-12-24,15g30,CS1,B4-406,57,57,"ME2013(52), LA1049(5)",1.0
2025-12-24,15g30,CS1,C6-103,50,50,"CO2017(32), LA1049(18)",1.0
2025-12-24,15g30,CS1,C6-102,50,12,LA1049(12),0.24
2025-12-24,15g30,CS2,H6-GD,250,226,"CO2017(157), ME2013(69)",0.904
2025-12-24,18g15,CS1,B5-GD,130,130,"CO5115(88), CO5177(42)",1.0
2025-12-24,18g15,CS1,B4-505,63,63,CH5311(63),1.0
2025-12-24,18g15,CS1,B4-406,57,57,"CO5135(53), EE5209(4)",1.0
2025-12-24,18g15,CS1,C6-102,50,50,"CO5177(29), ME5267(21)",1.0
2025-12-24,18g15,CS1,C6-103,50,50,"EE5209(44), CO5177(6)",1.0
2025-12-24,18g15,CS1,B1-208,44,44,"CI5139(19), IM5093(17), CH5373(8)",1.0
2025-12-24,18g15,CS1,B1-306,44,36,"IM5121(15), ME5029(11), CH5373(7), ME5267(3)",0.8181818181818182
2025-12-25,07g00,CS1,B5-GD,130,130,CO1023(130),1.0
2025-12-25,07g00,CS1,B4-505,63,63,CH2021(63),1.0
2025-12-25,07g00,CS1,B4-406,57,57,CH2021(57),1.0
2025-12-25,07g00,CS1,C6-102,50,50,CO1023(50),1.0
2025-12-25,07g00,CS1,C6-103,50,50,CO1023(50),1.0
2025-12-25,07g00,CS1,B1-208,44,44,CH2021(44),1.0
2025-12-25,07g00,CS1,B1-306,44,44,ME2091(44),1.0
2025-12-25,07g00,CS1,B1-311,42,42,ME2091(42),1.0
2025-12-25,07g00,CS1,B4-305,42,42,CO1023(42),1.0
2025-12-25,07g00,CS1,B4-306,42,42,IM1007(42),1.0
2025-12-25,07g00,CS1,B4-501,42,42,CO1023(42),1.0
2025-12-25,07g00,CS1,B4-502,42,42,CH2021(42),1.0
2025-12-25,07g00,CS1,B6-306,42,42,ME2091(42),1.0
2025-12-25,07g00,CS1,C4-301,42,42,IM1007(42),1.0
2025-12-25,07g00,CS1,C4-304,42,42,ME2091(42),1.0
2025-12-25,07g00,CS1,C4-402,42,42,CH2021(42),1.0
2025-12-25,07g00,CS1,C4-403,42,42,CO1023(42),1.0
2025-12-25,07g00,CS1,C4-502,42,42,CH2021(42),1.0
2025-12-25,07g00,CS1,C5-303,42,42,EE2011(42),1.0
2025-12-25,07g00,CS1,C5-401,42,42,CH2021(42),1.0
2025-12-25,07g00,CS1,C5-403,42,42,CO1023(42),1.0
2025-12-25,07g00,CS1,C5-502,42,42,IM1007(42),1.0
2025-12-25,07g00,CS1,C5-503,42,42,"CH2021(35), TR2005(7)",1.0
2025-12-25,07g00,CS1,C6-401,42,42,EE2011(42),1.0
2025-12-25,07g00,CS1,C6-402,42,42,EE4407(42),1.0
2025-12-25,07g00,CS1,C6-403,42,42,ME2091(42),1.0
2025-12-25,07g00,CS1,B1-212,38,38,"CO1023(32), EE2031(6)",1.0
2025-12-25,07g00,CS1,B1-213,38,38,"EE3065(20), TR3025(18)",1.0
2025-12-25,07g00,CS1,B1-305,38,38,"TR2005(27), EE2031(11)",1.0
2025-12-25,07g00,CS1,B1-308,38,38,"IM1007(23), ME2091(15)",1.0
2025-12-25,07g00,CS1,B10-203,37,37,"ME4073(17), EE2031(13), EN1001(7)",1.0
2025-12-25,07g00,CS1,B8-301,35,20,"ME2091(6), EE4407(5), EN1001(4), GE2049(4), TR3025(1)",0.5714285714285714
2025-12-25,07g00,CS2,H6-GD,250,250,ME2091(250),1.0
2025-12-25,07g00,CS2,H2-201,82,82,CH2021(82),1.0
2025-12-25,07g00,CS2,H2-206,82,82,CO1023(82),1.0
2025-12-25,07g00,CS2,H2-301,82,82,CH2021(82),1.0
2025-12-25,07g00,CS2,H2-306,82,82,CO1023(82),1.0
2025-12-25,07g00,CS2,H2-401,82,82,CH2021(82),1.0
2025-12-25,07g00,CS2,H2-406,82,82,CO1023(82),1.0
2025-12-25,07g00,CS2,H6-811,79,79,ME2091(79),1.0
2025-12-25,07g00,CS2,H6-308,76,76,EE2011(76),1.0
2025-12-25,07g00,CS2,H3-201,75,75,EE2011(75),1.0
2025-12-25,07g00,CS2,H3-301,75,75,EN1001(75),1.0
2025-12-25,07g00,CS2,H3-306,75,75,ME2091(75),1.0
2025-12-25,07g00,CS2,H3-401,75,75,IM1007(75),1.0
2025-12-25,07g00,CS2,H3-406,75,75,CO1023(75),1.0
2025-12-25,07g00,CS2,H3-501,75,75,EE3065(75),1.0
2025-12-25,07g00,CS2,H3-506,75,75,CH2021(75),1.0
2025-12-25,07g00,CS2,H1-101,73,73,CH2021(73),1.0
2025-12-25,07g00,CS2,H1-104,73,73,EE3065(73),1.0
2025-12-25,07g00,CS2,H1-307,71,71,"ME4063(68), CI4163(3)",1.0
2025-12-25,07g00,CS2,H2-207,71,71,"CO1023(65), IM1007(6)",1.0
2025-12-25,07g00,CS2,H6-311,71,71,"CI4163(62), ME4073(9)",1.0
2025-12-25,07g00,CS2,H1-204,68,68,"EN1001(47), CI4141(21)",1.0
2025-12-25,07g00,CS2,H6-113,68,68,"GE2049(51), ME2091(17)",1.0
2025-12-25,07g00,CS2,H6-305,68,68,"IM1007(58), ME4073(10)",1.0
2025-12-25,07g00,CS2,H1-401,66,66,"IU3059(35), ME2091(31)",1.0
2025-12-25,07g00,CS2,H1-404,66,66,"ME4073(43), EE2011(23)",1.0
2025-12-25,07g00,CS2,H6-211,66,66,"TR3025(32), EN3039(31), ME4605(3)",1.0
2025-12-25,07g00,CS2,H6-412,65,65,"CI4143(25), ME4605(25), CI4141(15)",1.0
2025-12-25,07g00,CS2,H1-405,63,63,"CH3425(20), CI2045(18), EE2011(16), CH2021(9)",1.0
2025-12-25,07g00,CS2,H6-810,63,30,"EE3065(15), CI4141(7), CH2021(6), ME2091(2)",0.47619047619047616
2025-12-25,09g30,CS1,B5-GD,130,130,"EE2003(101), MA1001(29)",1.0
2025-12-25,09g30,CS1,B4-505,63,49,MA1001(49),0.7777777777777778
2025-12-25,09g30,CS2,H6-GD,250,250,"EE2003(240), MA1001(10)",1.0
2025-12-25,09g30,CS2,H2-201,82,82,MA1001(82),1.0
2025-12-25,09g30,CS2,H2-406,82,82,MA1001(82),1.0
2025-12-25,09g30,CS2,H2-401,82,7,MA1001(7),0.08536585365853659
2025-12-25,13g00,CS1,B5-GD,130,130,"ME2051(76), ME2131(50), ME4025(4)",1.0
2025-12-25,13g00,CS1,B4-505,63,63,"CO3069(49), ME4025(14)",1.0
2025-12-25,13g00,CS1,B4-406,57,57,"CH3331(42), CH1005(15)",1.0
2025-12-25,13g00,CS1,C6-103,50,50,"ME4025(32), CH1005(18)",1.0
2025-12-25,13g00,CS1,C6-102,50,46,"MT1023(23), IM2033(17), CH1005(6)",0.92
2025-12-25,13g00,CS2,H6-GD,250,250,"ME1015(160), ME2051(90)",1.0
2025-12-25,13g00,CS2,H2-201,82,82,CH3331(82),1.0
2025-12-25,13g00,CS2,H2-206,82,82,"CH3331(30), EE3213(24), ME2051(20), ME2131(8)",1.0
2025-12-25,13g00,CS2,H2-301,82,82,"IM2033(48), CI3043(34)",1.0
2025-12-25,13g00,CS2,H2-306,82,82,"CH1005(52), ME2051(30)",1.0
2025-12-25,13g00,CS2,H2-401,82,82,CO3069(82),1.0
2025-12-25,13g00,CS2,H2-406,82,82,ME2131(82),1.0
2025-12-25,13g00,CS2,H6-811,79,6,ME2131(6),0.0759493670886076
2025-12-25,15g30,CS1,B5-GD,130,130,LA1011(130),1.0
2025-12-25,15g30,CS1,B4-505,63,63,LA1051(63),1.0
2025-12-25,15g30,CS1,B4-406,57,57,"LA1011(44), LA1051(13)",1.0
2025-12-25,15g30,CS1,C6-103,50,22,LA1051(22),0.44
2025-12-25,15g30,CS2,H6-GD,250,73,EE3001(73),0.292
2025-12-25,18g15,CS1,B5-GD,130,130,"CO5119(83), CO5085(47)",1.0
2025-12-25,18g15,CS1,B4-505,63,63,"CH5601(34), CI5451(29)",1.0
2025-12-25,18g15,CS1,B4-406,57,57,"IM5109(22), CH5685(21), IM5113(14)",1.0
2025-12-25,18g15,CS1,C6-103,50,36,"CI5245(14), CH5719(13), CO5085(6), IM5113(3)",0.72
2025-12-26,07g00,CS1,B5-GD,130,130,CH1003(130),1.0
2025-12-26,07g00,CS1,B4-505,63,63,CH1003(63),1.0
2025-12-26,07g00,CS1,B4-406,57,57,CH1003(57),1.0
2025-12-26,07g00,CS1,C6-102,50,50,CH1003(50),1.0
2025-12-26,07g00,CS1,C6-103,50,50,CH1003(50),1.0
2025-12-26,07g00,CS1,B1-208,44,44,CH1003(44),1.0
2025-12-26,07g00,CS1,B1-306,44,44,CH1003(44),1.0
2025-12-26,07g00,CS1,B1-311,42,42,CH1003(42),1.0
2025-12-26,07g00,CS1,B4-305,42,42,CH1003(42),1.0
2025-12-26,07g00,CS1,B4-306,42,42,CH1003(42),1.0
2025-12-26,07g00,CS1,B4-501,42,42,CH1003(42),1.0
2025-12-26,07g00,CS1,B4-502,42,42,CH1003(42),1.0
2025-12-26,07g00,CS1,B6-306,42,42,CH1003(42),1.0
2025-12-26,07g00,CS1,C4-301,42,42,CH1003(42),1.0
2025-12-26,07g00,CS1,C4-304,42,42,CH1003(42),1.0
2025-12-26,07g00,CS1,C4-402,42,42,CH1003(42),1.0
2025-12-26,07g00,CS1,C4-403,42,42,CH1003(42),1.0
2025-12-26,07g00,CS1,C4-502,42,42,CH1003(42),1.0
2025-12-26,07g00,CS1,C5-303,42,42,CH1003(42),1.0
2025-12-26,07g00,CS1,C5-401,42,42,CH1003(42),1.0
2025-12-26,07g00,CS1,C5-403,42,42,CH1003(42),1.0
2025-12-26,07g00,CS1,C5-502,42,42,CH1003(42),1.0
2025-12-26,07g00,CS1,C5-503,42,42,"CH1003(33), EE3003(9)",1.0
2025-12-26,07g00,CS1,C6-401,42,42,CH1003(42),1.0
2025-12-26,07g00,CS1,C6-402,42,42,CH1003(42),1.0
2025-12-26,07g00,CS1,C6-403,42,42,CH1003(42),1.0
2025-12-26,07g00,CS1,B1-212,38,38,"CI3061(21), CO3021(17)",1.0
2025-12-26,07g00,CS1,B1-305,38,38,"CH3389(19), EE3003(15), CO3021(4)",1.0
2025-12-26,07g00,CS1,B1-308,38,4,MA3101(4),0.10526315789473684
2025-12-26,07g00,CS2,H6-GD,250,250,CH1003(250),1.0
2025-12-26,07g00,CS2,H2-201,82,82,CH1003(82),1.0
2025-12-26,07g00,CS2,H2-206,82,82,CH1003(82),1.0
2025-12-26,07g00,CS2,H2-301,82,82,CH1003(82),1.0
2025-12-26,07g00,CS2,H2-306,82,82,CH1003(82),1.0
2025-12-26,07g00,CS2,H2-401,82,82,CH1003(82),1.0
2025-12-26,07g00,CS2,H2-406,82,82,CH1003(82),1.0
2025-12-26,07g00,CS2,H6-811,79,79,CH1003(79),1.0
2025-12-26,07g00,CS2,H6-308,76,76,CH1003(76),1.0
2025-12-26,07g00,CS2,H3-201,75,75,CH1003(75),1.0
2025-12-26,07g00,CS2,H3-301,75,75,CH1003(75),1.0
2025-12-26,07g00,CS2,H3-306,75,75,CH1003(75),1.0
2025-12-26,07g00,CS2,H3-401,75,75,CH1003(75),1.0
2025-12-26,07g00,CS2,H3-406,75,75,CH1003(75),1.0
2025-12-26,07g00,CS2,H3-501,75,75,CH1003(75),1.0
2025-12-26,07g00,CS2,H3-506,75,75,CH1003(75),1.0
2025-12-26,07g00,CS2,H1-101,73,73,CH1003(73),1.0
2025-12-26,07g00,CS2,H1-104,73,73,CH1003(73),1.0
2025-12-26,07g00,CS2,H1-307,71,71,CH1003(71),1.0
2025-12-26,07g00,CS2,H2-207,71,71,EE3003(71),1.0
2025-12-26,07g00,CS2,H6-311,71,71,CH1003(71),1.0
2025-12-26,07g00,CS2,H1-204,68,68,EE3003(68),1.0
2025-12-26,07g00,CS2,H6-113,68,68,CH1003(68),1.0
2025-12-26,07g00,CS2,H6-305,68,68,EE3003(68),1.0
2025-12-26,07g00,CS2,H1-401,66,66,CI3061(66),1.0
2025-12-26,07g00,CS2,H1-404,66,66,CH1003(66),1.0
2025-12-26,07g00,CS2,H6-211,66,66,CH3389(66),1.0
2025-12-26,07g00,CS2,H6-412,65,65,CO3021(65),1.0
2025-12-26,07g00,CS2,H1-405,63,63,MA3101(63),1.0
2025-12-26,07g00,CS2,H6-405,63,63,"CI3061(29), CH1003(25), CH3389(9)",1.0
2025-12-26,07g00,CS2,H6-802,63,63,"ME3229(55), CH1003(8)",1.0
2025-12-26,07g00,CS2,H6-810,63,63,"EE3003(59), ME3229(4)",1.0
2025-12-26,07g00,CS2,H6-201,63,30,"CO3021(16), CH3389(12), MA3101(2)",0.47619047619047616
2025-12-26,09g30,CS1,B5-GD,130,130,EE2407(130),1.0
2025-12-26,09g30,CS1,B4-505,63,63,EE2407(63),1.0
2025-12-26,09g30,CS1,B4-406,57,57,IM1001(57),1.0
2025-12-26,09g30,CS1,C6-102,50,50,EE2407(50),1.0
2025-12-26,09g30,CS1,C6-103,50,50,IM1001(50),1.0
2025-12-26,09g30,CS1,B1-208,44,44,EE3095(44),1.0
2025-12-26,09g30,CS1,B1-306,44,44,"IM3083(35), EE3405(9)",1.0
2025-12-26,09g30,CS1,B4-501,42,42,"EE3029(30), EE3405(12)",1.0
2025-12-26,09g30,CS1,B4-502,42,42,"IM1001(32), EE2407(10)",1.0
2025-12-26,09g30,CS1,B6-306,42,42,"EE2407(21), CH4149(19), EE5019(2)",1.0
2025-12-26,09g30,CS1,C4-502,42,42,"AS2063(13), EE3095(13), EE3405(13), EE5019(3)",1.0
2025-12-26,09g30,CS1,B4-305,42,9,EE5019(9),0.21428571428571427
2025-12-26,09g30,CS2,H6-GD,250,250,"EE3029(207), IM1001(43)",1.0
2025-12-26,09g30,CS2,H2-201,82,82,IM1001(82),1.0
2025-12-26,09g30,CS2,H2-301,82,82,"CI4153(35), EE3095(28), IU2003(19)",1.0
2025-12-26,09g30,CS2,H2-306,82,82,"IM3083(49), ME4307(33)",1.0
2025-12-26,09g30,CS2,H2-401,82,82,"AS2063(52), EN3013(30)",1.0
2025-12-26,09g30,CS2,H2-406,82,82,CI3261(82),1.0
2025-12-26,09g30,CS2,H2-206,82,44,"EN3013(21), IM1001(13), IU2003(6), ME4307(3), CI3261(1)",0.5365853658536586
2025-12-26,13g00,CS1,B5-GD,130,130,CO3009(130),1.0
2025-12-26,13g00,CS1,B4-505,63,63,LA1005(63),1.0
2025-12-26,13g00,CS1,B4-406,57,57,ME3001(57),1.0
2025-12-26,13g00,CS1,C6-102,50,50,"CH3369(34), CH3337(16)",1.0
2025-12-26,13g00,CS1,C6-103,50,50,CI4189(50),1.0
2025-12-26,13g00,CS1,B1-208,44,44,"LA0019(16), LA1005(15), CO3009(13)",1.0
2025-12-26,13g00,CS1,B1-306,44,23,"ME3001(14), CH3337(4), CI4189(4), CO3009(1)",0.5227272727272727
2025-12-26,13g00,CS2,H6-GD,250,250,LA1005(250),1.0
2025-12-26,13g00,CS2,H2-201,82,82,LA1005(82),1.0
2025-12-26,13g00,CS2,H2-206,82,82,LA1005(82),1.0
2025-12-26,13g00,CS2,H2-301,82,82,LA0019(82),1.0
2025-12-26,13g00,CS2,H2-306,82,82,LA1005(82),1.0
2025-12-26,13g00,CS2,H2-401,82,82,LA0019(82),1.0
2025-12-26,13g00,CS2,H2-406,82,82,LA1005(82),1.0
2025-12-26,13g00,CS2,H6-811,79,79,LA0019(79),1.0
2025-12-26,13g00,CS2,H6-308,76,76,LA1005(76),1.0
2025-12-26,13g00,CS2,H3-201,75,75,ME3001(75),1.0
2025-12-26,13g00,CS2,H3-301,75,75,LA0019(75),1.0
2025-12-26,13g00,CS2,H3-306,75,75,LA1005(75),1.0
2025-12-26,13g00,CS2,H3-401,75,75,ME3001(75),1.0
2025-12-26,13g00,CS2,H3-406,75,75,LA0019(75),1.0
2025-12-26,13g00,CS2,H3-501,75,75,LA1005(75),1.0
2025-12-26,13g00,CS2,H3-506,75,75,LA0019(75),1.0
2025-12-26,13g00,CS2,H1-101,73,73,LA1005(73),1.0
2025-12-26,13g00,CS2,H1-104,73,73,CI4189(73),1.0
2025-12-26,13g00,CS2,H1-307,71,71,CO3009(71),1.0
2025-12-26,13g00,CS2,H2-207,71,71,LA0019(71),1.0
2025-12-26,13g00,CS2,H6-311,71,71,ME3001(71),1.0
2025-12-26,13g00,CS2,H1-204,68,68,CI4189(68),1.0
2025-12-26,13g00,CS2,H6-113,68,68,LA1005(68),1.0
2025-12-26,13g00,CS2,H6-305,68,68,EE3145(68),1.0
2025-12-26,13g00,CS2,H1-401,66,66,CH3337(66),1.0
2025-12-26,13g00,CS2,H1-404,66,66,CO3009(66),1.0
2025-12-26,13g00,CS2,H6-211,66,66,LA0019(66),1.0
2025-12-26,13g00,CS2,H6-412,65,65,ME3001(65),1.0
2025-12-26,13g00,CS2,H1-405,63,63,CH3369(63),1.0
2025-12-26,13g00,CS2,H6-201,63,63,"CO3009(20), LA1005(20), CH3337(15), LA0019(8)",1.0
2025-12-26,13g00,CS2,H6-405,63,63,"CI3265(33), CI4189(26), CO3009(4)",1.0
2025-12-26,13g00,CS2,H6-802,63,63,"EE3145(48), LA1005(15)",1.0
2025-12-26,13g00,CS2,H6-810,63,63,"TR2017(62), EE3145(1)",1.0
2025-12-26,13g00,CS2,H3-606,63,8,"LA0019(6), CH3369(1), ME3001(1)",0.12698412698412698
2025-12-26,15g30,CS1,B5-GD,130,130,LA3021(130),1.0
2025-12-26,15g30,CS1,B4-505,63,63,"CO4031(43), LA3021(20)",1.0
2025-12-26,15g30,CS1,B4-406,57,23,LA3021(23),0.40350877192982454
2025-12-26,15g30,CS2,H6-GD,250,124,CO4031(124),0.496
2025-12-26,18g15,CS1,B5-GD,130,93,"CO5125(41), CI5149(18), ME5103(15), CI5147(14), TR5023(5)",0.7153846153846154
2025-12-27,07g00,CS1,B5-GD,130,78,"LA1003(60), MA3083(18)",0.6
2025-12-27,07g00,CS2,H6-GD,250,250,LA1003(250),1.0
2025-12-27,07g00,CS2,H2-201,82,82,LA1003(82),1.0
2025-12-27,07g00,CS2,H2-206,82,82,LA1003(82),1.0
2025-12-27,07g00,CS2,H2-301,82,82,LA1003(82),1.0
2025-12-27,07g00,CS2,H2-306,82,82,LA1003(82),1.0
2025-12-27,07g00,CS2,H2-401,82,82,LA1003(82),1.0
2025-12-27,07g00,CS2,H2-406,82,82,LA1003(82),1.0
2025-12-27,07g00,CS2,H6-811,79,79,LA1003(79),1.0
2025-12-27,07g00,CS2,H6-308,76,76,LA1003(76),1.0
2025-12-27,07g00,CS2,H3-501,75,75,LA1003(75),1.0
2025-12-27,07g00,CS2,H3-506,75,75,LA1003(75),1.0
2025-12-27,07g00,CS2,H3-406,75,66,LA1003(66),0.88
2025-12-27,09g30,CS1,B5-GD,130,130,CH4079(130),1.0
2025-12-27,09g30,CS1,B4-505,63,63,GK5035(63),1.0
2025-12-27,09g30,CS1,B4-406,57,57,GK5035(57),1.0
2025-12-27,09g30,CS1,C6-102,50,50,"GK5035(44), CH4079(6)",1.0
2025-12-27,09g30,CS1,C6-103,50,50,CH4079(50),1.0
2025-12-27,09g30,CS1,B1-208,44,5,CH4079(5),0.11363636363636363
2025-12-27,09g30,CS2,H6-GD,250,250,CH4079(250),1.0
2025-12-27,09g30,CS2,H2-201,82,82,CH4079(82),1.0
2025-12-27,09g30,CS2,H2-401,82,82,"EN2033(71), CH4079(11)",1.0
2025-12-27,09g30,CS2,H2-406,82,82,CH4079(82),1.0
2025-12-27,09g30,CS2,H2-306,82,1,CH4079(1),0.012195121951219513
2025-12-27,13g00,CS1,B5-GD,130,130,"CO3005(77), CH2027(53)",1.0
2025-12-27,13g00,CS1,B4-505,63,63,"IM5065(22), ME5259(20), CH5767(19), CI5779(2)",1.0
2025-12-27,13g00,CS1,B4-406,57,57,"CO5083(18), CI5141(17), CI5779(17), ME5079(5)",1.0
2025-12-27,13g00,CS1,C6-103,50,21,"CI5273(8), TR5065(8), ME5079(5)",0.42
2025-12-27,13g00,CS2,H6-GD,250,250,CO3005(250),1.0
2025-12-27,13g00,CS2,H2-201,82,82,CH2027(82),1.0
2025-12-27,13g00,CS2,H2-406,82,82,"CH2027(69), EE3169(13)",1.0
2025-12-27,13g00,CS2,H2-401,82,39,"EE3169(34), CO3005(5)",0.47560975609756095
2025-12-27,15g30,CS1,B5-GD,130,130,"GE1013(104), GK5933(26)",1.0
2025-12-27,15g30,CS1,B4-505,63,39,GK5933(39),0.6190476190476191
2025-12-27,15g30,CS2,H6-GD,250,250,GE1013(250),1.0
2025-12-27,15g30,CS2,H2-201,82,32,GE1013(32),0.3902439024390244
2025-12-28,07g00,CS1,B5-GD,130,127,IM1023(127),0.9769230769230769
2025-12-28,07g00,CS2,H6-GD,250,159,IM1023(159),0.636
2025-12-28,09g30,CS1,B5-GD,130,130,AS5113(130),1.0
2025-12-28,09g30,CS1,B4-505,63,63,AS5113(63),1.0
2025-12-28,09g30,CS1,B4-406,57,57,AS5113(57),1.0
2025-12-28,09g30,CS1,C6-102,50,50,AS5113(50),1.0
2025-12-28,09g30,CS1,C6-103,50,50,AS5113(50),1.0
2025-12-28,09g30,CS1,B1-208,44,44,AS5113(44),1.0
2025-12-28,09g30,CS1,B1-306,44,44,AS5113(44),1.0
2025-12-28,09g30,CS1,B4-502,42,24,AS5113(24),0.5714285714285714
2025-12-28,13g00,CS1,B5-GD,130,130,CO3093(130),1.0
2025-12-28,13g00,CS1,B4-505,63,63,CO3093(63),1.0
2025-12-28,13g00,CS1,B4-406,57,57,CO3093(57),1.0
2025-12-28,13g00,CS1,C6-102,50,50,CO3093(50),1.0
2025-12-28,13g00,CS1,C6-103,50,50,CO3093(50),1.0
2025-12-28,13g00,CS1,B1-208,44,44,CO3093(44),1.0
2025-12-28,13g00,CS1,B1-306,44,44,CO3093(44),1.0
2025-12-28,13g00,CS1,B4-501,42,42,"CO3093(34), ME2019(8)",1.0
2025-12-28,13g00,CS1,B4-502,42,42,ME2019(42),1.0
2025-12-28,13g00,CS1,B6-306,42,42,"EE2009(23), ME2019(19)",1.0
2025-12-28,13g00,CS1,C4-502,42,2,ME2019(2),0.047619047619047616
2025-12-28,13g00,CS2,H6-GD,250,250,CO3093(250),1.0
2025-12-28,13g00,CS2,H2-201,82,82,CO3093(82),1.0
2025-12-28,13g00,CS2,H2-206,82,82,"CO3093(66), ME2019(16)",1.0
2025-12-28,13g00,CS2,H2-301,82,82,EE2009(82),1.0
2025-12-28,13g00,CS2,H2-306,82,82,ME2019(82),1.0
2025-12-28,13g00,CS2,H2-401,82,82,CO3093(82),1.0
2025-12-28,13g00,CS2,H2-406,82,82,EE2009(82),1.0
2025-12-28,13g00,CS2,H6-811,79,13,"EE2009(12), ME2019(1)",0.16455696202531644
2025-12-28,15g30,CS1,B5-GD,130,130,GK5011(130),1.0
2025-12-28,15g30,CS1,B4-505,63,53,"CI5259(19), CO5317(16), EN5083(11), MA5079(6), GK5011(1)",0.8412698412698413
2025-12-29,07g00,CS1,B5-GD,130,130,CH2043(130),1.0
2025-12-29,07g00,CS1,B4-505,63,63,ME2005(63),1.0
2025-12-29,07g00,CS1,B4-406,57,57,EN1003(57),1.0
2025-12-29,07g00,CS1,C6-102,50,50,EN1003(50),1.0
2025-12-29,07g00,CS1,C6-103,50,50,ME2005(50),1.0
2025-12-29,07g00,CS1,B1-208,44,44,CO3115(44),1.0
2025-12-29,07g00,CS1,B1-306,44,44,CH2007(44),1.0
2025-12-29,07g00,CS1,B4-305,42,42,"CH2009(17), CH4143(15), ME2005(10)",1.0
2025-12-29,07g00,CS1,B4-501,42,42,CH2043(42),1.0
2025-12-29,07g00,CS1,B4-502,42,42,ME4607(42),1.0
2025-12-29,07g00,CS1,B6-306,42,42,"CH4091(29), ME2005(13)",1.0
2025-12-29,07g00,CS1,C4-301,42,42,"CO3115(12), AS3097(11), CH2007(9), ME4607(9), CH2043(1)",1.0
2025-12-29,07g00,CS1,C4-502,42,42,"EN1003(27), AS3103(15)",1.0
2025-12-29,07g00,CS1,C4-304,42,12,"CH2043(5), ME2005(5), AS3103(2)",0.2857142857142857
2025-12-29,07g00,CS2,H6-GD,250,250,EN1003(250),1.0
2025-12-29,07g00,CS2,H2-201,82,82,ME2005(82),1.0
2025-12-29,07g00,CS2,H2-206,82,82,ME4607(82),1.0
2025-12-29,07g00,CS2,H2-301,82,82,ME2005(82),1.0
2025-12-29,07g00,CS2,H2-306,82,82,EN1003(82),1.0
2025-12-29,07g00,CS2,H2-401,82,82,ME2005(82),1.0
2025-12-29,07g00,CS2,H2-406,82,82,ME2005(82),1.0
2025-12-29,07g00,CS2,H6-811,79,79,CH2009(79),1.0
2025-12-29,07g00,CS2,H6-308,76,76,CH2043(76),1.0
2025-12-29,07g00,CS2,H3-201,75,75,"EN1003(65), CH2007(10)",1.0
2025-12-29,07g00,CS2,H3-301,75,75,CO3115(75),1.0
2025-12-29,07g00,CS2,H3-306,75,75,CH2043(75),1.0
2025-12-29,07g00,CS2,H3-401,75,75,ME4607(75),1.0
2025-12-29,07g00,CS2,H3-406,75,75,CH2009(75),1.0
2025-12-29,07g00,CS2,H3-501,75,75,ME2005(75),1.0
2025-12-29,07g00,CS2,H3-506,75,75,EN1003(75),1.0
2025-12-29,07g00,CS2,H1-101,73,73,"IU4015(59), CH2007(14)",1.0
2025-12-29,07g00,CS2,H1-104,73,73,"GE3015(51), EN3205(22)",1.0
2025-12-29,07g00,CS2,H1-307,71,71,"AS3103(41), ME2005(30)",1.0
2025-12-29,07g00,CS2,H2-207,71,71,"CH2007(39), CI3233(32)",1.0
2025-12-29,07g00,CS2,H6-311,71,71,"ME3027(34), CH2009(30), ME4607(7)",1.0
2025-12-29,07g00,CS2,H6-113,68,68,"MA3007(22), ME4607(22), TR2011(22), CH4091(2)",1.0
2025-12-29,07g00,CS2,H6-305,68,68,"CH2043(28), CH4143(28), EN3205(12)",1.0
2025-12-29,07g00,CS2,H1-204,68,57,"CI3057(15), CH4091(13), EN3205(10), ME2005(10), CI3233(6), CO3115(3)",0.8382352941176471
2025-12-29,09g30,CS1,B5-GD,130,108,LA3025(108),0.8307692307692308
2025-12-29,13g00,CS1,B5-GD,130,130,CO1007(130),1.0
2025-12-29,13g00,CS1,B4-505,63,63,ME2007(63),1.0
2025-12-29,13g00,CS1,B4-406,57,57,EE3013(57),1.0
2025-12-29,13g00,CS1,C6-102,50,50,IM3051(50),1.0
2025-12-29,13g00,CS1,C6-103,50,50,ME2007(50),1.0
2025-12-29,13g00,CS1,B1-208,44,44,CO1007(44),1.0
2025-12-29,13g00,CS1,B1-306,44,44,"ME2007(43), EE3013(1)",1.0
2025-12-29,13g00,CS1,B4-501,42,42,"CI2037(27), EE2415(15)",1.0
2025-12-29,13g00,CS1,B4-502,42,42,"EE3013(39), CI2037(3)",1.0
2025-12-29,13g00,CS1,B6-306,42,31,"IM3051(17), EE2415(9), CO1007(5)",0.7380952380952381
2025-12-29,13g00,CS2,H6-GD,250,250,ME2007(250),1.0
2025-12-29,13g00,CS2,H2-201,82,82,CO1007(82),1.0
2025-12-29,13g00,CS2,H2-206,82,82,EE3013(82),1.0
2025-12-29,13g00,CS2,H2-301,82,82,ME2007(82),1.0
2025-12-29,13g00,CS2,H2-306,82,82,IM3051(82),1.0
2025-12-29,13g00,CS2,H2-401,82,82,CO1007(82),1.0
2025-12-29,13g00,CS2,H2-406,82,82,IM3051(82),1.0
2025-12-29,13g00,CS2,H6-811,79,79,CO1007(79),1.0
2025-12-29,13g00,CS2,H6-308,76,76,"CI2037(70), IM3051(6)",1.0
2025-12-29,13g00,CS2,H3-306,75,75,"EE3013(43), CH3349(30), ME4313(2)",1.0
2025-12-29,13g00,CS2,H3-401,75,75,"EE3111(53), ME4313(22)",1.0
2025-12-29,13g00,CS2,H3-406,75,75,"EE3019(60), EE3013(15)",1.0
2025-12-29,13g00,CS2,H3-501,75,75,"IM3051(61), ME4313(14)",1.0
2025-12-29,13g00,CS2,H3-506,75,75,"ME2007(67), EE3013(8)",1.0
2025-12-29,13g00,CS2,H3-301,75,25,"ME4313(23), CO1007(2)",0.3333333333333333
2025-12-29,18g15,CS1,B5-GD,130,130,"GK5009(117), GK5037(13)",1.0
2025-12-29,18g15,CS1,B4-505,63,63,"GK5037(61), GK5007(2)",1.0
2025-12-29,18g15,CS1,B4-406,57,57,"GK5007(55), CO5157(2)",1.0
2025-12-29,18g15,CS1,C6-103,50,36,CO5157(36),0.72
2025-12-30,07g00,CS1,B5-GD,130,130,CO2013(130),1.0
2025-12-30,07g00,CS1,B4-505,63,63,CO2013(63),1.0
2025-12-30,07g00,CS1,B4-406,57,57,CO2013(57),1.0
2025-12-30,07g00,CS1,C6-102,50,50,CO2013(50),1.0
2025-12-30,07g00,CS1,C6-103,50,50,CI2001(50),1.0
2025-12-30,07g00,CS1,B1-208,44,44,LA1015(44),1.0
2025-12-30,07g00,CS1,B1-306,44,44,CI2001(44),1.0
2025-12-30,07g00,CS1,B1-311,42,42,LA1015(42),1.0
2025-12-30,07g00,CS1,B4-305,42,42,EE2019(42),1.0
2025-12-30,07g00,CS1,B4-306,42,42,CO2013(42),1.0
2025-12-30,07g00,CS1,B4-501,42,42,CO2013(42),1.0
2025-12-30,07g00,CS1,B4-502,42,42,EE2019(42),1.0
2025-12-30,07g00,CS1,B6-306,42,42,LA1015(42),1.0
2025-12-30,07g00,CS1,C4-301,42,42,CO2013(42),1.0
2025-12-30,07g00,CS1,C4-304,42,42,LA1015(42),1.0
2025-12-30,07g00,CS1,C4-402,42,42,CI2001(42),1.0
2025-12-30,07g00,CS1,C4-403,42,42,EE2019(42),1.0
2025-12-30,07g00,CS1,C4-502,42,42,CI2001(42),1.0
2025-12-30,07g00,CS1,C5-303,42,42,"EE4443(36), CI2001(6)",1.0
2025-12-30,07g00,CS1,C5-401,42,42,"CI2001(27), EE2019(15)",1.0
2025-12-30,07g00,CS1,C5-403,42,42,"ME3033(26), AS2009(16)",1.0
2025-12-30,07g00,CS1,C5-502,42,42,"CO2013(18), AS3147(17), EE2019(7)",1.0
2025-12-30,07g00,CS1,C6-403,42,31,"LA1015(11), GE2051(9), AS2009(6), EE2019(5)",0.7380952380952381
2025-12-30,07g00,CS2,H6-GD,250,250,CI2001(250),1.0
2025-12-30,07g00,CS2,H2-201,82,82,CO2013(82),1.0
2025-12-30,07g00,CS2,H2-206,82,82,EE2019(82),1.0
2025-12-30,07g00,CS2,H2-301,82,82,CO2013(82),1.0
2025-12-30,07g00,CS2,H2-306,82,82,EE2019(82),1.0
2025-12-30,07g00,CS2,H2-401,82,82,CO2013(82),1.0
2025-12-30,07g00,CS2,H2-406,82,82,EE2019(82),1.0
2025-12-30,07g00,CS2,H6-811,79,79,CI2001(79),1.0
2025-12-30,07g00,CS2,H6-308,76,76,CO2013(76),1.0
2025-12-30,07g00,CS2,H3-201,75,75,CI2007(75),1.0
2025-12-30,07g00,CS2,H3-301,75,75,CO2013(75),1.0
2025-12-30,07g00,CS2,H3-306,75,75,ME2151(75),1.0
2025-12-30,07g00,CS2,H3-401,75,75,IU2001(75),1.0
2025-12-30,07g00,CS2,H3-406,75,75,EE2019(75),1.0
2025-12-30,07g00,CS2,H3-501,75,75,CI2001(75),1.0
2025-12-30,07g00,CS2,H3-506,75,75,CI2007(75),1.0
2025-12-30,07g00,CS2,H1-101,73,73,CI2001(73),1.0
2025-12-30,07g00,CS2,H1-104,73,73,EE2019(73),1.0
2025-12-30,07g00,CS2,H1-307,71,71,EE3201(71),1.0
2025-12-30,07g00,CS2,H2-207,71,71,GE2051(71),1.0
2025-12-30,07g00,CS2,H6-311,71,71,IU2001(71),1.0
2025-12-30,07g00,CS2,H1-204,68,68,"CI3163(55), TR2037(13)",1.0
2025-12-30,07g00,CS2,H6-113,68,68,"CI3231(62), TR2037(6)",1.0
2025-12-30,07g00,CS2,H6-305,68,68,"AS2009(64), TR2037(4)",1.0
2025-12-30,07g00,CS2,H1-401,66,66,"ME2151(42), TR2037(24)",1.0
2025-12-30,07g00,CS2,H1-404,66,66,"AS3147(50), ME3033(16)",1.0
2025-12-30,07g00,CS2,H6-211,66,66,"GE3215(35), ME3033(31)",1.0
2025-12-30,07g00,CS2,H6-412,65,65,"MA2007(31), GE2067(30), AS3035(4)",1.0
2025-12-30,07g00,CS2,H1-405,63,63,"CO2013(27), MA3085(26), AS3035(10)",1.0
2025-12-30,07g00,CS2,H6-810,63,63,"MA3107(25), CI2007(18), TR2037(17), AS3035(3)",1.0
2025-12-30,07g00,CS2,H6-802,63,41,"AS3035(12), EE3201(9), CI2001(7), EE2019(7), GE2051(3), IU2001(2), ME3033(1)",0.6507936507936508
2025-12-30,09g30,CS1,B5-GD,130,130,SP1037(130),1.0
2025-12-30,09g30,CS1,B4-505,63,63,SP1037(63),1.0
2025-12-30,09g30,CS1,B4-406,57,57,SP1037(57),1.0
2025-12-30,09g30,CS1,C6-102,50,50,SP1037(50),1.0
2025-12-30,09g30,CS1,C6-103,50,50,SP1037(50),1.0
2025-12-30,09g30,CS1,B1-208,44,44,SP1037(44),1.0
2025-12-30,09g30,CS1,B1-306,44,44,SP1037(44),1.0
2025-12-30,09g30,CS1,B4-501,42,42,SP1037(42),1.0
2025-12-30,09g30,CS1,B4-502,42,42,SP1037(42),1.0
2025-12-30,09g30,CS1,B6-306,42,42,SP1037(42),1.0
2025-12-30,09g30,CS1,C4-502,42,42,SP1037(42),1.0
2025-12-30,09g30,CS1,B4-305,42,37,SP1037(37),0.8809523809523809
2025-12-30,09g30,CS2,H6-GD,250,250,SP1037(250),1.0
2025-12-30,09g30,CS2,H2-201,82,82,SP1037(82),1.0
2025-12-30,09g30,CS2,H2-206,82,82,SP1037(82),1.0
2025-12-30,09g30,CS2,H2-301,82,82,SP1037(82),1.0
2025-12-30,09g30,CS2,H2-306,82,82,SP1037(82),1.0
2025-12-30,09g30,CS2,H2-401,82,82,SP1037(82),1.0
2025-12-30,09g30,CS2,H2-406,82,82,SP1037(82),1.0
2025-12-30,09g30,CS2,H6-811,79,79,SP1037(79),1.0
2025-12-30,09g30,CS2,H6-308,76,76,SP1037(76),1.0
2025-12-30,09g30,CS2,H3-201,75,75,SP1037(75),1.0
2025-12-30,09g30,CS2,H3-301,75,75,SP1037(75),1.0
2025-12-30,09g30,CS2,H3-306,75,75,SP1037(75),1.0
2025-12-30,09g30,CS2,H3-401,75,75,SP1037(75),1.0
2025-12-30,09g30,CS2,H3-406,75,75,SP1037(75),1.0
2025-12-30,09g30,CS2,H3-501,75,75,SP1037(75),1.0
2025-12-30,09g30,CS2,H3-506,75,75,SP1037(75),1.0
2025-12-30,09g30,CS2,H1-101,73,73,SP1037(73),1.0
2025-12-30,09g30,CS2,H1-104,73,73,SP1037(73),1.0
2025-12-30,09g30,CS2,H1-307,71,71,SP1037(71),1.0
2025-12-30,09g30,CS2,H2-207,71,71,SP1037(71),1.0
2025-12-30,09g30,CS2,H6-311,71,71,SP1037(71),1.0
2025-12-30,09g30,CS2,H6-305,68,68,SP1037(68),1.0
2025-12-30,09g30,CS2,H6-113,68,54,SP1037(54),0.7941176470588235
2025-12-30,13g00,CS1,B5-GD,130,130,CO2103(130),1.0
2025-12-30,13g00,CS1,B4-505,63,63,CH4125(63),1.0
2025-12-30,13g00,CS1,B4-406,57,57,"CH4125(51), AS2003(6)",1.0
2025-12-30,13g00,CS1,C6-102,50,50,"CH2111(37), IM3093(13)",1.0
2025-12-30,13g00,CS1,C6-103,50,50,"EE4423(44), AS2003(6)",1.0
2025-12-30,13g00,CS1,B1-208,44,44,"AS2003(32), IM3093(12)",1.0
2025-12-30,13g00,CS1,B1-306,44,19,"IM3093(10), CO2103(9)",0.4318181818181818
2025-12-30,13g00,CS2,H6-GD,250,250,"CH4125(224), CO2103(26)",1.0
2025-12-30,13g00,CS2,H2-201,82,82,IM3093(82),1.0
2025-12-30,13g00,CS2,H2-401,82,82,"AS2003(63), CH2111(19)",1.0
2025-12-30,13g00,CS2,H2-406,82,82,CO2103(82),1.0
2025-12-30,13g00,CS2,H2-306,82,37,"CH2111(24), IM3093(10), CO2103(3)",0.45121951219512196
2025-12-30,15g30,CS1,B5-GD,130,21,CO3085(21),0.16153846153846155
2025-12-30,15g30,CS2,H6-GD,250,151,"EE3129(89), CO3085(62)",0.604
2025-12-30,18g15,CS1,B5-GD,130,87,GK5041(87),0.6692307692307692
2025-12-31,07g00,CS1,B5-GD,130,130,CO3001(130),1.0
2025-12-31,07g00,CS1,B4-505,63,63,CO3001(63),1.0
2025-12-31,07g00,CS1,B4-406,57,57,CO3001(57),1.0
2025-12-31,07g00,CS1,C6-102,50,50,CO3001(50),1.0
2025-12-31,07g00,CS1,C6-103,50,50,CO3001(50),1.0
2025-12-31,07g00,CS1,B1-208,44,44,MT2015(44),1.0
2025-12-31,07g00,CS1,B1-306,44,44,CO3001(44),1.0
2025-12-31,07g00,CS1,B1-311,42,42,IM3105(42),1.0
2025-12-31,07g00,CS1,B4-305,42,42,MT2015(42),1.0
2025-12-31,07g00,CS1,B4-306,42,42,CH2017(42),1.0
2025-12-31,07g00,CS1,B4-501,42,42,MT2015(42),1.0
2025-12-31,07g00,CS1,B4-502,42,42,CH3133(42),1.0
2025-12-31,07g00,CS1,B6-306,42,42,CO3001(42),1.0
2025-12-31,07g00,CS1,C4-301,42,42,CO3001(42),1.0
2025-12-31,07g00,CS1,C4-304,42,42,CI2137(42),1.0
2025-12-31,07g00,CS1,C4-402,42,42,CH3133(42),1.0
2025-12-31,07g00,CS1,C4-403,42,42,MT2015(42),1.0
2025-12-31,07g00,CS1,C4-502,42,42,CH3133(42),1.0
2025-12-31,07g00,CS1,C5-303,42,42,"CO3001(41), ME4135(1)",1.0
2025-12-31,07g00,CS1,C5-401,42,42,"ME4135(39), CH3003(3)",1.0
2025-12-31,07g00,CS1,C5-403,42,42,"CH3003(31), CI2137(11)",1.0
2025-12-31,07g00,CS1,C5-502,42,42,"EE2039(29), CH3133(13)",1.0
2025-12-31,07g00,CS1,C6-401,42,42,"EN3073(14), MA1003(14), IM3105(8), CH3133(3), CI2137(3)",1.0
2025-12-31,07g00,CS1,C6-402,42,42,"AS3029(15), CH2017(15), CH3133(12)",1.0
2025-12-31,07g00,CS1,C6-403,42,42,"MT2015(25), CI2137(17)",1.0
2025-12-31,07g00,CS2,H6-GD,250,250,CO3001(250),1.0
2025-12-31,07g00,CS2,H2-201,82,82,EE2039(82),1.0
2025-12-31,07g00,CS2,H2-206,82,82,EE2039(82),1.0
2025-12-31,07g00,CS2,H2-301,82,82,CH3133(82),1.0
2025-12-31,07g00,CS2,H2-306,82,82,IM3105(82),1.0
2025-12-31,07g00,CS2,H2-401,82,82,CI2137(82),1.0
2025-12-31,07g00,CS2,H2-406,82,82,CO3001(82),1.0
2025-12-31,07g00,CS2,H6-811,79,79,MA1003(79),1.0
2025-12-31,07g00,CS2,H6-308,76,76,CO3001(76),1.0
2025-12-31,07g00,CS2,H3-201,75,75,EE2039(75),1.0
2025-12-31,07g00,CS2,H3-301,75,75,MA1003(75),1.0
2025-12-31,07g00,CS2,H3-306,75,75,CO3001(75),1.0
2025-12-31,07g00,CS2,H3-401,75,75,IU2035(75),1.0
2025-12-31,07g00,CS2,H3-406,75,75,CH3133(75),1.0
2025-12-31,07g00,CS2,H3-501,75,75,IM3105(75),1.0
2025-12-31,07g00,CS2,H3-506,75,75,CI2137(75),1.0
2025-12-31,07g00,CS2,H1-101,73,73,CI2137(73),1.0
2025-12-31,07g00,CS2,H1-104,73,73,GE2001(73),1.0
2025-12-31,07g00,CS2,H1-307,71,71,IM3105(71),1.0
2025-12-31,07g00,CS2,H2-207,71,71,CH3133(71),1.0
2025-12-31,07g00,CS2,H6-311,71,71,"CH3003(67), CH2017(4)",1.0
2025-12-31,07g00,CS2,H1-204,68,68,"EN3073(44), CH2017(24)",1.0
2025-12-31,07g00,CS2,H6-113,68,68,"IU2035(53), EE3067(15)",1.0
2025-12-31,07g00,CS2,H6-305,68,68,"ME3225(56), CH2017(12)",1.0
2025-12-31,07g00,CS2,H1-401,66,66,"CO3001(37), IU3011(29)",1.0
2025-12-31,07g00,CS2,H1-404,66,66,"MA4067(39), ME4311(27)",1.0
2025-12-31,07g00,CS2,H6-211,66,66,"MA1003(36), AS3029(30)",1.0
2025-12-31,07g00,CS2,H6-412,65,65,"EE2039(34), EE3067(31)",1.0
2025-12-31,07g00,CS2,H1-405,63,63,"TR3059(28), ME4135(25), TR3133(10)",1.0
2025-12-31,07g00,CS2,H6-810,63,63,"CI2137(23), CH2017(18), TR3133(14), ME4311(8)",1.0
2025-12-31,07g00,CS2,H6-802,63,31,"IU3011(8), GE2001(7), AS3029(4), IM3105(4), ME4311(4), CH3133(3), EE3067(1)",0.49206349206349204
2025-12-31,09g30,CS1,B5-GD,130,130,ME2003(130),1.0
2025-12-31,09g30,CS1,B4-505,63,63,LA4007(63),1.0
2025-12-31,09g30,CS1,B4-406,57,42,"ME2003(40), LA4007(2)",0.7368421052631579
2025-12-31,09g30,CS2,H6-GD,250,250,ME2003(250),1.0
2025-12-31,09g30,CS2,H2-201,82,82,ME2003(82),1.0
2025-12-31,09g30,CS2,H2-406,82,82,ME2003(82),1.0
2025-12-31,09g30,CS2,H2-401,82,28,"EE3127(17), ME2003(11)",0.34146341463414637
2025-12-31,13g00,CS1,B5-GD,130,130,MT1009(130),1.0
2025-12-31,13g00,CS1,B4-505,63,63,MT1009(63),1.0
2025-12-31,13g00,CS1,B4-406,57,57,SP1043(57),1.0
2025-12-31,13g00,CS1,C6-102,50,50,"EE3401(45), SP1043(5)",1.0
2025-12-31,13g00,CS1,C6-103,50,50,MT1009(50),1.0
2025-12-31,13g00,CS1,B1-208,44,44,"SP1043(33), ME3013(11)",1.0
2025-12-31,13g00,CS1,B1-306,44,44,"ME4007(23), MT1009(21)",1.0
2025-12-31,13g00,CS1,B4-502,42,15,ME3013(15),0.35714285714285715
2025-12-31,13g00,CS2,H6-GD,250,250,MT1009(250),1.0
2025-12-31,13g00,CS2,H2-201,82,82,MT1009(82),1.0
2025-12-31,13g00,CS2,H2-206,82,82,MT1009(82),1.0
2025-12-31,13g00,CS2,H2-301,82,82,MT1009(82),1.0
2025-12-31,13g00,CS2,H2-306,82,82,MT1009(82),1.0
2025-12-31,13g00,CS2,H2-401,82,82,MT1009(82),1.0
2025-12-31,13g00,CS2,H2-406,82,82,MT1009(82),1.0
2025-12-31,13g00,CS2,H6-811,79,79,ME3013(79),1.0
2025-12-31,13g00,CS2,H6-308,76,76,MT1009(76),1.0
2025-12-31,13g00,CS2,H3-501,75,75,"ME3013(43), EE3087(32)",1.0
2025-12-31,13g00,CS2,H3-506,75,75,"ME4007(61), EE3087(14)",1.0
2025-12-31,13g00,CS2,H3-406,75,47,"ME3007(24), MT1009(20), EE3087(3)",0.6266666666666667
2025-12-31,15g30,CS1,B5-GD,130,130,CH2053(130),1.0
2025-12-31,15g30,CS1,B4-505,63,61,"CO3029(45), CH2053(16)",0.9682539682539683
2025-12-31,15g30,CS2,H6-GD,250,250,"CO3029(225), CH2053(25)",1.0
2025-12-31,15g30,CS2,H2-201,82,82,CH2053(82),1.0
2025-12-31,15g30,CS2,H2-406,82,62,CH2053(62),0.7560975609756098
2025-12-31,18g15,CS1,B5-GD,130,64,"CO5159(42), IM5129(14), CH5665(8)",0.49230769230769234
2026-01-02,07g00,CS1,B5-GD,130,130,CO2011(130),1.0
2026-01-02,07g00,CS1,B4-505,63,63,CO2011(63),1.0
2026-01-02,07g00,CS1,B4-406,57,57,CO2011(57),1.0
2026-01-02,07g00,CS1,C6-102,50,50,CH2003(50),1.0
2026-01-02,07g00,CS1,C6-103,50,50,EE2081(50),1.0
2026-01-02,07g00,CS1,B1-208,44,44,CO2011(44),1.0
2026-01-02,07g00,CS1,B1-306,44,44,EE2081(44),1.0
2026-01-02,07g00,CS1,B1-311,42,42,EE2081(42),1.0
2026-01-02,07g00,CS1,B4-305,42,42,CO2011(42),1.0
2026-01-02,07g00,CS1,B4-306,42,42,EE2015(42),1.0
2026-01-02,07g00,CS1,B4-501,42,42,CO2011(42),1.0
2026-01-02,07g00,CS1,B4-502,42,42,CH2003(42),1.0
2026-01-02,07g00,CS1,B6-306,42,42,EE2081(42),1.0
2026-01-02,07g00,CS1,C4-301,42,42,EE2081(42),1.0
2026-01-02,07g00,CS1,C4-304,42,42,CH2003(42),1.0
2026-01-02,07g00,CS1,C4-402,42,42,CO2011(42),1.0
2026-01-02,07g00,CS1,C4-403,42,42,CI2003(42),1.0
2026-01-02,07g00,CS1,C4-502,42,42,CH2003(42),1.0
2026-01-02,07g00,CS1,C5-303,42,42,TR3001(42),1.0
2026-01-02,07g00,CS1,C5-401,42,42,CH2003(42),1.0
2026-01-02,07g00,CS1,C5-403,42,42,CO2011(42),1.0
2026-01-02,07g00,CS1,C5-502,42,42,CI2003(42),1.0
2026-01-02,07g00,CS1,C5-503,42,42,EE2015(42),1.0
2026-01-02,07g00,CS1,C6-401,42,42,CI1003(42),1.0
2026-01-02,07g00,CS1,C6-402,42,42,ME4133(42),1.0
2026-01-02,07g00,CS1,C6-403,42,42,EE3089(42),1.0
2026-01-02,07g00,CS1,B1-212,38,38,EE2081(38),1.0
2026-01-02,07g00,CS1,B1-213,38,38,CO2011(38),1.0
2026-01-02,07g00,CS1,B1-305,38,38,TR3001(38),1.0
2026-01-02,07g00,CS1,B1-308,38,38,CH2003(38),1.0
2026-01-02,07g00,CS1,B10-203,37,37,"CH4101(31), CI2003(6)",1.0
2026-01-02,07g00,CS1,B8-301,35,35,"CI2003(24), EE3117(11)",1.0
2026-01-02,07g00,CS1,B8-303,33,33,"EE3089(17), EE3117(13), ME4133(3)",1.0
2026-01-02,07g00,CS1,B8-304,33,24,"ME4133(6), EE2081(5), TR3001(5), CH2003(4), CI1003(2), CO2011(1), EE2015(1)",0.7272727272727273
2026-01-02,07g00,CS2,H6-GD,250,250,CI2003(250),1.0
2026-01-02,07g00,CS2,H2-201,82,82,CI2003(82),1.0
2026-01-02,07g00,CS2,H2-206,82,82,CO2011(82),1.0
2026-01-02,07g00,CS2,H2-301,82,82,EE2081(82),1.0
2026-01-02,07g00,CS2,H2-306,82,82,CI2003(82),1.0
2026-01-02,07g00,CS2,H2-401,82,82,CO2011(82),1.0
2026-01-02,07g00,CS2,H2-406,82,82,CI2003(82),1.0
2026-01-02,07g00,CS2,H6-811,79,79,CI2003(79),1.0
2026-01-02,07g00,CS2,H6-308,76,76,EE2081(76),1.0
2026-01-02,07g00,CS2,H3-201,75,75,EE2015(75),1.0
2026-01-02,07g00,CS2,H3-301,75,75,CI2003(75),1.0
2026-01-02,07g00,CS2,H3-306,75,75,CO2011(75),1.0
2026-01-02,07g00,CS2,H3-401,75,75,CH2003(75),1.0
2026-01-02,07g00,CS2,H3-406,75,75,EE2081(75),1.0
2026-01-02,07g00,CS2,H3-501,75,75,CI2003(75),1.0
2026-01-02,07g00,CS2,H3-506,75,75,CO2011(75),1.0
2026-01-02,07g00,CS2,H1-101,73,73,EE2081(73),1.0
2026-01-02,07g00,CS2,H1-104,73,73,CH2003(73),1.0
2026-01-02,07g00,CS2,H1-307,71,71,CO2011(71),1.0
2026-01-02,07g00,CS2,H2-207,71,71,CI2003(71),1.0
2026-01-02,07g00,CS2,H6-311,71,71,EE2015(71),1.0
2026-01-02,07g00,CS2,H1-204,68,68,CO2011(68),1.0
2026-01-02,07g00,CS2,H6-113,68,68,CH2003(68),1.0
2026-01-02,07g00,CS2,H6-305,68,68,EE2081(68),1.0
2026-01-02,07g00,CS2,H1-401,66,66,EE2015(66),1.0
2026-01-02,07g00,CS2,H1-404,66,66,CI2003(66),1.0
2026-01-02,07g00,CS2,H6-211,66,66,CH4101(66),1.0
2026-01-02,07g00,CS2,H6-412,65,65,EE2081(65),1.0
2026-01-02,07g00,CS2,H1-405,63,63,CH2003(63),1.0
2026-01-02,07g00,CS2,H3-606,63,63,"EE2015(34), EE3017(27), EE3089(2)",1.0
2026-01-02,07g00,CS2,H6-201,63,63,"ME4133(46), CI2003(17)",1.0
2026-01-02,07g00,CS2,H6-405,63,63,"TR3001(55), CI2003(8)",1.0
2026-01-02,07g00,CS2,H6-802,63,63,"EE3117(60), TR3001(3)",1.0
2026-01-02,07g00,CS2,H6-810,63,63,CO2011(63),1.0
2026-01-02,07g00,CS2,H6-205,62,62,"EE3089(24), CI2003(23), CH4101(15)",1.0
2026-01-02,07g00,CS2,H2-205,62,26,"EE2081(12), CH2003(9), CO2011(5)",0.41935483870967744
2026-01-02,09g30,CS1,B5-GD,130,62,"MA3019(21), MA2033(15), AS3093(13), MA4139(10), AS2049(3)",0.47692307692307695
2026-01-02,09g30,CS2,H6-GD,250,250,"MA2033(177), GE2053(73)",1.0
2026-01-02,09g30,CS2,H2-201,82,82,"ME2113(69), ME4615(13)",1.0
2026-01-02,09g30,CS2,H2-306,82,82,"EN3207(28), MA4125(26), ME2065(23), TR4021(5)",1.0
2026-01-02,09g30,CS2,H2-401,82,82,"GE3137(46), GE2065(30), ME2065(6)",1.0
2026-01-02,09g30,CS2,H2-406,82,82,"ME4615(56), ME2065(26)",1.0
2026-01-02,09g30,CS2,H2-301,82,50,"TR4021(17), IM4001(15), CO3033(13), GE2053(5)",0.6097560975609756
2026-01-02,13g00,CS1,B5-GD,130,130,ME2089(130),1.0
2026-01-02,13g00,CS1,B4-505,63,63,IM3047(63),1.0
2026-01-02,13g00,CS1,B4-406,57,57,"AS1003(45), EE2035(12)",1.0
2026-01-02,13g00,CS1,C6-102,50,50,"EE2035(33), CH3351(17)",1.0
2026-01-02,13g00,CS1,C6-103,50,50,"CH3341(43), IM3047(7)",1.0
2026-01-02,13g00,CS1,B1-208,44,44,"IM3047(27), CH3351(15), CO3067(2)",1.0
2026-01-02,13g00,CS1,B1-306,44,13,"CO3067(10), ME2089(3)",0.29545454545454547
2026-01-02,13g00,CS2,H6-GD,250,250,IM3047(250),1.0
2026-01-02,13g00,CS2,H2-201,82,82,ME2089(82),1.0
2026-01-02,13g00,CS2,H2-206,82,82,ME2089(82),1.0
2026-01-02,13g00,CS2,H2-301,82,82,IM3047(82),1.0
2026-01-02,13g00,CS2,H2-306,82,82,EE2035(82),1.0
2026-01-02,13g00,CS2,H2-401,82,82,ME2089(82),1.0
2026-01-02,13g00,CS2,H2-406,82,82,ME2089(82),1.0
2026-01-02,13g00,CS2,H6-811,79,79,EE2035(79),1.0
2026-01-02,13g00,CS2,H6-308,76,76,AS1003(76),1.0
2026-01-02,13g00,CS2,H3-306,75,75,"ME2089(30), CO3067(24), EE2035(21)",1.0
2026-01-02,13g00,CS2,H3-401,75,75,"CH3341(42), CH3351(33)",1.0
2026-01-02,13g00,CS2,H3-406,75,75,"CI4145(50), CO3067(25)",1.0
2026-01-02,13g00,CS2,H3-501,75,75,"PH2001(59), CH3351(16)",1.0
2026-01-02,13g00,CS2,H3-506,75,75,"IM3047(69), CH3351(6)",1.0
2026-01-02,13g00,CS2,H3-301,75,53,"AS1003(22), IU3067(20), CH3351(9), EE2035(2)",0.7066666666666667
2026-01-02,15g30,CS1,B5-GD,130,130,CO3061(130),1.0
2026-01-02,15g30,CS1,B4-505,63,6,CO3061(6),0.09523809523809523
2026-01-02,15g30,CS2,H6-GD,250,160,CO3061(160),0.64
2026-01-02,18g15,CS1,B5-GD,130,130,"CH5711(58), CO5175(41), CO5111(30), CH5747(1)",1.0
2026-01-02,18g15,CS1,B4-505,63,55,"CH5747(27), CI5777(16), MA5071(12)",0.873015873015873
2026-01-03,07g00,CS1,B5-GD,130,130,"CO5097(107), MT1013(23)",1.0
2026-01-03,07g00,CS1,B4-505,63,63,"MT1013(46), ME3005(17)",1.0
2026-01-03,07g00,CS1,B4-406,57,57,"CO4033(30), IM4003(27)",1.0
2026-01-03,07g00,CS1,C6-102,50,50,"TR4057(17), CH3131(15), AS3031(13), EE3189(5)",1.0
2026-01-03,07g00,CS1,C6-103,50,50,"CI5239(26), ME3005(23), TR4057(1)",1.0
2026-01-03,07g00,CS1,B1-208,44,37,"MA2037(10), MA4065(7), EE3189(6), EE3035(5), EN5075(5), ME5091(4)",0.8409090909090909
2026-01-03,07g00,CS2,H6-GD,250,250,"IM4003(135), IU2031(115)",1.0
2026-01-03,07g00,CS2,H2-201,82,82,EN2065(82),1.0
2026-01-03,07g00,CS2,H2-206,82,82,"CH4107(38), CO4033(38), EN2065(6)",1.0
2026-01-03,07g00,CS2,H2-301,82,82,"GE4091(50), AS3031(32)",1.0
2026-01-03,07g00,CS2,H2-306,82,82,"MA4065(60), EE3035(22)",1.0
2026-01-03,07g00,CS2,H2-401,82,82,"CI3237(60), CO4033(22)",1.0
2026-01-03,07g00,CS2,H2-406,82,82,"CH3131(78), MA4065(4)",1.0
2026-01-03,07g00,CS2,H6-811,79,79,"EE3035(36), ME3005(35), EE3101(8)",1.0
2026-01-03,07g00,CS2,H6-308,76,76,"TR3039(32), EN2065(31), EN3211(13)",1.0
2026-01-03,07g00,CS2,H3-506,75,75,"EE3101(24), IU2031(18), CI4159(16), EN3211(12), CH4063(5)",1.0
2026-01-03,07g00,CS2,H3-501,75,14,"AS3031(7), CH4063(6), GE3203(1)",0.18666666666666668
2026-01-03,09g30,CS1,B5-GD,130,130,SP1035(130),1.0
2026-01-03,09g30,CS1,B4-505,63,63,SP1035(63),1.0
2026-01-03,09g30,CS1,B4-406,57,57,SP1035(57),1.0
2026-01-03,09g30,CS1,C6-102,50,50,SP1035(50),1.0
2026-01-03,09g30,CS1,C6-103,50,50,SP1035(50),1.0
2026-01-03,09g30,CS1,B1-208,44,44,SP1035(44),1.0
2026-01-03,09g30,CS1,B1-306,44,44,SP1035(44),1.0
2026-01-03,09g30,CS1,B4-305,42,42,SP1035(42),1.0
2026-01-03,09g30,CS1,B4-501,42,42,SP1035(42),1.0
2026-01-03,09g30,CS1,B4-502,42,42,SP1035(42),1.0
2026-01-03,09g30,CS1,B6-306,42,42,SP1035(42),1.0
2026-01-03,09g30,CS1,C4-301,42,42,SP1035(42),1.0
2026-01-03,09g30,CS1,C4-304,42,42,SP1035(42),1.0
2026-01-03,09g30,CS1,C4-402,42,42,SP1035(42),1.0
2026-01-03,09g30,CS1,C4-502,42,42,SP1035(42),1.0
2026-01-03,09g30,CS1,C4-403,42,28,SP1035(28),0.6666666666666666
2026-01-03,09g30,CS2,H6-GD,250,250,SP1035(250),1.0
2026-01-03,09g30,CS2,H2-201,82,82,SP1035(82),1.0
2026-01-03,09g30,CS2,H2-206,82,82,SP1035(82),1.0
2026-01-03,09g30,CS2,H2-301,82,82,SP1035(82),1.0
2026-01-03,09g30,CS2,H2-306,82,82,SP1035(82),1.0
2026-01-03,09g30,CS2,H2-401,82,82,SP1035(82),1.0
2026-01-03,09g30,CS2,H2-406,82,82,SP1035(82),1.0
2026-01-03,09g30,CS2,H6-811,79,79,SP1035(79),1.0
2026-01-03,09g30,CS2,H6-308,76,76,SP1035(76),1.0
2026-01-03,09g30,CS2,H3-201,75,75,SP1035(75),1.0
2026-01-03,09g30,CS2,H3-301,75,75,SP1035(75),1.0
2026-01-03,09g30,CS2,H3-306,75,75,SP1035(75),1.0
2026-01-03,09g30,CS2,H3-401,75,75,SP1035(75),1.0
2026-01-03,09g30,CS2,H3-406,75,75,SP1035(75),1.0
2026-01-03,09g30,CS2,H3-501,75,75,SP1035(75),1.0
2026-01-03,09g30,CS2,H3-506,75,75,SP1035(75),1.0
2026-01-03,09g30,CS2,H1-101,73,73,SP1035(73),1.0
2026-01-03,09g30,CS2,H1-104,73,34,SP1035(34),0.4657534246575342
2026-01-03,13g00,CS1,B5-GD,130,130,IM1019(130),1.0
2026-01-03,13g00,CS1,B4-505,63,63,"CH5607(47), TR2039(16)",1.0
2026-01-03,13g00,CS1,B4-406,57,57,"CO5185(29), TR2039(26), CI5253(2)",1.0
2026-01-03,13g00,CS1,C6-103,50,50,"CI5253(20), CH4087(16), CH5653(12), IM1019(2)",1.0
2026-01-03,13g00,CS1,C6-102,50,8,IM1019(8),0.16
2026-01-03,13g00,CS2,H6-GD,250,250,"IM1019(240), EN1005(10)",1.0
2026-01-03,13g00,CS2,H2-201,82,82,"EN1005(70), TR2039(12)",1.0
2026-01-03,13g00,CS2,H2-406,82,82,"CH4087(47), TR2039(35)",1.0
2026-01-03,13g00,CS2,H2-401,82,77,"EE3171(33), ME2071(23), IU1005(11), TR2039(10)",0.9390243902439024
2026-01-03,15g30,CS1,B5-GD,130,71,CO3043(71),0.5461538461538461
2026-01-03,15g30,CS2,H6-GD,250,130,CO3043(130),0.52
2026-01-04,07g00,CS1,B5-GD,130,130,IM1025(130),1.0
2026-01-04,07g00,CS1,B4-505,63,63,IM1025(63),1.0
2026-01-04,07g00,CS1,B4-406,57,57,GK5033(57),1.0
2026-01-04,07g00,CS1,C6-102,50,50,EE3411(50),1.0
2026-01-04,07g00,CS1,C6-103,50,50,IM1025(50),1.0
2026-01-04,07g00,CS1,B1-208,44,44,GK5033(44),1.0
2026-01-04,07g00,CS1,B1-306,44,44,IM3073(44),1.0
2026-01-04,07g00,CS1,B4-305,42,42,"AS3075(21), CI2157(21)",1.0
2026-01-04,07g00,CS1,B4-501,42,42,IM1025(42),1.0
2026-01-04,07g00,CS1,B4-502,42,42,AS2013(42),1.0
2026-01-04,07g00,CS1,B6-306,42,42,TR4087(42),1.0
2026-01-04,07g00,CS1,C4-301,42,42,"EE2419(18), PH1009(18), MA3139(6)",1.0
2026-01-04,07g00,CS1,C4-304,42,42,"PH2003(17), MA3113(15), CH2109(10)",1.0
2026-01-04,07g00,CS1,C4-402,42,42,"EE3411(11), MA3139(11), CH4115(10), CI3259(6), GK5033(4)",1.0
2026-01-04,07g00,CS1,C4-502,42,42,"CH4111(24), MA4079(18)",1.0
2026-01-04,07g00,CS1,C4-403,42,28,"MA4079(6), IM3073(5), MA4181(5), AS2013(4), CH2109(4), GK5033(2), IM1025(2)",0.6666666666666666
2026-01-04,07g00,CS2,H6-GD,250,250,IM1025(250),1.0
2026-01-04,07g00,CS2,H2-201,82,82,IM1025(82),1.0
2026-01-04,07g00,CS2,H2-206,82,82,IM1025(82),1.0
2026-01-04,07g00,CS2,H2-301,82,82,IM1025(82),1.0
2026-01-04,07g00,CS2,H2-306,82,82,IM1025(82),1.0
2026-01-04,07g00,CS2,H2-401,82,82,IM1025(82),1.0
2026-01-04,07g00,CS2,H2-406,82,82,IM1025(82),1.0
2026-01-04,07g00,CS2,H6-811,79,79,ME4025(79),1.0
2026-01-04,07g00,CS2,H6-308,76,76,IM1025(76),1.0
2026-01-04,07g00,CS2,H3-201,75,75,"CH2109(42), CI4139(33)",1.0
2026-01-04,07g00,CS2,H3-301,75,75,"CH4115(43), IM1025(32)",1.0
2026-01-04,07g00,CS2,H3-306,75,75,"PH2003(60), AS2013(15)",1.0
2026-01-04,07g00,CS2,H3-401,75,75,"ME2139(63), AS2013(12)",1.0
2026-01-04,07g00,CS2,H3-406,75,75,"ME4025(69), AS2013(6)",1.0
2026-01-04,07g00,CS2,H3-501,75,75,AS2069(75),1.0
2026-01-04,07g00,CS2,H3-506,75,75,IM3073(75),1.0
2026-01-04,07g00,CS2,H1-101,73,73,"GE2069(42), IU3057(31)",1.0
2026-01-04,07g00,CS2,H1-104,73,73,"AS2013(33), TR4087(29), CI3263(11)",1.0
2026-01-04,07g00,CS2,H1-307,71,71,"CI4147(22), CI4155(20), CI3259(19), MA3089(10)",1.0
2026-01-04,07g00,CS2,H2-207,71,71,"CI3263(15), IM1025(11), GE4033(10), CI4139(9), MA4025(8), IM3073(7), MA2011(7), MA3089(4)",1.0
2026-01-04,07g00,CS2,H6-311,71,12,"AS2069(5), IU3057(5), MA3089(2)",0.16901408450704225
2026-01-04,09g30,CS1,B5-GD,130,130,"IM1013(89), CH5699(41)",1.0
2026-01-04,09g30,CS1,B4-505,63,63,"CI5405(37), CO5137(26)",1.0
2026-01-04,09g30,CS1,B4-406,57,57,"IM5111(28), EE5195(27), CI5143(2)",1.0
2026-01-04,09g30,CS1,C6-103,50,50,"CI5143(20), CI5249(14), CH5741(13), EN5147(3)",1.0
2026-01-04,09g30,CS1,C6-102,50,29,"MA5067(8), ME5087(8), EN5147(7), CO5137(5), CH5699(1)",0.58
2026-01-04,09g30,CS2,H6-GD,250,158,IM1013(158),0.632
2026-01-04,13g00,CS1,B5-GD,130,130,CO3117(130),1.0
2026-01-04,13g00,CS1,B4-505,63,63,CH3329(63),1.0
2026-01-04,13g00,CS1,B4-406,57,57,EE3097(57),1.0
2026-01-04,13g00,CS1,C6-102,50,50,CH3329(50),1.0
2026-01-04,13g00,CS1,C6-103,50,50,ME3003(50),1.0
2026-01-04,13g00,CS1,B1-208,44,44,TR3011(44),1.0
2026-01-04,13g00,CS1,B1-306,44,44,"CO3117(25), IM1031(19)",1.0
2026-01-04,13g00,CS1,B4-501,42,42,"EN3087(12), TR3011(11), ME3003(8), CH3329(6), IM1031(5)",1.0
2026-01-04,13g00,CS1,B4-502,42,42,"EE2005(22), EE3097(16), EN3087(4)",1.0
2026-01-04,13g00,CS2,H6-GD,250,250,ME3003(250),1.0
2026-01-04,13g00,CS2,H2-201,82,82,CO3117(82),1.0
2026-01-04,13g00,CS2,H2-206,82,82,CI4131(82),1.0
2026-01-04,13g00,CS2,H2-301,82,82,CO3117(82),1.0
2026-01-04,13g00,CS2,H2-306,82,82,CH3329(82),1.0
2026-01-04,13g00,CS2,H2-401,82,82,EE3097(82),1.0
2026-01-04,13g00,CS2,H2-406,82,82,CI4131(82),1.0
2026-01-04,13g00,CS2,H6-811,79,79,EE2005(79),1.0
2026-01-04,13g00,CS2,H6-308,76,76,IM1031(76),1.0
2026-01-04,13g00,CS2,H3-301,75,75,"EE3011(35), AS3061(25), ME3003(15)",1.0
2026-01-04,13g00,CS2,H3-306,75,75,"IM3077(43), CH3329(32)",1.0
2026-01-04,13g00,CS2,H3-401,75,75,"EN3087(50), ME3003(25)",1.0
2026-01-04,13g00,CS2,H3-406,75,75,"ME2049(58), EE3011(17)",1.0
2026-01-04,13g00,CS2,H3-501,75,75,"EE1005(64), EE3011(11)",1.0
2026-01-04,13g00,CS2,H3-506,75,75,"EE3097(67), ME2049(8)",1.0
2026-01-04,13g00,CS2,H3-201,75,52,"CO3117(16), CI4131(11), EE2005(11), ME3003(8), CH3329(5), IM1031(1)",0.6933333333333334
2026-01-04,15g30,CS1,B5-GD,130,130,"CO5173(125), CH5647(5)",1.0
2026-01-04,15g30,CS1,B4-505,63,34,"CH5647(23), TR5069(11)",0.5396825396825397
